time,lat,lon,rcp26_rx5day_p10,rcp26_rx5day_p50,rcp26_rx5day_p90,rcp45_rx5day_p10,rcp45_rx5day_p50,rcp45_rx5day_p90,rcp85_rx5day_p10,rcp85_rx5day_p50,rcp85_rx5day_p90
1950-01-01,49.87,-105.71,25.08,54.68,70.03,25.08,55.06,68.46,25.08,55.07,68.46
1951-01-01,49.87,-105.71,28.45,45.09,82.65,28.26,45.09,82.66,28.30,45.09,82.66
1952-01-01,49.87,-105.71,35.24,49.04,72.12,35.39,49.64,72.12,35.35,49.59,72.12
1953-01-01,49.87,-105.71,25.61,48.50,76.34,26.00,49.44,82.63,26.00,50.04,82.63
1954-01-01,49.87,-105.71,34.43,50.60,86.72,32.53,51.00,78.31,34.43,50.17,78.31
1955-01-01,49.87,-105.71,33.34,46.13,83.02,33.34,45.69,83.02,33.34,45.63,83.02
1956-01-01,49.87,-105.71,32.46,49.30,88.04,32.85,49.30,88.28,33.91,49.30,86.47
1957-01-01,49.87,-105.71,32.01,50.78,79.72,31.84,50.60,87.48,30.59,50.60,87.48
1958-01-01,49.87,-105.71,37.71,50.11,79.05,38.36,50.11,82.81,37.71,50.11,82.60
1959-01-01,49.87,-105.71,41.36,53.13,79.97,41.36,53.47,79.97,41.36,53.82,67.51
1960-01-01,49.87,-105.71,32.98,52.90,75.60,32.32,52.91,75.60,32.39,52.40,75.09
1961-01-01,49.87,-105.71,34.81,48.88,76.32,34.29,49.20,73.66,34.28,48.54,71.43
1962-01-01,49.87,-105.71,30.64,44.26,109.83,30.81,44.26,100.90,30.81,44.26,106.99
1963-01-01,49.87,-105.71,34.94,56.15,84.01,35.14,56.15,85.21,35.14,56.15,84.60
1964-01-01,49.87,-105.71,32.69,48.16,65.37,33.14,49.91,63.77,32.92,49.77,63.61
1965-01-01,49.87,-105.71,37.15,53.75,73.51,37.65,53.75,74.36,42.48,53.75,74.36
1966-01-01,49.87,-105.71,32.38,53.26,84.91,31.75,53.88,84.91,31.75,53.92,84.91
1967-01-01,49.87,-105.71,34.64,45.34,78.01,33.36,42.91,78.01,33.36,42.61,78.01
1968-01-01,49.87,-105.71,31.16,49.77,76.90,32.06,49.77,75.90,31.69,51.07,75.90
1969-01-01,49.87,-105.71,31.85,47.84,70.93,31.85,48.22,70.93,31.99,48.17,70.93
1970-01-01,49.87,-105.71,37.27,52.21,80.44,37.46,52.21,74.98,37.21,52.21,76.92
1971-01-01,49.87,-105.71,31.75,53.90,77.51,32.64,53.90,77.36,32.17,53.90,77.36
1972-01-01,49.87,-105.71,34.79,45.26,77.97,34.79,44.69,77.91,34.79,43.19,77.91
1973-01-01,49.87,-105.71,34.97,47.88,71.57,34.07,47.88,73.89,34.13,47.88,73.89
1974-01-01,49.87,-105.71,34.62,49.60,78.72,34.33,49.60,78.72,35.26,49.60,76.99
1975-01-01,49.87,-105.71,33.33,47.46,65.60,33.73,47.33,64.47,33.58,49.59,66.88
1976-01-01,49.87,-105.71,32.94,49.46,70.97,33.14,49.58,70.69,31.97,47.74,70.86
1977-01-01,49.87,-105.71,34.31,45.11,77.47,34.31,43.75,66.53,34.31,43.95,66.53
1978-01-01,49.87,-105.71,33.75,51.38,89.03,27.16,45.68,87.79,27.16,45.69,84.03
1979-01-01,49.87,-105.71,28.82,43.05,75.87,29.22,42.58,69.98,29.13,42.09,69.98
1980-01-01,49.87,-105.71,29.54,46.98,73.25,28.85,49.29,75.33,29.13,49.13,73.14
1981-01-01,49.87,-105.71,29.49,48.31,69.89,30.01,48.40,66.83,29.88,48.55,67.35
1982-01-01,49.87,-105.71,40.29,56.46,88.73,42.31,56.15,89.93,40.55,55.16,89.60
1983-01-01,49.87,-105.71,28.74,47.39,69.73,31.51,48.91,69.81,31.39,46.88,70.15
1984-01-01,49.87,-105.71,33.13,47.64,69.58,33.10,47.62,68.98,32.90,48.94,69.64
1985-01-01,49.87,-105.71,35.35,49.26,77.31,34.52,48.85,77.57,35.48,48.46,77.65
1986-01-01,49.87,-105.71,30.28,49.53,79.24,30.12,49.13,81.17,30.23,51.70,81.12
1987-01-01,49.87,-105.71,28.10,44.96,71.10,28.15,44.97,70.49,27.95,44.96,70.15
1988-01-01,49.87,-105.71,28.91,52.75,90.97,28.85,51.36,89.55,24.78,51.47,90.15
1989-01-01,49.87,-105.71,29.82,50.41,67.32,29.37,50.38,68.91,29.61,51.31,67.01
1990-01-01,49.87,-105.71,35.37,50.93,78.38,35.99,50.95,78.28,35.81,55.77,78.93
1991-01-01,49.87,-105.71,29.23,48.32,67.78,32.06,48.51,67.47,31.73,47.88,68.04
1992-01-01,49.87,-105.71,38.81,51.50,82.76,39.05,50.12,81.40,39.02,50.97,75.71
1993-01-01,49.87,-105.71,31.75,46.11,74.10,31.55,47.02,73.20,32.52,49.76,74.06
1994-01-01,49.87,-105.71,31.79,54.44,70.67,32.86,55.10,67.87,30.27,54.16,70.18
1995-01-01,49.87,-105.71,30.88,52.03,75.09,31.34,52.37,73.33,34.68,49.44,73.05
1996-01-01,49.87,-105.71,38.58,51.31,72.74,40.96,51.62,72.95,41.45,50.27,74.72
1997-01-01,49.87,-105.71,34.93,50.76,79.29,33.64,49.85,80.50,33.11,50.29,80.11
1998-01-01,49.87,-105.71,32.10,49.58,76.20,31.85,49.22,75.92,32.05,50.54,76.26
1999-01-01,49.87,-105.71,32.52,49.16,72.69,32.02,49.89,71.07,31.98,48.18,70.66
2000-01-01,49.87,-105.71,30.15,41.44,71.49,30.23,40.88,72.90,29.58,41.78,72.33
2001-01-01,49.87,-105.71,25.82,50.25,81.58,25.96,47.41,80.22,25.96,47.45,82.22
2002-01-01,49.87,-105.71,32.58,46.67,75.50,32.13,46.18,71.30,31.25,46.15,71.26
2003-01-01,49.87,-105.71,31.37,48.66,65.55,31.25,45.95,66.65,30.62,47.35,68.62
2004-01-01,49.87,-105.71,30.70,52.31,83.93,30.37,51.32,82.89,30.28,52.38,83.86
2005-01-01,49.87,-105.71,35.34,59.63,88.57,34.80,59.47,88.52,34.33,59.84,88.91
2006-01-01,49.87,-105.71,31.93,52.99,87.04,26.97,45.10,68.79,31.28,50.31,66.53
2007-01-01,49.87,-105.71,29.36,57.25,76.12,34.44,48.61,70.53,37.92,54.15,88.91
2008-01-01,49.87,-105.71,30.19,56.37,85.53,34.07,52.94,83.99,26.28,48.60,81.96
2009-01-01,49.87,-105.71,34.94,51.45,76.04,29.48,51.67,83.73,29.70,46.34,82.65
2010-01-01,49.87,-105.71,41.00,60.67,90.98,36.68,51.89,81.27,36.21,52.27,108.97
2011-01-01,49.87,-105.71,34.69,51.67,83.45,31.70,55.58,69.94,33.21,61.90,87.28
2012-01-01,49.87,-105.71,35.87,46.86,72.78,32.77,51.45,82.42,33.78,49.29,90.35
2013-01-01,49.87,-105.71,36.72,51.80,66.97,39.39,52.17,92.93,31.29,53.21,74.23
2014-01-01,49.87,-105.71,33.94,51.96,74.31,36.31,55.64,80.04,34.08,52.01,83.51
2015-01-01,49.87,-105.71,37.16,54.08,67.24,33.82,50.97,79.60,36.87,51.15,75.42
2016-01-01,49.87,-105.71,39.32,56.12,90.96,32.53,55.21,79.06,42.31,58.26,72.98
2017-01-01,49.87,-105.71,39.12,52.03,86.21,32.68,49.50,93.58,35.17,50.12,92.02
2018-01-01,49.87,-105.71,35.43,53.39,83.01,28.19,53.36,72.61,33.56,50.73,87.36
2019-01-01,49.87,-105.71,28.44,48.17,83.80,30.09,50.27,72.74,33.97,47.52,77.53
2020-01-01,49.87,-105.71,30.39,52.31,72.86,36.94,54.74,86.15,29.85,41.61,76.26
2021-01-01,49.87,-105.71,26.67,58.05,82.95,36.60,54.53,110.36,35.11,49.95,74.26
2022-01-01,49.87,-105.71,33.13,46.52,68.94,37.47,49.81,121.70,30.97,46.29,72.58
2023-01-01,49.87,-105.71,37.63,62.67,83.44,36.37,56.53,104.15,29.31,49.61,79.54
2024-01-01,49.87,-105.71,29.87,46.39,70.86,27.66,49.44,67.59,35.92,59.48,86.61
2025-01-01,49.87,-105.71,36.94,49.59,70.46,31.29,56.94,96.47,34.71,53.36,75.72
2026-01-01,49.87,-105.71,34.33,53.42,69.29,30.80,46.72,89.47,37.53,48.04,86.48
2027-01-01,49.87,-105.71,33.72,58.41,87.41,31.16,46.64,75.25,32.75,47.17,70.61
2028-01-01,49.87,-105.71,34.83,52.74,86.44,32.15,48.50,68.96,33.97,52.16,73.00
2029-01-01,49.87,-105.71,32.04,48.22,70.23,29.72,55.58,73.18,30.22,48.42,83.61
2030-01-01,49.87,-105.71,39.71,48.77,69.58,33.67,46.26,73.17,33.51,47.63,85.19
2031-01-01,49.87,-105.71,28.97,51.05,90.52,32.16,56.15,90.46,35.36,51.84,73.12
2032-01-01,49.87,-105.71,31.83,54.30,92.82,44.65,59.08,105.73,36.62,58.22,80.87
2033-01-01,49.87,-105.71,38.43,55.23,90.37,35.24,53.68,72.54,28.50,53.03,80.26
2034-01-01,49.87,-105.71,46.34,56.19,78.06,36.63,48.41,81.18,39.85,71.25,81.86
2035-01-01,49.87,-105.71,33.89,47.72,64.67,34.04,55.15,77.46,32.82,48.60,83.64
2036-01-01,49.87,-105.71,31.14,54.30,89.63,37.05,50.73,87.92,40.66,55.09,83.68
2037-01-01,49.87,-105.71,33.84,52.45,82.53,41.67,52.43,76.09,40.42,53.64,102.25
2038-01-01,49.87,-105.71,31.31,50.19,89.34,31.46,60.09,94.58,36.83,57.47,79.74
2039-01-01,49.87,-105.71,43.70,52.03,83.52,28.10,45.87,102.39,34.45,50.67,68.97
2040-01-01,49.87,-105.71,41.37,56.27,100.33,31.18,60.64,87.87,34.12,52.22,83.87
2041-01-01,49.87,-105.71,31.70,51.28,89.63,41.43,57.66,78.70,35.82,46.22,78.75
2042-01-01,49.87,-105.71,33.56,54.50,79.48,35.11,50.94,103.72,38.20,57.17,86.27
2043-01-01,49.87,-105.71,35.57,59.19,98.19,32.73,55.12,84.22,36.71,48.21,79.81
2044-01-01,49.87,-105.71,31.76,46.82,72.07,34.28,50.79,84.64,51.73,59.30,90.25
2045-01-01,49.87,-105.71,26.25,47.44,78.14,31.41,47.78,77.79,38.82,53.29,87.51
2046-01-01,49.87,-105.71,32.78,51.48,94.86,27.05,37.40,78.82,30.59,48.41,76.34
2047-01-01,49.87,-105.71,34.24,50.34,68.61,32.46,50.00,64.89,33.78,52.50,75.04
2048-01-01,49.87,-105.71,31.51,53.27,75.47,32.40,51.50,93.15,31.26,48.31,95.98
2049-01-01,49.87,-105.71,30.56,48.91,65.45,36.17,57.67,78.30,31.46,46.93,80.06
2050-01-01,49.87,-105.71,35.14,50.78,71.09,26.22,47.19,85.64,31.24,58.31,131.39
2051-01-01,49.87,-105.71,29.56,48.00,98.89,32.45,50.60,74.83,36.05,53.96,91.24
2052-01-01,49.87,-105.71,38.57,57.53,101.68,29.42,59.48,92.28,24.11,44.56,81.47
2053-01-01,49.87,-105.71,35.85,58.95,83.44,34.10,54.27,73.58,37.44,63.30,77.89
2054-01-01,49.87,-105.71,28.56,46.67,81.57,36.30,53.16,76.35,28.48,56.56,80.41
2055-01-01,49.87,-105.71,39.62,58.28,92.27,38.49,48.87,75.68,43.77,62.01,81.12
2056-01-01,49.87,-105.71,35.22,52.03,90.13,37.73,61.39,87.81,30.14,50.34,90.64
2057-01-01,49.87,-105.71,45.06,60.58,89.75,31.88,48.37,92.30,28.26,58.03,92.25
2058-01-01,49.87,-105.71,31.19,48.83,69.71,29.03,54.06,69.55,32.31,57.98,78.12
2059-01-01,49.87,-105.71,36.08,47.34,76.20,25.50,54.25,81.44,32.18,56.75,71.18
2060-01-01,49.87,-105.71,32.00,55.59,87.32,40.34,57.37,80.64,38.40,55.49,81.74
2061-01-01,49.87,-105.71,41.64,59.31,87.50,33.29,55.15,93.27,34.48,55.76,83.26
2062-01-01,49.87,-105.71,32.39,49.34,78.59,29.50,43.21,72.99,33.56,56.25,81.12
2063-01-01,49.87,-105.71,37.13,53.94,107.59,29.59,59.49,93.45,38.31,58.28,83.34
2064-01-01,49.87,-105.71,35.96,46.42,71.96,35.02,59.59,86.52,36.06,55.80,84.13
2065-01-01,49.87,-105.71,35.52,56.54,75.68,36.88,56.37,85.83,29.69,44.89,82.27
2066-01-01,49.87,-105.71,40.19,50.47,93.54,41.76,52.07,77.45,37.46,49.40,81.81
2067-01-01,49.87,-105.71,34.85,59.10,92.35,31.85,52.24,85.14,29.49,53.38,97.07
2068-01-01,49.87,-105.71,32.64,54.93,93.31,34.94,62.82,97.12,31.22,54.94,74.29
2069-01-01,49.87,-105.71,32.38,51.37,78.27,32.64,54.10,70.71,40.75,68.25,97.42
2070-01-01,49.87,-105.71,34.72,52.41,80.60,33.84,52.36,83.18,30.52,62.87,98.59
2071-01-01,49.87,-105.71,34.08,55.58,92.29,36.40,49.51,84.19,39.97,51.84,74.52
2072-01-01,49.87,-105.71,31.05,55.61,81.24,37.54,59.19,84.63,32.82,51.17,88.14
2073-01-01,49.87,-105.71,34.11,52.97,77.12,35.74,45.87,93.47,30.97,50.07,65.65
2074-01-01,49.87,-105.71,40.33,52.15,94.68,33.92,43.40,65.01,36.38,52.47,81.22
2075-01-01,49.87,-105.71,30.34,50.85,87.09,36.81,48.74,80.15,35.49,64.48,97.50
2076-01-01,49.87,-105.71,33.60,52.25,70.13,31.37,53.65,88.55,38.49,57.56,103.26
2077-01-01,49.87,-105.71,31.99,50.84,84.10,27.39,43.95,93.20,37.60,53.81,116.22
2078-01-01,49.87,-105.71,40.87,51.56,86.28,35.45,53.97,88.46,34.55,55.61,99.78
2079-01-01,49.87,-105.71,33.80,54.28,83.93,31.87,51.28,81.22,33.39,47.64,98.85
2080-01-01,49.87,-105.71,37.15,53.46,61.31,34.00,55.39,78.00,33.51,52.57,83.77
2081-01-01,49.87,-105.71,35.98,53.02,98.02,36.98,56.23,92.98,35.95,58.96,77.72
2082-01-01,49.87,-105.71,35.80,54.83,90.99,29.20,53.35,71.24,30.62,54.58,79.69
2083-01-01,49.87,-105.71,30.94,50.05,69.57,28.72,56.80,80.17,34.79,58.12,101.82
2084-01-01,49.87,-105.71,40.36,53.91,87.56,30.01,46.64,72.43,35.28,58.58,96.65
2085-01-01,49.87,-105.71,31.58,56.40,94.66,40.37,52.72,87.62,34.80,51.34,74.85
2086-01-01,49.87,-105.71,27.56,58.73,80.77,33.23,57.01,105.13,38.23,59.81,77.09
2087-01-01,49.87,-105.71,35.79,45.14,66.84,34.74,56.84,95.95,29.60,56.93,100.78
2088-01-01,49.87,-105.71,37.10,63.03,89.87,36.42,48.29,70.54,35.20,58.30,84.79
2089-01-01,49.87,-105.71,32.85,51.12,72.58,36.91,54.44,86.86,39.72,58.50,96.36
2090-01-01,49.87,-105.71,38.49,58.46,82.68,37.87,60.46,103.30,28.69,49.48,83.33
2091-01-01,49.87,-105.71,37.53,56.38,89.04,31.51,59.33,101.90,33.59,49.85,72.11
2092-01-01,49.87,-105.71,32.53,51.65,80.55,29.51,45.89,84.39,33.81,50.64,113.56
2093-01-01,49.87,-105.71,33.98,50.69,68.92,33.00,49.76,85.29,41.25,57.47,76.25
2094-01-01,49.87,-105.71,27.19,48.90,109.30,29.04,46.46,77.27,38.88,54.76,107.47
2095-01-01,49.87,-105.71,36.83,49.07,94.82,23.21,51.25,79.87,47.10,66.63,92.49
2096-01-01,49.87,-105.71,32.57,52.50,79.91,38.42,49.19,80.20,36.48,58.14,115.06
2097-01-01,49.87,-105.71,34.82,55.03,86.35,35.60,53.67,68.44,29.27,48.33,80.87
2098-01-01,49.87,-105.71,37.70,48.83,99.05,38.81,55.22,86.89,29.16,50.20,95.00
2099-01-01,49.87,-105.71,32.18,58.40,98.66,39.05,52.48,70.91,41.78,55.28,91.64
2100-01-01,49.87,-105.71,36.43,51.01,77.59,36.65,49.10,69.69,33.55,51.27,90.19
1950-01-01,49.96,-103.63,29.97,47.70,72.69,29.97,48.43,72.93,29.97,48.86,72.69
1951-01-01,49.96,-103.63,28.94,44.75,96.70,28.62,44.75,96.53,29.08,44.75,96.71
1952-01-01,49.96,-103.63,34.42,49.83,84.73,35.16,50.15,84.84,35.89,50.15,84.99
1953-01-01,49.96,-103.63,26.82,52.96,87.72,27.19,53.80,86.69,27.18,53.80,89.27
1954-01-01,49.96,-103.63,31.19,55.80,96.08,31.05,56.11,91.40,30.85,55.52,91.40
1955-01-01,49.96,-103.63,30.04,42.52,106.13,31.33,43.02,106.13,31.33,43.00,106.13
1956-01-01,49.96,-103.63,35.81,54.18,86.90,37.39,54.14,86.90,37.39,54.14,86.90
1957-01-01,49.96,-103.63,32.03,52.45,88.56,32.03,49.82,89.55,28.83,50.21,91.90
1958-01-01,49.96,-103.63,36.67,50.84,95.43,36.67,50.84,92.73,36.67,48.22,92.73
1959-01-01,49.96,-103.63,38.94,56.65,74.42,38.94,55.99,73.28,38.94,55.66,70.90
1960-01-01,49.96,-103.63,36.28,51.70,86.06,35.58,51.70,89.18,35.58,51.70,88.01
1961-01-01,49.96,-103.63,38.26,46.63,65.99,38.26,47.09,66.09,38.18,47.79,64.04
1962-01-01,49.96,-103.63,31.46,45.15,89.06,31.46,45.09,90.63,32.50,45.78,90.64
1963-01-01,49.96,-103.63,27.46,51.37,82.54,27.68,52.22,83.92,27.68,51.34,76.64
1964-01-01,49.96,-103.63,32.53,50.98,70.72,32.53,51.32,70.72,32.32,50.04,70.72
1965-01-01,49.96,-103.63,36.05,49.86,66.59,36.41,49.73,68.46,36.79,50.51,68.50
1966-01-01,49.96,-103.63,38.45,50.49,88.58,37.43,50.49,88.71,37.43,51.95,88.71
1967-01-01,49.96,-103.63,32.02,46.81,71.41,32.38,47.85,71.03,30.16,46.95,71.03
1968-01-01,49.96,-103.63,32.43,51.16,85.76,33.93,51.16,83.14,33.84,51.16,83.14
1969-01-01,49.96,-103.63,35.35,43.23,73.93,35.35,43.23,74.87,35.35,46.06,74.44
1970-01-01,49.96,-103.63,38.00,50.01,61.89,38.00,50.01,61.33,38.42,50.01,61.30
1971-01-01,49.96,-103.63,34.14,54.75,79.95,34.14,54.75,79.24,32.81,55.29,79.24
1972-01-01,49.96,-103.63,31.87,42.17,62.28,31.61,42.61,62.28,32.54,43.46,62.28
1973-01-01,49.96,-103.63,33.82,50.60,85.82,33.82,50.23,84.50,33.82,50.37,84.50
1974-01-01,49.96,-103.63,35.53,47.11,74.30,35.52,49.29,70.74,35.52,49.70,70.11
1975-01-01,49.96,-103.63,32.31,47.68,68.22,32.15,48.48,68.22,32.15,51.68,68.23
1976-01-01,49.96,-103.63,31.18,47.63,70.33,31.40,47.49,66.33,31.30,45.52,66.65
1977-01-01,49.96,-103.63,35.41,51.53,69.23,32.72,45.27,64.75,32.68,44.35,64.75
1978-01-01,49.96,-103.63,28.92,53.70,81.47,26.17,47.13,81.01,26.17,50.23,80.59
1979-01-01,49.96,-103.63,27.36,47.65,88.67,27.35,45.75,66.57,27.35,43.59,66.57
1980-01-01,49.96,-103.63,35.24,50.20,76.93,33.36,53.53,77.64,35.14,49.91,77.31
1981-01-01,49.96,-103.63,30.18,41.53,71.51,29.84,43.08,71.38,30.90,42.24,75.62
1982-01-01,49.96,-103.63,41.47,59.60,87.02,38.23,56.84,86.83,38.97,54.26,87.71
1983-01-01,49.96,-103.63,32.08,46.33,64.27,30.60,45.69,64.68,30.57,46.23,63.89
1984-01-01,49.96,-103.63,30.14,47.66,82.30,31.09,45.74,82.16,30.78,46.99,81.04
1985-01-01,49.96,-103.63,33.75,53.13,71.11,34.35,51.26,71.07,34.66,51.94,71.87
1986-01-01,49.96,-103.63,33.07,54.32,92.71,33.43,54.39,96.34,33.44,56.59,96.45
1987-01-01,49.96,-103.63,31.97,51.62,73.49,32.73,51.79,72.56,31.26,48.49,72.04
1988-01-01,49.96,-103.63,34.66,50.49,85.51,35.39,48.23,84.39,34.59,46.11,84.27
1989-01-01,49.96,-103.63,35.28,58.00,69.73,34.58,58.91,69.63,34.60,59.52,71.79
1990-01-01,49.96,-103.63,33.69,51.13,73.60,34.65,52.28,73.75,35.71,51.54,80.37
1991-01-01,49.96,-103.63,32.21,47.23,68.30,32.75,47.55,64.18,31.43,46.80,64.48
1992-01-01,49.96,-103.63,34.69,48.53,61.43,36.18,47.78,61.27,34.28,49.68,72.38
1993-01-01,49.96,-103.63,39.51,54.01,74.67,39.62,55.30,73.42,38.96,55.60,74.90
1994-01-01,49.96,-103.63,27.33,47.82,69.99,27.37,48.65,70.74,27.30,49.40,70.97
1995-01-01,49.96,-103.63,33.33,51.90,82.62,33.14,52.06,81.77,33.42,49.71,80.35
1996-01-01,49.96,-103.63,42.01,56.92,73.74,43.10,56.63,77.25,40.11,53.09,75.54
1997-01-01,49.96,-103.63,35.97,49.51,74.47,34.37,49.85,67.51,36.04,51.95,75.91
1998-01-01,49.96,-103.63,34.44,55.32,92.40,34.80,54.79,92.58,32.50,51.87,86.83
1999-01-01,49.96,-103.63,33.25,49.73,71.48,32.82,49.38,71.76,33.56,48.94,70.99
2000-01-01,49.96,-103.63,27.71,42.57,72.96,27.86,42.18,74.78,27.72,42.34,74.43
2001-01-01,49.96,-103.63,34.14,52.92,70.50,34.05,52.62,76.08,34.12,51.32,73.51
2002-01-01,49.96,-103.63,38.99,52.50,80.21,39.15,50.93,78.99,39.02,50.82,77.50
2003-01-01,49.96,-103.63,34.83,43.96,77.44,34.29,44.23,78.47,34.72,44.15,77.54
2004-01-01,49.96,-103.63,34.07,59.19,80.81,34.42,59.77,79.89,34.84,57.42,80.30
2005-01-01,49.96,-103.63,33.91,60.67,102.65,35.74,60.61,104.59,35.63,58.94,103.15
2006-01-01,49.96,-103.63,35.28,53.13,80.23,28.78,42.23,59.32,33.36,47.10,82.68
2007-01-01,49.96,-103.63,30.54,52.92,80.66,37.58,50.23,82.46,40.61,59.59,90.49
2008-01-01,49.96,-103.63,27.60,54.20,75.88,36.55,56.38,95.37,35.19,47.32,82.53
2009-01-01,49.96,-103.63,32.79,54.22,84.57,34.01,56.34,88.60,39.81,49.64,78.02
2010-01-01,49.96,-103.63,50.55,69.22,91.36,39.49,49.57,74.59,38.50,49.81,81.34
2011-01-01,49.96,-103.63,33.89,48.74,82.95,33.86,50.18,79.64,36.53,52.67,95.42
2012-01-01,49.96,-103.63,30.33,47.03,77.99,33.49,51.79,84.15,36.61,53.47,80.79
2013-01-01,49.96,-103.63,35.00,49.60,66.60,35.41,56.35,90.04,35.11,56.97,79.28
2014-01-01,49.96,-103.63,43.12,59.05,87.94,42.42,59.26,87.95,39.02,52.15,85.24
2015-01-01,49.96,-103.63,37.83,45.04,85.68,34.82,51.56,71.33,32.92,51.79,79.61
2016-01-01,49.96,-103.63,38.53,52.03,79.62,39.69,54.27,71.24,36.28,56.26,69.79
2017-01-01,49.96,-103.63,34.37,54.85,93.87,31.71,49.59,79.87,30.02,54.83,99.73
2018-01-01,49.96,-103.63,35.25,56.75,86.97,35.07,51.51,75.28,35.06,52.25,76.62
2019-01-01,49.96,-103.63,28.99,49.12,81.66,33.30,54.13,72.50,30.26,47.39,71.47
2020-01-01,49.96,-103.63,32.01,56.02,84.75,32.28,53.56,74.44,31.59,43.79,84.83
2021-01-01,49.96,-103.63,34.19,62.26,88.95,39.12,57.73,88.96,34.32,57.18,85.75
2022-01-01,49.96,-103.63,32.56,45.36,88.93,34.21,52.29,118.78,31.59,51.81,76.55
2023-01-01,49.96,-103.63,36.28,59.22,81.81,31.19,55.15,114.85,33.42,47.19,80.94
2024-01-01,49.96,-103.63,30.62,43.85,75.77,35.45,49.62,74.87,36.31,55.91,84.80
2025-01-01,49.96,-103.63,34.74,57.86,88.45,30.67,54.00,109.49,34.80,51.62,72.81
2026-01-01,49.96,-103.63,33.50,52.52,79.24,34.27,46.04,87.63,30.15,48.83,71.14
2027-01-01,49.96,-103.63,37.37,64.68,99.00,30.76,52.64,81.88,35.61,44.44,70.74
2028-01-01,49.96,-103.63,30.84,53.25,91.41,38.38,49.77,63.47,39.44,46.03,75.35
2029-01-01,49.96,-103.63,32.87,41.63,63.67,33.81,54.38,84.55,39.89,50.50,110.17
2030-01-01,49.96,-103.63,38.93,46.98,66.29,30.61,48.77,72.52,31.60,46.70,79.95
2031-01-01,49.96,-103.63,31.10,56.18,84.77,35.98,54.13,71.81,34.44,50.44,82.81
2032-01-01,49.96,-103.63,33.11,50.32,88.08,34.39,61.33,110.98,35.80,50.03,65.89
2033-01-01,49.96,-103.63,33.16,54.15,86.22,40.14,58.62,73.90,38.14,51.06,85.79
2034-01-01,49.96,-103.63,43.47,59.68,84.57,33.79,50.45,75.34,38.57,58.06,81.95
2035-01-01,49.96,-103.63,34.03,49.15,79.35,38.02,53.54,76.44,37.07,50.97,78.15
2036-01-01,49.96,-103.63,34.84,52.62,89.40,40.32,53.60,78.12,42.94,57.95,115.58
2037-01-01,49.96,-103.63,33.47,54.83,76.16,39.77,55.08,79.13,38.28,55.53,90.76
2038-01-01,49.96,-103.63,32.18,54.11,93.77,32.72,66.22,95.56,38.93,60.35,93.60
2039-01-01,49.96,-103.63,33.45,55.75,90.24,32.60,53.37,105.25,36.98,52.06,97.61
2040-01-01,49.96,-103.63,40.27,59.24,83.16,34.15,58.58,94.48,31.01,53.73,76.08
2041-01-01,49.96,-103.63,30.23,56.13,87.47,38.62,56.16,79.41,37.14,48.07,71.66
2042-01-01,49.96,-103.63,36.10,50.98,83.25,35.44,57.57,95.56,41.63,60.89,85.51
2043-01-01,49.96,-103.63,41.85,65.22,99.21,32.55,52.50,87.52,40.27,54.71,78.53
2044-01-01,49.96,-103.63,36.43,48.16,79.99,38.03,52.07,97.76,36.58,55.96,118.78
2045-01-01,49.96,-103.63,39.26,49.59,71.73,36.24,50.14,71.94,36.19,51.84,103.08
2046-01-01,49.96,-103.63,33.87,54.03,84.73,31.57,42.69,71.11,31.44,53.35,81.05
2047-01-01,49.96,-103.63,34.18,48.22,69.63,32.26,53.96,89.93,37.14,49.82,88.80
2048-01-01,49.96,-103.63,36.05,57.85,76.36,32.21,50.07,88.71,30.86,52.39,81.43
2049-01-01,49.96,-103.63,33.05,49.82,83.38,31.51,46.34,86.36,34.94,46.83,80.43
2050-01-01,49.96,-103.63,27.94,51.45,76.86,33.20,47.01,82.67,34.86,53.89,108.35
2051-01-01,49.96,-103.63,39.58,55.74,93.75,34.29,55.23,70.99,36.82,53.82,108.43
2052-01-01,49.96,-103.63,36.20,61.16,84.73,28.80,50.09,77.60,24.23,43.35,78.01
2053-01-01,49.96,-103.63,42.87,53.78,84.75,38.41,50.20,84.04,41.87,58.16,71.81
2054-01-01,49.96,-103.63,32.07,45.73,94.63,32.80,51.45,79.13,35.45,58.39,92.63
2055-01-01,49.96,-103.63,39.97,51.70,83.45,40.59,51.18,80.50,38.70,64.26,84.20
2056-01-01,49.96,-103.63,34.24,49.08,75.49,35.14,58.97,105.00,34.99,52.14,87.08
2057-01-01,49.96,-103.63,41.03,58.14,80.56,31.52,51.25,79.97,37.09,59.43,90.45
2058-01-01,49.96,-103.63,29.49,51.45,79.14,34.78,49.53,78.85,30.21,59.96,76.13
2059-01-01,49.96,-103.63,29.03,53.75,91.01,29.07,52.19,82.47,33.16,51.09,77.15
2060-01-01,49.96,-103.63,36.07,60.61,97.81,33.23,54.77,75.15,35.42,51.17,86.14
2061-01-01,49.96,-103.63,35.19,52.43,89.18,40.55,55.10,96.73,39.36,50.52,69.96
2062-01-01,49.96,-103.63,33.72,58.86,99.21,32.62,47.94,76.61,34.64,60.17,83.48
2063-01-01,49.96,-103.63,37.80,56.65,106.07,35.18,59.19,93.01,46.85,63.70,84.48
2064-01-01,49.96,-103.63,31.29,54.11,75.48,37.83,61.52,88.36,42.10,54.64,84.38
2065-01-01,49.96,-103.63,40.42,61.35,97.83,37.06,61.61,104.73,31.16,51.48,87.22
2066-01-01,49.96,-103.63,37.57,51.40,82.54,36.46,59.38,80.48,37.40,59.86,82.16
2067-01-01,49.96,-103.63,41.26,61.97,93.98,34.15,66.79,100.66,28.31,63.04,98.19
2068-01-01,49.96,-103.63,35.58,52.37,76.40,35.77,70.22,103.15,34.00,47.44,78.40
2069-01-01,49.96,-103.63,33.21,52.78,77.37,31.74,49.67,87.44,36.70,55.52,83.22
2070-01-01,49.96,-103.63,38.51,53.88,80.15,36.21,54.32,111.25,29.09,58.46,100.92
2071-01-01,49.96,-103.63,33.63,56.01,101.64,32.93,51.48,76.82,38.07,53.14,71.90
2072-01-01,49.96,-103.63,36.60,51.14,74.03,43.22,66.80,113.13,28.06,49.02,83.63
2073-01-01,49.96,-103.63,37.35,59.22,85.49,38.40,52.27,89.49,29.95,51.75,69.68
2074-01-01,49.96,-103.63,34.06,57.53,84.21,31.33,42.66,59.59,36.71,51.72,85.44
2075-01-01,49.96,-103.63,39.66,50.50,69.67,38.02,54.68,85.22,37.71,66.75,104.39
2076-01-01,49.96,-103.63,35.11,49.79,72.05,36.87,55.05,78.24,35.80,61.04,78.99
2077-01-01,49.96,-103.63,39.68,55.19,73.90,31.68,48.08,68.65,37.17,60.45,100.80
2078-01-01,49.96,-103.63,41.51,52.19,90.59,32.91,48.71,97.72,37.29,54.24,124.62
2079-01-01,49.96,-103.63,37.59,58.55,86.19,34.44,50.14,70.04,33.59,48.38,93.17
2080-01-01,49.96,-103.63,36.77,50.56,73.70,35.38,59.33,91.94,40.23,61.04,71.00
2081-01-01,49.96,-103.63,33.24,54.08,86.52,36.44,61.43,87.85,36.46,61.80,109.69
2082-01-01,49.96,-103.63,39.24,59.14,105.86,27.28,49.68,91.33,36.56,59.22,74.30
2083-01-01,49.96,-103.63,36.20,54.88,77.34,30.04,50.32,80.65,44.62,63.22,97.91
2084-01-01,49.96,-103.63,36.15,51.53,90.19,29.36,51.70,91.92,40.84,63.34,107.71
2085-01-01,49.96,-103.63,33.30,52.97,70.10,42.96,58.82,89.42,32.85,50.51,69.80
2086-01-01,49.96,-103.63,32.51,55.02,81.36,38.06,54.16,96.27,39.79,54.63,74.94
2087-01-01,49.96,-103.63,32.18,46.83,64.84,41.15,55.72,84.36,40.22,65.19,98.97
2088-01-01,49.96,-103.63,37.40,60.08,89.88,38.14,49.73,73.27,37.90,57.09,104.64
2089-01-01,49.96,-103.63,32.47,50.04,73.28,41.92,56.57,101.25,38.35,65.25,108.29
2090-01-01,49.96,-103.63,34.55,53.78,94.14,43.48,58.75,114.31,29.30,50.44,73.97
2091-01-01,49.96,-103.63,36.08,55.99,104.48,29.31,57.62,96.82,35.21,53.78,69.61
2092-01-01,49.96,-103.63,34.01,53.38,87.20,33.54,45.40,91.76,34.07,53.88,99.64
2093-01-01,49.96,-103.63,29.71,50.57,76.15,30.98,55.64,79.57,43.31,74.82,92.05
2094-01-01,49.96,-103.63,30.09,48.78,70.55,30.94,48.72,80.02,36.49,61.54,93.95
2095-01-01,49.96,-103.63,39.90,48.42,77.60,32.12,50.60,98.21,45.95,66.94,112.30
2096-01-01,49.96,-103.63,35.25,54.94,73.97,34.95,47.29,65.85,32.77,63.17,114.13
2097-01-01,49.96,-103.63,37.53,54.27,73.26,34.59,50.08,59.77,36.15,54.46,94.05
2098-01-01,49.96,-103.63,29.91,60.60,92.24,37.00,60.21,91.25,28.79,53.15,83.17
2099-01-01,49.96,-103.63,30.99,55.24,102.18,38.35,52.31,81.79,38.43,55.76,127.49
2100-01-01,49.96,-103.63,31.20,49.72,70.47,32.36,48.01,77.80,31.65,58.18,108.01
1950-01-01,50.29,-104.63,30.81,52.91,69.81,30.81,52.55,68.99,30.81,54.05,68.12
1951-01-01,50.29,-104.63,28.96,45.31,93.38,27.41,45.89,93.38,29.05,45.89,93.38
1952-01-01,50.29,-104.63,39.10,51.43,82.46,39.10,51.62,82.46,39.10,51.64,82.46
1953-01-01,50.29,-104.63,25.74,55.58,88.09,25.74,55.79,88.09,25.74,55.79,88.09
1954-01-01,50.29,-104.63,29.40,56.25,92.34,29.40,58.15,87.75,29.40,56.71,87.55
1955-01-01,50.29,-104.63,32.90,45.29,103.89,32.90,46.28,103.89,32.90,46.76,103.89
1956-01-01,50.29,-104.63,30.93,59.13,89.31,31.82,59.13,88.12,30.82,59.13,89.15
1957-01-01,50.29,-104.63,29.34,54.59,90.54,29.34,55.01,94.55,28.09,54.59,96.07
1958-01-01,50.29,-104.63,36.42,52.99,109.94,36.42,52.99,106.28,35.12,52.99,107.65
1959-01-01,50.29,-104.63,41.77,55.79,72.80,41.77,55.70,71.50,41.77,55.34,69.22
1960-01-01,50.29,-104.63,36.98,52.36,84.43,36.31,52.25,84.80,36.31,52.25,88.36
1961-01-01,50.29,-104.63,34.29,51.46,64.75,33.73,50.20,64.75,34.38,50.24,64.79
1962-01-01,50.29,-104.63,30.16,42.55,117.84,29.54,41.97,113.83,29.54,42.94,115.99
1963-01-01,50.29,-104.63,30.79,55.96,89.75,30.55,55.96,92.64,30.55,55.96,89.90
1964-01-01,50.29,-104.63,29.29,53.21,76.29,31.44,54.97,74.60,30.27,53.18,76.34
1965-01-01,50.29,-104.63,36.01,47.25,68.46,41.09,46.68,70.07,38.80,47.41,70.07
1966-01-01,50.29,-104.63,36.19,50.29,86.31,32.38,49.08,83.27,34.63,53.14,83.27
1967-01-01,50.29,-104.63,28.01,48.73,83.83,28.63,46.57,83.83,28.63,43.25,83.83
1968-01-01,50.29,-104.63,34.94,52.92,78.37,34.50,52.92,76.76,34.84,54.88,78.37
1969-01-01,50.29,-104.63,32.63,47.18,69.03,32.63,47.17,69.12,33.26,47.18,69.12
1970-01-01,50.29,-104.63,36.13,49.82,70.66,36.13,49.82,68.09,36.54,49.82,68.47
1971-01-01,50.29,-104.63,35.12,63.51,77.81,33.73,63.52,75.92,33.89,63.37,75.92
1972-01-01,50.29,-104.63,29.22,42.21,56.79,29.88,42.30,56.42,29.48,42.21,56.42
1973-01-01,50.29,-104.63,31.43,50.06,80.26,31.19,50.06,81.34,31.19,50.06,81.34
1974-01-01,50.29,-104.63,36.51,52.84,69.16,36.51,52.84,69.49,36.51,54.11,68.64
1975-01-01,50.29,-104.63,32.16,47.29,67.33,31.98,47.29,63.84,31.98,48.58,72.26
1976-01-01,50.29,-104.63,28.69,47.19,72.03,30.07,46.31,71.38,29.98,46.31,72.42
1977-01-01,50.29,-104.63,34.87,45.99,72.63,30.98,43.83,71.32,31.05,45.62,71.32
1978-01-01,50.29,-104.63,36.69,52.79,88.72,28.54,49.08,86.75,27.92,49.08,85.36
1979-01-01,50.29,-104.63,26.77,46.69,82.76,25.96,45.73,80.95,25.96,45.83,80.41
1980-01-01,50.29,-104.63,34.64,45.05,75.89,37.23,48.47,76.19,37.32,48.79,77.42
1981-01-01,50.29,-104.63,27.38,46.33,71.30,27.28,47.26,69.89,27.19,46.98,69.52
1982-01-01,50.29,-104.63,42.61,55.76,97.25,43.21,54.43,95.56,43.09,53.69,96.16
1983-01-01,50.29,-104.63,31.04,47.26,65.48,29.92,47.44,64.60,30.04,47.84,65.24
1984-01-01,50.29,-104.63,29.35,44.57,85.43,32.10,46.28,86.02,31.86,44.84,84.81
1985-01-01,50.29,-104.63,36.77,51.50,72.27,36.58,51.39,72.73,38.17,52.16,72.28
1986-01-01,50.29,-104.63,28.00,48.39,93.31,28.05,51.09,94.21,28.25,49.54,94.42
1987-01-01,50.29,-104.63,30.13,47.05,81.45,30.97,47.58,80.05,30.15,47.46,81.62
1988-01-01,50.29,-104.63,32.14,54.54,85.36,31.68,53.54,85.67,31.42,53.20,84.88
1989-01-01,50.29,-104.63,32.39,51.36,73.94,31.00,51.84,73.97,31.61,51.24,74.11
1990-01-01,50.29,-104.63,34.45,59.75,85.54,33.37,60.38,84.77,34.23,59.93,85.55
1991-01-01,50.29,-104.63,33.23,45.88,72.67,32.93,46.68,73.24,32.64,45.11,69.10
1992-01-01,50.29,-104.63,35.92,49.37,64.02,35.65,49.74,68.97,36.06,50.14,66.61
1993-01-01,50.29,-104.63,39.67,53.80,76.28,40.57,54.44,76.60,39.72,55.06,75.89
1994-01-01,50.29,-104.63,29.59,54.88,70.75,28.20,55.32,70.80,28.10,55.15,71.96
1995-01-01,50.29,-104.63,32.49,51.53,69.79,31.82,53.47,73.08,34.57,49.19,70.82
1996-01-01,50.29,-104.63,34.74,54.31,72.26,34.94,52.93,71.76,34.20,51.64,72.24
1997-01-01,50.29,-104.63,38.44,53.48,77.02,39.19,52.91,76.56,38.35,51.29,76.56
1998-01-01,50.29,-104.63,31.62,53.14,94.05,32.66,51.58,95.23,33.56,52.75,95.28
1999-01-01,50.29,-104.63,29.65,49.02,74.82,28.82,48.85,77.16,29.78,49.77,76.70
2000-01-01,50.29,-104.63,28.11,41.28,77.91,26.42,42.08,78.24,27.91,41.67,73.03
2001-01-01,50.29,-104.63,28.32,47.97,66.99,29.99,48.12,68.23,28.44,49.61,69.26
2002-01-01,50.29,-104.63,34.08,50.45,75.83,33.18,50.48,75.70,33.65,50.34,75.57
2003-01-01,50.29,-104.63,35.03,45.56,78.43,34.97,45.83,79.41,35.10,44.87,80.06
2004-01-01,50.29,-104.63,35.17,58.94,81.66,34.88,58.97,80.26,35.35,57.48,82.34
2005-01-01,50.29,-104.63,34.39,58.73,107.48,36.66,57.60,108.41,37.76,57.98,106.68
2006-01-01,50.29,-104.63,32.72,55.32,93.34,28.83,43.45,69.18,32.44,52.29,82.28
2007-01-01,50.29,-104.63,29.63,52.75,79.95,35.01,48.44,80.19,43.46,55.68,81.12
2008-01-01,50.29,-104.63,28.34,59.06,79.47,31.51,55.71,86.21,27.91,44.83,94.44
2009-01-01,50.29,-104.63,32.23,56.84,80.09,32.85,50.96,89.32,37.16,47.29,87.56
2010-01-01,50.29,-104.63,49.32,65.95,91.06,34.34,56.27,74.39,36.99,49.56,96.83
2011-01-01,50.29,-104.63,33.19,54.56,88.45,30.12,51.12,81.04,38.89,57.63,89.94
2012-01-01,50.29,-104.63,32.42,46.85,76.59,33.96,56.98,83.95,38.13,53.85,95.19
2013-01-01,50.29,-104.63,39.42,53.07,86.65,42.63,54.89,109.17,30.13,55.02,83.59
2014-01-01,50.29,-104.63,40.12,58.98,78.66,36.08,60.82,79.87,32.95,47.13,83.55
2015-01-01,50.29,-104.63,34.51,52.09,82.66,31.32,52.03,74.44,37.78,49.36,74.14
2016-01-01,50.29,-104.63,36.00,58.43,83.39,42.00,50.68,76.92,42.16,57.23,71.03
2017-01-01,50.29,-104.63,37.09,55.29,88.74,32.33,51.21,88.26,29.04,51.68,103.08
2018-01-01,50.29,-104.63,35.99,55.92,85.66,30.10,47.69,79.38,33.10,53.95,76.92
2019-01-01,50.29,-104.63,30.58,47.94,71.82,31.78,50.47,76.49,30.91,50.36,72.29
2020-01-01,50.29,-104.63,28.73,57.17,81.46,30.09,58.57,90.99,28.94,40.20,80.63
2021-01-01,50.29,-104.63,31.29,56.06,100.26,40.85,58.03,110.53,37.64,58.26,83.80
2022-01-01,50.29,-104.63,34.18,49.85,87.79,36.07,51.96,110.56,31.31,47.48,73.70
2023-01-01,50.29,-104.63,35.86,59.14,87.07,32.49,58.66,114.12,32.28,45.19,76.35
2024-01-01,50.29,-104.63,29.04,44.42,79.70,31.34,51.08,68.08,35.82,52.80,76.78
2025-01-01,50.29,-104.63,34.90,57.34,86.13,28.89,55.80,105.58,37.95,50.44,69.79
2026-01-01,50.29,-104.63,33.38,50.91,70.81,32.51,51.48,98.45,34.44,55.91,70.60
2027-01-01,50.29,-104.63,39.10,56.46,88.91,31.19,46.48,79.63,36.15,50.71,67.60
2028-01-01,50.29,-104.63,31.35,47.47,96.86,29.41,48.93,67.48,34.20,54.50,83.65
2029-01-01,50.29,-104.63,33.64,47.75,68.04,28.97,57.25,84.30,31.21,47.39,87.83
2030-01-01,50.29,-104.63,33.12,51.73,70.35,29.51,48.02,72.73,31.78,51.42,95.40
2031-01-01,50.29,-104.63,28.89,54.94,89.10,31.62,48.70,92.01,34.19,51.35,65.61
2032-01-01,50.29,-104.63,32.43,57.62,83.08,40.25,56.20,108.09,35.70,50.23,73.93
2033-01-01,50.29,-104.63,35.57,56.31,85.70,39.22,61.60,78.94,34.46,52.67,85.19
2034-01-01,50.29,-104.63,41.47,56.79,90.55,32.22,47.69,78.90,39.57,58.69,76.68
2035-01-01,50.29,-104.63,33.12,46.98,72.11,38.59,52.47,70.51,30.46,48.72,82.77
2036-01-01,50.29,-104.63,31.20,53.78,76.47,29.45,54.76,87.54,41.90,70.09,102.53
2037-01-01,50.29,-104.63,33.48,54.58,82.86,39.38,51.98,83.30,42.52,54.66,94.19
2038-01-01,50.29,-104.63,35.14,55.62,92.71,34.50,59.54,100.40,34.66,57.07,93.69
2039-01-01,50.29,-104.63,35.83,56.09,91.60,32.75,52.34,97.97,36.13,59.61,89.76
2040-01-01,50.29,-104.63,38.65,53.36,102.96,32.74,66.88,94.26,33.80,50.34,92.10
2041-01-01,50.29,-104.63,35.55,49.04,81.07,44.82,55.37,76.04,28.57,46.56,83.13
2042-01-01,50.29,-104.63,38.10,46.47,73.38,36.65,51.46,108.02,42.50,65.36,90.46
2043-01-01,50.29,-104.63,39.81,62.73,102.39,31.63,51.32,84.10,39.24,59.72,80.12
2044-01-01,50.29,-104.63,31.88,50.45,74.73,36.65,53.74,93.40,42.38,59.14,108.84
2045-01-01,50.29,-104.63,31.49,44.56,83.51,38.14,48.68,78.65,38.68,54.32,91.33
2046-01-01,50.29,-104.63,30.14,51.76,104.58,28.46,41.56,58.10,30.16,47.88,76.33
2047-01-01,50.29,-104.63,34.73,44.87,61.69,33.02,47.80,76.86,35.72,50.84,88.56
2048-01-01,50.29,-104.63,32.53,56.96,94.07,31.87,46.91,87.65,31.94,55.16,98.92
2049-01-01,50.29,-104.63,31.38,46.74,69.27,40.77,50.74,71.64,35.32,47.57,98.61
2050-01-01,50.29,-104.63,37.26,57.22,78.44,30.09,47.03,73.94,30.19,59.71,128.10
2051-01-01,50.29,-104.63,31.30,49.23,86.98,30.03,52.34,74.24,39.11,48.64,94.74
2052-01-01,50.29,-104.63,39.69,56.77,89.91,29.71,53.36,83.19,28.29,42.51,80.59
2053-01-01,50.29,-104.63,41.20,61.40,83.94,39.53,52.00,77.65,40.25,59.08,76.50
2054-01-01,50.29,-104.63,34.19,48.50,100.61,36.14,54.39,76.40,30.47,53.11,93.08
2055-01-01,50.29,-104.63,39.11,52.58,98.65,41.11,50.71,97.20,39.28,67.76,83.80
2056-01-01,50.29,-104.63,35.76,48.72,75.46,40.80,62.22,84.38,34.03,49.97,91.42
2057-01-01,50.29,-104.63,41.64,53.80,86.12,31.97,48.94,92.85,27.51,60.88,97.05
2058-01-01,50.29,-104.63,30.67,49.31,76.29,33.73,48.41,73.31,32.69,51.58,71.82
2059-01-01,50.29,-104.63,29.52,49.18,91.88,25.81,46.92,78.70,33.33,53.22,80.08
2060-01-01,50.29,-104.63,30.32,57.15,99.96,38.01,55.91,85.45,35.41,59.74,89.57
2061-01-01,50.29,-104.63,35.27,55.87,90.22,41.87,54.86,104.60,39.45,53.74,90.08
2062-01-01,50.29,-104.63,35.51,56.34,102.06,36.14,45.12,69.44,32.60,60.90,82.62
2063-01-01,50.29,-104.63,34.25,54.00,118.08,33.46,54.11,93.50,36.47,56.52,94.82
2064-01-01,50.29,-104.63,35.30,51.84,65.64,38.30,59.56,87.01,38.84,58.21,88.13
2065-01-01,50.29,-104.63,35.92,60.27,88.56,36.68,56.46,90.80,30.99,46.39,87.53
2066-01-01,50.29,-104.63,39.22,52.41,83.11,38.97,49.73,85.73,38.62,53.09,81.62
2067-01-01,50.29,-104.63,32.37,59.06,96.31,33.66,53.13,84.44,25.98,60.45,90.45
2068-01-01,50.29,-104.63,31.82,49.96,89.15,37.22,67.04,110.30,36.71,50.75,76.47
2069-01-01,50.29,-104.63,30.40,54.68,83.65,36.32,51.25,74.97,37.11,62.01,91.88
2070-01-01,50.29,-104.63,38.98,51.62,70.99,38.53,47.74,107.37,33.32,63.52,103.10
2071-01-01,50.29,-104.63,29.53,57.40,93.33,30.61,49.41,89.09,39.46,54.93,74.93
2072-01-01,50.29,-104.63,35.44,53.92,73.62,41.15,57.11,110.15,31.35,51.22,90.00
2073-01-01,50.29,-104.63,33.87,57.19,83.31,34.92,51.37,90.26,34.13,49.12,66.78
2074-01-01,50.29,-104.63,41.35,53.56,93.35,34.42,48.07,61.92,34.54,58.98,104.77
2075-01-01,50.29,-104.63,35.13,51.35,86.66,35.27,54.20,75.91,41.13,62.95,103.59
2076-01-01,50.29,-104.63,33.55,49.99,72.90,36.14,54.50,94.04,39.65,56.74,90.63
2077-01-01,50.29,-104.63,38.34,49.40,71.05,31.74,42.59,69.56,38.39,58.67,101.05
2078-01-01,50.29,-104.63,39.76,55.42,89.98,34.74,52.14,105.30,29.83,58.02,112.37
2079-01-01,50.29,-104.63,37.39,51.81,79.49,32.48,52.04,74.16,32.36,45.43,109.31
2080-01-01,50.29,-104.63,37.76,49.38,66.33,34.70,57.40,85.64,34.40,58.89,80.08
2081-01-01,50.29,-104.63,32.70,58.01,90.84,35.29,60.38,85.66,34.82,65.80,104.26
2082-01-01,50.29,-104.63,36.34,55.67,94.95,30.16,54.84,78.13,37.48,55.66,75.11
2083-01-01,50.29,-104.63,34.49,51.13,67.39,31.32,53.11,79.93,32.98,58.79,106.41
2084-01-01,50.29,-104.63,30.62,55.99,92.80,26.77,51.28,92.82,39.10,56.62,93.04
2085-01-01,50.29,-104.63,31.86,62.47,79.20,41.09,65.08,93.99,31.82,51.94,65.44
2086-01-01,50.29,-104.63,29.30,58.09,81.44,39.29,56.47,112.50,34.92,55.86,76.39
2087-01-01,50.29,-104.63,31.44,46.67,63.76,39.76,56.21,95.25,34.57,62.88,94.71
2088-01-01,50.29,-104.63,35.95,58.23,93.42,35.11,53.39,70.27,39.59,58.70,90.58
2089-01-01,50.29,-104.63,32.62,46.50,73.31,33.10,56.00,86.85,33.76,65.31,98.21
2090-01-01,50.29,-104.63,36.71,52.01,98.97,39.20,60.36,112.48,30.18,54.29,75.53
2091-01-01,50.29,-104.63,41.13,54.79,90.60,32.33,62.20,96.93,40.00,53.91,83.50
2092-01-01,50.29,-104.63,36.88,54.52,84.09,35.22,44.71,87.97,36.69,57.72,100.43
2093-01-01,50.29,-104.63,27.93,46.32,70.60,26.74,63.50,83.02,40.37,63.25,81.70
2094-01-01,50.29,-104.63,31.97,48.22,84.43,28.18,43.73,67.72,35.99,58.00,101.62
2095-01-01,50.29,-104.63,35.52,48.22,101.12,27.87,49.65,80.90,45.76,61.43,94.89
2096-01-01,50.29,-104.63,33.91,51.80,85.78,36.00,48.27,71.82,34.96,58.07,102.12
2097-01-01,50.29,-104.63,37.45,52.66,85.36,32.38,50.22,71.99,31.04,54.04,89.84
2098-01-01,50.29,-104.63,27.37,53.11,96.87,36.88,60.55,81.18,27.99,53.89,95.35
2099-01-01,50.29,-104.63,32.79,57.77,93.38,39.65,53.51,80.58,39.88,56.76,113.88
2100-01-01,50.29,-104.63,28.07,52.35,64.31,33.46,55.21,65.24,31.86,54.22,106.81
1950-01-01,50.54,-103.38,31.85,50.03,72.04,32.00,49.69,72.97,31.55,50.43,72.97
1951-01-01,50.54,-103.38,26.07,47.13,87.28,27.16,44.67,87.28,27.03,44.67,87.28
1952-01-01,50.54,-103.38,34.59,57.78,84.87,34.59,58.08,84.87,34.59,58.08,84.87
1953-01-01,50.54,-103.38,26.82,60.30,96.88,28.03,58.14,96.88,28.03,60.14,96.88
1954-01-01,50.54,-103.38,32.01,58.02,88.27,32.01,57.77,86.16,31.14,59.06,86.16
1955-01-01,50.54,-103.38,36.99,45.89,98.04,36.96,45.90,98.85,36.96,44.32,98.85
1956-01-01,50.54,-103.38,35.23,64.45,89.40,33.62,63.14,91.78,33.03,63.14,89.34
1957-01-01,50.54,-103.38,28.31,49.93,86.85,28.31,49.10,86.45,26.88,49.29,87.65
1958-01-01,50.54,-103.38,37.90,51.19,115.81,36.37,51.19,115.27,36.37,51.19,115.27
1959-01-01,50.54,-103.38,37.33,52.10,68.57,37.11,52.22,69.38,37.76,51.28,69.38
1960-01-01,50.54,-103.38,35.90,53.05,97.76,35.90,52.85,96.86,35.90,52.85,97.49
1961-01-01,50.54,-103.38,35.45,50.83,72.99,31.76,48.17,72.99,35.75,49.23,65.67
1962-01-01,50.54,-103.38,31.65,45.07,87.44,31.48,44.46,88.50,30.96,44.75,87.40
1963-01-01,50.54,-103.38,28.67,45.84,83.06,28.86,45.67,80.32,28.86,45.67,78.03
1964-01-01,50.54,-103.38,36.26,52.09,69.46,36.16,52.09,73.86,36.29,51.40,73.86
1965-01-01,50.54,-103.38,35.30,52.05,74.42,35.30,53.14,72.08,35.30,52.44,72.08
1966-01-01,50.54,-103.38,38.00,52.01,78.28,38.00,52.03,77.81,38.83,52.65,77.81
1967-01-01,50.54,-103.38,35.04,49.69,75.93,35.04,50.47,75.93,33.93,50.07,75.93
1968-01-01,50.54,-103.38,31.47,56.98,89.00,31.46,57.94,86.71,31.47,57.94,81.01
1969-01-01,50.54,-103.38,33.11,44.02,76.78,33.24,44.84,82.68,34.79,47.09,82.27
1970-01-01,50.54,-103.38,38.58,50.21,67.94,38.84,49.19,68.07,38.10,49.48,68.07
1971-01-01,50.54,-103.38,38.68,62.37,83.67,38.42,56.78,81.72,36.86,56.78,81.72
1972-01-01,50.54,-103.38,33.78,46.36,59.53,31.46,46.68,59.53,31.95,45.76,59.53
1973-01-01,50.54,-103.38,30.71,46.28,82.79,31.20,46.35,82.79,30.46,46.66,82.79
1974-01-01,50.54,-103.38,36.36,47.21,78.59,36.39,47.21,78.08,36.39,47.12,78.08
1975-01-01,50.54,-103.38,33.18,50.85,79.48,33.52,51.02,79.48,33.94,53.36,79.48
1976-01-01,50.54,-103.38,30.24,45.83,69.29,30.30,45.49,68.61,28.42,43.51,68.83
1977-01-01,50.54,-103.38,33.59,50.62,76.27,32.14,47.83,75.49,31.58,50.68,75.49
1978-01-01,50.54,-103.38,29.81,58.90,86.81,29.81,55.48,86.81,30.00,56.38,86.81
1979-01-01,50.54,-103.38,29.60,47.83,82.57,29.53,47.51,80.54,29.53,46.39,80.54
1980-01-01,50.54,-103.38,32.00,45.94,76.68,34.23,46.77,79.95,34.26,50.14,80.78
1981-01-01,50.54,-103.38,30.98,44.10,85.12,30.96,45.37,86.21,30.72,44.49,88.08
1982-01-01,50.54,-103.38,38.90,53.22,93.01,38.89,60.71,92.12,38.24,53.08,97.30
1983-01-01,50.54,-103.38,33.37,44.73,63.89,31.92,45.29,63.68,32.30,45.56,63.74
1984-01-01,50.54,-103.38,27.96,51.98,96.69,28.05,51.36,96.45,28.40,51.72,96.83
1985-01-01,50.54,-103.38,39.16,53.86,65.96,38.81,53.53,66.07,38.92,55.37,66.54
1986-01-01,50.54,-103.38,31.37,50.51,97.85,31.30,50.40,99.37,31.51,50.63,99.70
1987-01-01,50.54,-103.38,32.15,45.51,78.86,31.98,46.39,78.78,31.68,46.78,79.12
1988-01-01,50.54,-103.38,31.97,54.00,86.44,31.82,53.42,84.75,31.58,46.86,84.72
1989-01-01,50.54,-103.38,31.92,57.05,75.05,31.25,57.79,73.31,31.60,57.63,73.72
1990-01-01,50.54,-103.38,33.90,53.27,84.54,32.38,55.24,84.40,34.42,55.73,84.38
1991-01-01,50.54,-103.38,32.74,42.69,66.06,33.08,42.82,65.03,32.87,42.98,66.20
1992-01-01,50.54,-103.38,37.50,47.17,67.00,37.34,48.12,67.45,39.56,48.51,71.82
1993-01-01,50.54,-103.38,39.79,59.34,78.60,38.72,58.78,78.88,39.02,61.57,79.41
1994-01-01,50.54,-103.38,34.13,51.70,74.94,35.66,52.45,75.79,27.09,50.78,76.12
1995-01-01,50.54,-103.38,34.30,51.97,85.79,35.41,52.53,86.00,36.35,53.96,85.93
1996-01-01,50.54,-103.38,35.48,54.54,75.27,35.62,52.77,78.89,35.94,51.36,78.72
1997-01-01,50.54,-103.38,33.30,53.08,80.30,32.89,49.98,79.86,32.66,51.59,80.70
1998-01-01,50.54,-103.38,30.63,52.80,96.63,30.38,50.81,96.80,30.46,55.47,93.52
1999-01-01,50.54,-103.38,31.79,52.67,73.95,31.60,53.48,73.89,31.41,53.00,73.91
2000-01-01,50.54,-103.38,27.13,38.87,74.04,27.57,39.41,73.72,27.48,39.73,69.42
2001-01-01,50.54,-103.38,33.68,49.87,75.00,33.91,50.56,75.61,33.82,50.96,78.85
2002-01-01,50.54,-103.38,33.00,56.18,69.27,33.16,55.61,67.99,33.69,55.98,68.98
2003-01-01,50.54,-103.38,36.63,53.74,76.02,36.12,54.07,76.46,36.49,52.14,75.76
2004-01-01,50.54,-103.38,33.92,62.10,88.37,33.90,61.23,88.96,33.91,58.31,89.63
2005-01-01,50.54,-103.38,36.14,57.45,108.90,35.92,57.20,108.73,35.47,57.27,109.23
2006-01-01,50.54,-103.38,34.23,57.45,91.48,29.86,43.13,65.40,34.28,58.36,90.10
2007-01-01,50.54,-103.38,29.93,51.36,84.64,38.42,49.05,95.97,42.64,57.83,96.65
2008-01-01,50.54,-103.38,33.14,58.70,74.23,31.07,51.92,90.06,32.13,45.38,94.48
2009-01-01,50.54,-103.38,35.22,55.55,85.09,37.03,52.78,85.19,36.24,52.78,78.62
2010-01-01,50.54,-103.38,48.91,68.79,89.52,40.10,55.64,75.90,34.28,52.62,75.63
2011-01-01,50.54,-103.38,37.17,49.09,80.75,37.67,56.92,94.44,42.60,51.64,113.69
2012-01-01,50.54,-103.38,30.64,47.15,74.46,33.35,54.81,78.73,40.69,56.33,83.86
2013-01-01,50.54,-103.38,38.03,55.60,80.29,37.85,60.13,111.66,30.00,52.45,90.33
2014-01-01,50.54,-103.38,38.79,57.83,97.25,38.28,56.49,84.72,32.10,53.39,69.90
2015-01-01,50.54,-103.38,32.28,53.02,88.49,35.43,53.49,74.95,35.92,54.63,88.45
2016-01-01,50.54,-103.38,32.87,55.90,91.15,43.58,56.76,77.72,35.43,50.34,86.38
2017-01-01,50.54,-103.38,40.06,59.05,101.82,30.55,53.26,90.67,34.08,52.16,101.38
2018-01-01,50.54,-103.38,41.08,60.17,73.88,35.77,50.91,74.17,37.99,53.60,71.33
2019-01-01,50.54,-103.38,32.80,48.83,83.76,34.62,58.15,86.50,33.17,48.87,71.44
2020-01-01,50.54,-103.38,35.01,56.98,78.68,37.40,52.17,78.64,27.98,43.48,73.88
2021-01-01,50.54,-103.38,38.12,67.67,106.10,39.14,59.08,109.16,41.33,57.16,88.07
2022-01-01,50.54,-103.38,30.61,51.72,87.84,34.16,48.62,85.56,30.61,50.69,65.38
2023-01-01,50.54,-103.38,41.96,51.77,79.71,34.26,50.80,117.82,38.96,48.35,76.46
2024-01-01,50.54,-103.38,28.37,40.99,91.28,34.93,50.10,86.63,36.26,54.34,91.17
2025-01-01,50.54,-103.38,34.41,59.31,83.35,29.29,57.81,103.74,38.08,57.42,76.68
2026-01-01,50.54,-103.38,32.98,56.42,76.22,36.88,52.11,82.13,35.86,50.12,79.15
2027-01-01,50.54,-103.38,34.49,59.24,88.70,32.42,49.00,80.26,35.32,49.37,69.94
2028-01-01,50.54,-103.38,28.48,47.14,108.64,33.29,47.94,63.92,42.50,55.44,79.44
2029-01-01,50.54,-103.38,33.48,43.34,64.21,33.26,52.97,92.20,38.20,53.89,109.21
2030-01-01,50.54,-103.38,34.39,46.70,70.11,30.26,52.21,75.97,34.64,54.65,86.19
2031-01-01,50.54,-103.38,29.45,57.27,91.20,36.54,54.52,80.70,35.39,49.26,77.20
2032-01-01,50.54,-103.38,35.25,52.29,92.19,35.76,57.98,102.96,33.61,57.21,71.59
2033-01-01,50.54,-103.38,33.12,51.78,89.32,38.28,62.99,85.41,34.13,57.49,93.27
2034-01-01,50.54,-103.38,40.57,60.66,83.23,35.45,48.50,78.49,38.67,54.59,79.64
2035-01-01,50.54,-103.38,33.30,53.34,75.63,44.81,57.15,84.78,31.57,52.01,81.54
2036-01-01,50.54,-103.38,36.35,59.27,98.28,35.52,56.55,81.34,41.06,67.61,113.75
2037-01-01,50.54,-103.38,33.15,55.49,90.74,32.22,52.94,78.59,36.81,53.35,86.72
2038-01-01,50.54,-103.38,40.58,55.29,92.89,38.67,60.80,100.97,39.55,60.84,91.45
2039-01-01,50.54,-103.38,33.68,53.13,112.26,32.89,56.42,102.86,36.23,64.41,90.08
2040-01-01,50.54,-103.38,38.31,60.32,90.28,35.47,59.78,97.49,30.41,51.36,75.87
2041-01-01,50.54,-103.38,35.99,48.32,95.64,45.23,56.55,78.08,35.57,46.49,71.35
2042-01-01,50.54,-103.38,39.21,49.92,75.69,36.78,59.80,98.09,34.59,57.97,86.56
2043-01-01,50.54,-103.38,39.90,62.86,112.72,33.33,50.65,87.82,37.46,54.57,85.84
2044-01-01,50.54,-103.38,34.79,51.83,87.31,42.60,56.74,90.13,39.19,65.81,121.06
2045-01-01,50.54,-103.38,32.04,49.92,79.28,40.60,51.76,73.03,35.95,54.31,101.82
2046-01-01,50.54,-103.38,28.35,51.60,80.43,32.39,45.77,65.19,30.19,58.55,90.61
2047-01-01,50.54,-103.38,29.84,42.58,73.50,35.46,53.22,88.64,44.86,56.92,94.48
2048-01-01,50.54,-103.38,39.58,57.88,76.38,34.34,49.24,85.41,27.37,61.16,87.16
2049-01-01,50.54,-103.38,29.93,48.51,76.49,34.48,49.06,81.38,38.91,50.34,91.93
2050-01-01,50.54,-103.38,31.87,54.21,78.35,36.46,47.27,80.89,41.37,57.81,110.21
2051-01-01,50.54,-103.38,36.42,60.24,79.31,34.45,54.81,82.48,34.38,54.03,107.01
2052-01-01,50.54,-103.38,35.96,65.57,86.30,29.31,51.22,76.61,28.42,47.47,75.46
2053-01-01,50.54,-103.38,44.80,62.92,92.70,37.39,54.71,75.08,34.32,55.74,99.22
2054-01-01,50.54,-103.38,33.33,55.24,104.61,38.09,52.70,80.70,32.67,52.41,100.60
2055-01-01,50.54,-103.38,40.71,53.71,83.12,40.38,61.16,86.55,31.51,59.65,84.68
2056-01-01,50.54,-103.38,36.80,52.28,81.55,38.77,55.59,107.53,34.68,51.78,95.15
2057-01-01,50.54,-103.38,38.81,52.49,93.28,34.02,49.54,88.95,32.10,57.96,93.74
2058-01-01,50.54,-103.38,29.44,54.36,77.97,32.67,49.65,86.95,34.92,62.20,97.00
2059-01-01,50.54,-103.38,27.87,48.41,83.59,28.98,52.86,82.24,34.92,57.77,90.22
2060-01-01,50.54,-103.38,34.61,59.02,100.94,30.65,56.08,93.32,35.34,54.39,99.93
2061-01-01,50.54,-103.38,34.27,54.47,77.49,42.77,60.23,98.52,37.56,62.36,91.31
2062-01-01,50.54,-103.38,41.26,58.03,115.90,29.20,48.57,85.01,35.60,59.36,89.88
2063-01-01,50.54,-103.38,37.13,64.61,98.45,32.96,54.24,98.90,42.19,49.34,90.44
2064-01-01,50.54,-103.38,30.60,49.67,68.38,37.11,61.21,82.79,46.78,54.07,94.01
2065-01-01,50.54,-103.38,43.55,61.62,107.62,43.64,61.99,102.03,35.48,51.90,77.92
2066-01-01,50.54,-103.38,37.54,54.39,77.23,34.77,52.96,87.77,38.71,57.40,88.24
2067-01-01,50.54,-103.38,36.67,64.95,98.33,32.82,55.32,93.03,30.05,62.14,93.69
2068-01-01,50.54,-103.38,35.18,56.31,81.03,46.36,64.39,111.48,36.95,57.67,75.63
2069-01-01,50.54,-103.38,34.25,48.79,94.36,29.29,50.99,92.52,38.01,54.58,78.97
2070-01-01,50.54,-103.38,41.52,56.41,86.28,37.89,55.04,95.65,34.53,64.32,111.79
2071-01-01,50.54,-103.38,33.15,59.85,94.49,34.89,55.87,84.54,44.65,53.90,73.94
2072-01-01,50.54,-103.38,32.09,59.88,83.77,43.56,59.91,125.51,32.47,53.34,80.92
2073-01-01,50.54,-103.38,33.31,57.95,84.19,36.55,54.00,91.86,33.22,53.69,77.55
2074-01-01,50.54,-103.38,32.80,59.62,95.52,33.23,48.85,63.62,34.26,63.02,103.16
2075-01-01,50.54,-103.38,36.50,48.69,72.11,36.44,52.86,93.51,38.72,67.94,103.06
2076-01-01,50.54,-103.38,37.48,50.81,76.57,34.15,52.92,81.81,36.23,54.40,92.70
2077-01-01,50.54,-103.38,41.38,55.04,83.23,30.85,48.38,60.92,43.19,61.67,95.63
2078-01-01,50.54,-103.38,40.70,58.19,96.93,32.77,51.37,100.01,38.24,64.59,100.81
2079-01-01,50.54,-103.38,39.14,57.57,89.82,30.66,49.99,68.48,32.93,48.70,94.85
2080-01-01,50.54,-103.38,39.76,54.54,77.64,37.69,62.64,89.76,39.67,60.15,85.48
2081-01-01,50.54,-103.38,31.12,50.62,94.56,34.95,56.98,79.92,34.45,64.36,121.23
2082-01-01,50.54,-103.38,40.17,53.05,95.14,30.87,50.77,90.52,41.81,59.80,78.97
2083-01-01,50.54,-103.38,35.14,56.38,80.60,31.54,47.01,75.79,41.38,64.64,99.31
2084-01-01,50.54,-103.38,32.07,59.74,92.60,31.27,56.33,117.52,38.16,62.09,99.24
2085-01-01,50.54,-103.38,33.57,57.76,79.97,40.32,64.91,95.87,36.89,52.84,72.89
2086-01-01,50.54,-103.38,32.79,55.96,91.46,36.84,60.76,105.49,35.36,55.07,77.52
2087-01-01,50.54,-103.38,31.35,51.09,88.18,39.20,62.76,91.65,41.39,68.41,101.43
2088-01-01,50.54,-103.38,34.44,58.81,86.22,37.01,52.09,76.71,32.86,63.96,108.59
2089-01-01,50.54,-103.38,33.38,50.98,77.72,38.41,54.51,104.80,40.25,63.17,97.56
2090-01-01,50.54,-103.38,30.35,52.14,118.19,37.63,68.54,113.02,33.73,54.03,70.92
2091-01-01,50.54,-103.38,34.81,61.52,93.26,28.87,65.05,97.65,31.54,54.84,71.70
2092-01-01,50.54,-103.38,36.39,54.99,74.59,36.15,50.76,88.83,32.49,60.87,93.82
2093-01-01,50.54,-103.38,26.05,46.24,65.81,26.97,53.50,85.35,42.48,70.65,103.94
2094-01-01,50.54,-103.38,37.77,50.35,75.84,30.83,53.06,84.20,43.21,59.44,110.22
2095-01-01,50.54,-103.38,39.39,54.62,107.75,31.01,54.13,87.19,47.75,65.90,91.00
2096-01-01,50.54,-103.38,31.97,56.12,69.94,37.22,50.96,77.36,34.41,66.32,101.40
2097-01-01,50.54,-103.38,35.52,67.52,86.04,31.84,51.56,72.39,34.20,58.75,93.77
2098-01-01,50.54,-103.38,25.50,62.40,89.39,36.83,58.90,85.32,31.68,46.91,109.70
2099-01-01,50.54,-103.38,34.18,54.72,98.91,39.28,55.56,89.08,42.92,55.98,137.46
2100-01-01,50.54,-103.38,33.25,45.84,69.17,33.14,50.53,66.60,31.57,56.30,108.44
1950-01-01,50.62,-105.71,30.64,50.89,74.56,30.64,50.48,73.31,30.64,49.87,73.87
1951-01-01,50.62,-105.71,30.89,43.10,80.48,30.89,42.47,77.91,30.89,43.15,77.91
1952-01-01,50.62,-105.71,32.85,47.32,77.65,32.92,47.32,77.65,32.92,47.32,77.65
1953-01-01,50.62,-105.71,26.14,48.36,79.62,27.62,49.14,82.31,27.62,49.14,82.31
1954-01-01,50.62,-105.71,33.32,51.58,82.14,33.70,51.58,85.83,33.70,51.58,79.80
1955-01-01,50.62,-105.71,30.94,53.30,84.58,30.94,55.67,83.63,30.94,55.25,83.63
1956-01-01,50.62,-105.71,29.34,56.29,88.44,29.34,56.29,88.45,29.90,58.98,88.06
1957-01-01,50.62,-105.71,32.31,43.30,82.21,32.03,43.30,82.21,31.96,41.91,82.21
1958-01-01,50.62,-105.71,33.52,54.58,110.05,33.40,54.58,105.49,34.95,54.58,92.33
1959-01-01,50.62,-105.71,40.84,56.48,67.00,40.85,56.53,67.00,40.84,55.44,67.00
1960-01-01,50.62,-105.71,33.60,51.21,71.84,34.02,51.40,70.71,31.21,51.79,74.02
1961-01-01,50.62,-105.71,36.33,46.44,73.83,36.30,46.16,73.26,37.10,46.04,72.63
1962-01-01,50.62,-105.71,27.78,39.82,101.30,27.78,40.25,95.46,27.78,41.53,94.57
1963-01-01,50.62,-105.71,27.02,55.42,100.20,27.02,55.55,101.37,27.02,55.47,101.33
1964-01-01,50.62,-105.71,32.10,49.94,72.41,33.19,51.48,74.33,33.21,51.48,74.33
1965-01-01,50.62,-105.71,36.50,54.57,72.95,40.04,54.57,75.85,42.02,54.57,75.85
1966-01-01,50.62,-105.71,25.96,51.01,77.68,25.44,52.03,77.68,25.44,54.91,77.68
1967-01-01,50.62,-105.71,25.80,42.26,81.07,25.30,42.26,81.07,27.02,42.26,81.07
1968-01-01,50.62,-105.71,31.15,45.89,86.42,31.15,46.62,84.95,31.15,46.05,84.95
1969-01-01,50.62,-105.71,34.23,41.21,66.85,34.23,42.32,66.85,32.48,41.95,66.85
1970-01-01,50.62,-105.71,26.02,50.95,71.37,28.15,51.44,71.25,26.59,51.44,70.38
1971-01-01,50.62,-105.71,23.22,51.33,78.96,23.44,50.64,78.68,22.92,50.64,78.69
1972-01-01,50.62,-105.71,26.37,45.34,62.64,26.34,45.88,62.64,26.89,47.57,62.64
1973-01-01,50.62,-105.71,28.84,52.65,63.25,30.09,52.30,66.92,29.19,52.43,66.92
1974-01-01,50.62,-105.71,35.14,46.22,69.33,36.97,46.67,69.33,35.00,47.20,69.33
1975-01-01,50.62,-105.71,33.85,43.22,69.52,33.71,43.27,69.52,34.51,44.51,72.75
1976-01-01,50.62,-105.71,25.59,50.29,62.18,25.58,50.71,67.76,24.99,48.33,67.76
1977-01-01,50.62,-105.71,31.46,44.58,64.03,29.43,42.46,60.64,27.91,42.57,60.64
1978-01-01,50.62,-105.71,29.39,46.25,82.21,25.10,41.25,82.50,25.26,41.25,81.96
1979-01-01,50.62,-105.71,29.26,44.59,81.19,28.96,42.53,77.26,28.96,42.53,77.26
1980-01-01,50.62,-105.71,31.30,52.48,73.57,31.37,54.70,76.21,31.20,54.24,75.52
1981-01-01,50.62,-105.71,23.33,51.41,73.99,23.54,51.34,74.31,23.77,51.40,74.87
1982-01-01,50.62,-105.71,39.17,52.57,84.30,40.64,53.11,85.67,40.32,55.18,84.71
1983-01-01,50.62,-105.71,27.86,45.47,67.39,28.51,46.14,65.55,28.92,45.90,63.14
1984-01-01,50.62,-105.71,31.98,44.14,73.59,31.83,47.64,73.75,32.14,45.62,74.10
1985-01-01,50.62,-105.71,33.04,47.87,82.11,32.63,49.54,83.95,32.36,48.68,77.98
1986-01-01,50.62,-105.71,30.36,46.83,83.29,31.03,47.67,79.55,31.19,46.00,79.73
1987-01-01,50.62,-105.71,28.68,46.01,76.52,28.05,45.24,75.06,28.88,47.36,67.16
1988-01-01,50.62,-105.71,28.07,47.75,87.91,27.94,49.05,88.08,23.30,49.17,88.53
1989-01-01,50.62,-105.71,31.55,46.85,71.55,31.70,47.40,72.38,31.52,47.53,73.07
1990-01-01,50.62,-105.71,36.10,55.08,85.40,38.21,55.73,84.09,38.06,53.60,85.34
1991-01-01,50.62,-105.71,34.93,49.44,70.32,36.65,49.48,70.92,35.38,50.87,74.77
1992-01-01,50.62,-105.71,30.27,49.66,75.39,30.67,53.50,73.43,30.19,54.24,75.86
1993-01-01,50.62,-105.71,39.97,52.57,78.04,40.33,52.84,77.82,40.54,53.54,78.02
1994-01-01,50.62,-105.71,30.86,55.11,73.22,30.81,59.67,72.93,28.93,54.83,73.45
1995-01-01,50.62,-105.71,32.09,50.56,81.29,32.02,52.32,81.23,31.86,46.51,80.35
1996-01-01,50.62,-105.71,34.49,43.96,84.34,34.45,43.81,86.29,32.57,45.60,86.15
1997-01-01,50.62,-105.71,35.88,53.50,77.12,37.58,52.65,77.15,36.90,53.24,77.34
1998-01-01,50.62,-105.71,30.27,45.27,90.78,30.53,44.35,90.64,30.24,43.76,89.90
1999-01-01,50.62,-105.71,29.24,49.81,68.93,26.49,49.97,69.36,28.90,49.54,69.38
2000-01-01,50.62,-105.71,30.75,40.47,66.06,29.02,40.12,65.78,26.83,38.67,66.36
2001-01-01,50.62,-105.71,26.92,44.09,67.00,26.45,43.05,69.72,26.49,44.39,68.48
2002-01-01,50.62,-105.71,31.98,43.74,68.15,33.51,44.28,68.19,31.77,44.46,68.59
2003-01-01,50.62,-105.71,34.85,46.74,70.36,35.13,46.54,70.40,33.31,46.39,69.64
2004-01-01,50.62,-105.71,31.81,52.90,90.11,32.77,51.90,90.33,31.89,52.30,90.23
2005-01-01,50.62,-105.71,33.50,60.45,86.35,33.44,64.83,88.84,33.70,63.83,88.18
2006-01-01,50.62,-105.71,33.10,54.37,92.96,29.46,44.72,69.40,30.56,44.70,79.17
2007-01-01,50.62,-105.71,27.81,47.30,85.84,24.89,48.69,72.88,35.33,49.19,93.84
2008-01-01,50.62,-105.71,28.66,57.14,87.36,24.98,52.69,88.44,28.46,42.22,85.33
2009-01-01,50.62,-105.71,30.01,55.87,81.39,30.40,51.03,79.88,32.71,50.54,78.68
2010-01-01,50.62,-105.71,40.26,63.31,90.08,35.50,51.78,74.02,34.25,49.51,109.56
2011-01-01,50.62,-105.71,29.25,54.06,93.19,27.07,51.09,83.32,29.49,56.78,88.08
2012-01-01,50.62,-105.71,32.47,46.47,72.58,32.43,55.46,95.61,28.06,52.11,96.92
2013-01-01,50.62,-105.71,33.94,53.80,86.09,42.51,53.38,116.48,32.75,47.67,78.19
2014-01-01,50.62,-105.71,37.32,53.82,74.67,38.58,50.12,82.96,32.24,40.36,73.68
2015-01-01,50.62,-105.71,30.85,46.32,67.97,32.23,48.68,72.30,36.94,46.49,71.53
2016-01-01,50.62,-105.71,32.47,58.15,88.10,32.21,53.64,72.68,34.05,57.59,76.06
2017-01-01,50.62,-105.71,44.17,56.74,84.53,34.52,53.16,99.70,31.25,51.50,93.70
2018-01-01,50.62,-105.71,29.65,50.32,76.30,30.89,47.60,80.23,31.01,54.15,75.16
2019-01-01,50.62,-105.71,32.20,53.09,79.80,32.23,45.70,78.75,30.68,45.73,78.49
2020-01-01,50.62,-105.71,29.97,49.54,77.17,33.26,54.47,78.44,23.06,42.11,81.41
2021-01-01,50.62,-105.71,30.09,53.76,85.65,35.39,54.13,109.08,34.70,57.62,81.48
2022-01-01,50.62,-105.71,33.80,50.92,80.32,34.41,46.95,96.04,25.99,43.40,70.57
2023-01-01,50.62,-105.71,31.32,56.68,81.54,35.77,52.09,107.65,31.74,46.40,73.45
2024-01-01,50.62,-105.71,29.68,43.70,66.04,28.80,53.26,69.13,32.86,46.44,69.71
2025-01-01,50.62,-105.71,37.00,52.64,77.59,32.53,50.87,93.97,34.09,60.10,75.55
2026-01-01,50.62,-105.71,37.03,51.25,72.63,28.28,45.04,83.20,34.02,47.91,81.61
2027-01-01,50.62,-105.71,36.00,53.11,79.28,31.45,44.37,77.84,37.28,48.04,58.36
2028-01-01,50.62,-105.71,28.49,47.38,88.79,33.06,46.56,68.01,34.48,54.61,79.39
2029-01-01,50.62,-105.71,28.10,48.48,71.44,31.95,54.78,85.56,28.23,48.82,82.43
2030-01-01,50.62,-105.71,28.83,45.42,74.13,29.04,49.48,75.74,29.30,49.90,87.42
2031-01-01,50.62,-105.71,29.12,54.98,91.50,34.44,51.90,82.84,31.21,53.56,73.05
2032-01-01,50.62,-105.71,34.18,55.90,98.37,36.97,55.96,113.43,36.24,53.27,82.72
2033-01-01,50.62,-105.71,38.52,55.66,87.15,36.10,51.34,72.14,26.94,47.73,87.67
2034-01-01,50.62,-105.71,39.35,55.39,88.53,31.04,47.30,76.85,39.86,57.47,75.60
2035-01-01,50.62,-105.71,29.97,45.31,67.42,32.95,49.38,76.69,29.61,45.65,79.58
2036-01-01,50.62,-105.71,28.99,53.59,87.85,28.80,55.69,92.88,36.61,56.22,100.43
2037-01-01,50.62,-105.71,35.28,52.22,80.15,35.74,52.26,81.32,41.46,57.77,101.86
2038-01-01,50.62,-105.71,31.46,56.71,87.41,38.68,58.06,94.90,36.68,55.97,86.14
2039-01-01,50.62,-105.71,38.49,58.08,86.87,29.05,48.32,92.36,30.39,51.32,82.52
2040-01-01,50.62,-105.71,35.68,51.08,108.01,38.27,67.33,97.01,34.55,50.46,83.35
2041-01-01,50.62,-105.71,29.74,47.79,75.93,33.21,48.67,73.58,32.50,43.65,80.00
2042-01-01,50.62,-105.71,32.82,48.97,82.50,38.03,45.45,108.91,39.76,59.80,83.40
2043-01-01,50.62,-105.71,37.49,59.45,92.70,35.07,44.83,71.75,31.62,55.55,79.51
2044-01-01,50.62,-105.71,31.35,51.70,65.93,35.35,55.93,81.49,40.72,64.53,96.00
2045-01-01,50.62,-105.71,29.65,43.52,81.86,34.15,48.94,82.65,35.19,56.88,83.58
2046-01-01,50.62,-105.71,28.47,50.62,80.47,26.46,42.68,65.61,34.29,48.76,88.49
2047-01-01,50.62,-105.71,27.40,50.01,61.33,31.45,50.01,68.33,36.02,54.07,69.73
2048-01-01,50.62,-105.71,30.84,57.54,91.16,28.49,45.40,88.13,31.53,55.24,97.10
2049-01-01,50.62,-105.71,24.59,43.70,61.16,38.65,58.86,84.19,34.29,45.09,88.42
2050-01-01,50.62,-105.71,34.46,49.92,77.67,26.49,50.03,75.57,31.34,55.49,118.90
2051-01-01,50.62,-105.71,29.64,48.75,83.26,28.16,44.81,80.15,34.38,50.83,84.59
2052-01-01,50.62,-105.71,33.31,53.24,95.79,28.94,52.86,83.16,28.87,47.22,80.17
2053-01-01,50.62,-105.71,35.64,59.32,84.29,33.74,50.46,72.75,39.00,55.38,77.74
2054-01-01,50.62,-105.71,33.81,49.04,90.87,33.01,57.08,86.55,34.22,55.04,73.06
2055-01-01,50.62,-105.71,35.07,56.59,100.07,37.84,50.42,90.89,35.67,57.28,78.20
2056-01-01,50.62,-105.71,32.17,48.96,100.74,35.71,63.40,87.76,32.64,50.43,96.69
2057-01-01,50.62,-105.71,31.52,50.20,80.80,30.03,46.69,89.17,25.40,57.86,90.04
2058-01-01,50.62,-105.71,36.50,49.26,70.23,26.69,46.94,69.71,30.97,48.44,94.16
2059-01-01,50.62,-105.71,28.32,43.52,82.34,23.19,54.03,83.48,34.80,57.42,77.19
2060-01-01,50.62,-105.71,31.61,54.23,92.40,34.77,57.30,86.82,39.60,57.68,86.39
2061-01-01,50.62,-105.71,32.26,57.47,114.39,38.87,53.88,96.21,35.34,52.92,92.60
2062-01-01,50.62,-105.71,34.22,52.72,91.56,31.72,42.66,77.92,31.55,57.94,89.61
2063-01-01,50.62,-105.71,30.47,52.86,120.85,30.61,53.80,102.43,37.90,55.52,84.30
2064-01-01,50.62,-105.71,26.25,44.46,62.63,36.79,64.57,87.40,41.02,59.40,85.29
2065-01-01,50.62,-105.71,34.67,53.97,81.13,35.35,56.08,80.34,32.71,47.79,98.21
2066-01-01,50.62,-105.71,40.81,53.98,86.98,40.50,51.36,92.83,33.22,54.32,86.71
2067-01-01,50.62,-105.71,34.15,54.82,100.80,32.84,47.33,85.62,26.48,53.73,96.37
2068-01-01,50.62,-105.71,28.45,47.53,88.00,36.71,71.77,103.36,32.86,50.10,80.16
2069-01-01,50.62,-105.71,31.04,54.98,85.13,30.99,46.59,64.99,36.78,62.18,88.31
2070-01-01,50.62,-105.71,38.20,51.28,76.96,34.23,45.87,97.60,35.90,56.76,103.63
2071-01-01,50.62,-105.71,27.72,48.47,90.62,30.49,51.29,83.61,31.43,50.39,78.78
2072-01-01,50.62,-105.71,32.81,54.19,85.88,41.44,53.21,93.13,34.28,46.32,93.23
2073-01-01,50.62,-105.71,31.82,48.64,84.58,33.96,48.40,95.27,32.63,49.40,70.79
2074-01-01,50.62,-105.71,35.39,52.87,86.29,31.33,45.87,59.32,32.09,54.39,95.72
2075-01-01,50.62,-105.71,29.85,44.86,79.88,32.04,51.17,75.44,37.11,66.16,110.29
2076-01-01,50.62,-105.71,34.25,49.02,74.37,31.73,55.79,88.19,34.70,49.63,85.44
2077-01-01,50.62,-105.71,31.01,48.98,76.43,26.27,39.32,89.95,36.76,51.09,103.17
2078-01-01,50.62,-105.71,39.12,53.65,90.96,31.62,56.15,110.48,36.35,55.81,104.24
2079-01-01,50.62,-105.71,35.30,49.46,84.78,34.63,54.69,81.32,31.05,43.62,105.73
2080-01-01,50.62,-105.71,32.24,53.38,70.06,29.41,48.58,77.38,31.53,48.66,76.99
2081-01-01,50.62,-105.71,37.37,54.36,92.43,32.08,50.81,71.41,27.53,59.88,106.19
2082-01-01,50.62,-105.71,32.62,57.51,82.49,35.52,51.30,68.06,27.05,47.67,75.25
2083-01-01,50.62,-105.71,35.06,49.62,66.59,30.86,51.38,76.62,31.90,54.67,116.89
2084-01-01,50.62,-105.71,26.81,57.28,88.66,26.62,48.13,78.32,36.75,56.74,80.11
2085-01-01,50.62,-105.71,34.55,49.79,85.16,43.08,56.23,84.67,34.67,49.94,69.42
2086-01-01,50.62,-105.71,30.58,53.74,81.49,38.70,55.37,84.80,32.33,51.70,78.15
2087-01-01,50.62,-105.71,34.21,47.74,58.38,37.10,54.14,100.80,33.43,58.86,103.96
2088-01-01,50.62,-105.71,37.83,58.61,81.63,37.01,50.67,71.99,31.27,56.45,99.88
2089-01-01,50.62,-105.71,29.22,49.62,70.29,32.66,53.63,105.98,38.56,55.58,92.70
2090-01-01,50.62,-105.71,37.63,60.80,89.41,32.65,57.69,106.92,33.10,48.98,74.07
2091-01-01,50.62,-105.71,39.20,62.08,86.61,28.36,64.01,100.89,31.43,50.64,73.86
2092-01-01,50.62,-105.71,34.57,50.42,74.80,26.77,44.57,90.99,33.86,56.22,115.52
2093-01-01,50.62,-105.71,29.49,47.20,75.92,26.74,49.74,84.42,37.06,55.36,85.87
2094-01-01,50.62,-105.71,27.11,46.64,76.70,27.86,43.02,70.81,37.67,55.00,102.06
2095-01-01,50.62,-105.71,32.72,47.69,92.86,31.75,42.91,62.71,45.01,64.15,89.33
2096-01-01,50.62,-105.71,30.06,49.70,87.91,32.98,48.50,91.82,30.50,61.47,116.94
2097-01-01,50.62,-105.71,33.96,56.46,74.60,29.15,51.19,82.83,33.83,50.54,81.82
2098-01-01,50.62,-105.71,29.65,44.73,84.93,36.61,56.29,90.79,27.64,42.66,81.50
2099-01-01,50.62,-105.71,34.32,57.79,79.65,35.17,59.91,85.70,38.04,52.44,102.90
2100-01-01,50.62,-105.71,33.75,46.68,66.51,34.77,44.12,82.33,29.88,46.86,76.48
