time,lat,lon,rcp26_tg_mean_p10,rcp26_tg_mean_p50,rcp26_tg_mean_p90,rcp45_tg_mean_p10,rcp45_tg_mean_p50,rcp45_tg_mean_p90,rcp85_tg_mean_p10,rcp85_tg_mean_p50,rcp85_tg_mean_p90
1950-01-01,60.54,-136.46,-6.53,-5.15,-3.56,-6.53,-5.15,-3.56,-6.53,-5.15,-3.56
1951-01-01,60.54,-136.46,-6.39,-5.35,-3.84,-6.39,-5.35,-3.84,-6.39,-5.40,-3.84
1952-01-01,60.54,-136.46,-7.21,-5.41,-3.66,-7.21,-5.41,-3.66,-7.21,-5.41,-3.66
1953-01-01,60.54,-136.46,-7.44,-5.31,-4.04,-7.44,-5.31,-4.04,-7.44,-5.31,-4.04
1954-01-01,60.54,-136.46,-6.49,-5.09,-3.95,-6.49,-5.09,-3.95,-6.49,-5.09,-3.95
1955-01-01,60.54,-136.46,-7.18,-5.81,-3.87,-7.18,-5.81,-3.87,-7.18,-5.81,-3.95
1956-01-01,60.54,-136.46,-6.72,-5.04,-3.77,-6.72,-5.04,-3.77,-6.72,-5.04,-3.81
1957-01-01,60.54,-136.46,-6.93,-5.66,-3.61,-6.93,-5.66,-3.61,-6.93,-5.69,-3.61
1958-01-01,60.54,-136.46,-6.62,-5.46,-3.79,-6.62,-5.46,-3.79,-6.71,-5.46,-3.79
1959-01-01,60.54,-136.46,-6.73,-5.38,-3.47,-6.73,-5.38,-3.47,-6.73,-5.38,-3.47
1960-01-01,60.54,-136.46,-6.58,-5.76,-3.38,-6.58,-5.76,-3.38,-6.58,-5.76,-3.38
1961-01-01,60.54,-136.46,-6.97,-5.18,-3.79,-6.97,-5.18,-3.79,-6.97,-5.18,-3.79
1962-01-01,60.54,-136.46,-6.70,-5.57,-3.77,-6.70,-5.57,-3.77,-6.70,-5.57,-3.77
1963-01-01,60.54,-136.46,-7.24,-5.47,-4.27,-7.24,-5.47,-4.27,-7.24,-5.47,-4.27
1964-01-01,60.54,-136.46,-7.33,-5.80,-4.48,-7.33,-5.80,-4.48,-7.33,-5.80,-4.48
1965-01-01,60.54,-136.46,-6.62,-5.64,-3.85,-6.62,-5.64,-3.85,-6.62,-5.64,-3.85
1966-01-01,60.54,-136.46,-7.20,-5.71,-4.36,-7.20,-5.71,-4.36,-7.20,-5.71,-4.36
1967-01-01,60.54,-136.46,-6.86,-4.99,-3.73,-6.86,-4.99,-3.73,-6.86,-5.05,-3.73
1968-01-01,60.54,-136.46,-7.02,-5.68,-4.86,-7.02,-5.68,-4.86,-7.02,-5.68,-4.86
1969-01-01,60.54,-136.46,-7.08,-5.01,-3.68,-7.08,-5.01,-3.68,-7.08,-5.01,-3.68
1970-01-01,60.54,-136.46,-6.86,-4.99,-3.79,-6.86,-4.99,-3.79,-6.86,-5.05,-3.79
1971-01-01,60.54,-136.46,-6.33,-5.41,-3.00,-6.33,-5.41,-3.00,-6.33,-5.41,-3.01
1972-01-01,60.54,-136.46,-6.91,-5.73,-4.20,-6.91,-5.73,-4.20,-6.91,-5.73,-4.20
1973-01-01,60.54,-136.46,-7.20,-5.07,-3.39,-7.20,-5.07,-3.39,-7.20,-5.07,-3.49
1974-01-01,60.54,-136.46,-6.84,-4.95,-3.99,-6.84,-4.95,-3.99,-6.84,-4.95,-3.99
1975-01-01,60.54,-136.46,-6.54,-4.94,-3.90,-6.54,-4.94,-3.90,-6.54,-4.94,-3.90
1976-01-01,60.54,-136.46,-6.88,-4.88,-3.00,-6.88,-4.88,-3.00,-6.88,-4.88,-3.00
1977-01-01,60.54,-136.46,-6.39,-4.83,-3.67,-6.39,-4.83,-3.67,-6.39,-4.83,-3.67
1978-01-01,60.54,-136.46,-6.25,-4.73,-3.57,-6.25,-4.73,-3.57,-6.25,-4.73,-3.57
1979-01-01,60.54,-136.46,-6.86,-4.94,-3.34,-6.86,-4.94,-3.34,-6.86,-4.94,-3.34
1980-01-01,60.54,-136.46,-7.15,-5.31,-4.03,-7.17,-5.28,-4.00,-7.28,-5.28,-4.02
1981-01-01,60.54,-136.46,-7.01,-5.55,-3.51,-6.99,-5.54,-3.48,-6.98,-5.54,-3.50
1982-01-01,60.54,-136.46,-7.24,-5.61,-4.42,-7.22,-5.60,-4.43,-7.22,-5.62,-4.42
1983-01-01,60.54,-136.46,-7.10,-4.81,-3.87,-7.11,-4.80,-3.84,-7.17,-4.81,-3.83
1984-01-01,60.54,-136.46,-6.51,-4.64,-3.23,-6.49,-4.63,-3.22,-6.56,-4.65,-3.23
1985-01-01,60.54,-136.46,-6.56,-5.16,-4.56,-6.54,-5.14,-4.53,-6.56,-5.16,-4.53
1986-01-01,60.54,-136.46,-6.79,-5.37,-3.85,-6.80,-5.38,-3.82,-6.82,-5.36,-3.83
1987-01-01,60.54,-136.46,-6.15,-4.97,-3.79,-6.13,-4.97,-3.80,-6.16,-4.96,-3.80
1988-01-01,60.54,-136.46,-6.65,-4.64,-3.79,-6.66,-4.61,-3.78,-6.66,-4.58,-3.79
1989-01-01,60.54,-136.46,-6.00,-5.28,-3.24,-5.98,-5.26,-3.23,-5.99,-5.29,-3.28
1990-01-01,60.54,-136.46,-6.41,-5.23,-2.35,-6.40,-5.22,-2.26,-6.41,-5.23,-2.27
1991-01-01,60.54,-136.46,-6.48,-5.50,-3.86,-6.48,-5.50,-3.84,-6.58,-5.50,-3.82
1992-01-01,60.54,-136.46,-6.15,-5.01,-3.58,-6.12,-5.04,-3.56,-6.13,-5.04,-3.55
1993-01-01,60.54,-136.46,-6.12,-4.49,-3.06,-6.12,-4.47,-3.03,-6.13,-4.45,-3.02
1994-01-01,60.54,-136.46,-6.25,-5.30,-4.47,-6.23,-5.30,-4.44,-6.20,-5.28,-4.44
1995-01-01,60.54,-136.46,-7.07,-5.29,-3.62,-7.06,-5.30,-3.61,-7.07,-5.29,-3.59
1996-01-01,60.54,-136.46,-6.41,-5.19,-3.53,-6.41,-5.16,-3.52,-6.42,-5.16,-3.50
1997-01-01,60.54,-136.46,-6.53,-4.37,-3.08,-6.54,-4.36,-3.08,-6.54,-4.37,-3.08
1998-01-01,60.54,-136.46,-6.05,-4.60,-3.44,-6.05,-4.60,-3.45,-6.04,-4.62,-3.50
1999-01-01,60.54,-136.46,-5.46,-4.15,-3.56,-5.48,-4.18,-3.56,-5.51,-4.18,-3.59
2000-01-01,60.54,-136.46,-6.28,-4.59,-2.96,-6.27,-4.59,-2.95,-6.24,-4.58,-2.97
2001-01-01,60.54,-136.46,-5.99,-4.59,-2.33,-5.98,-4.57,-2.30,-5.98,-4.59,-2.34
2002-01-01,60.54,-136.46,-5.23,-4.05,-2.70,-5.25,-4.03,-2.70,-5.23,-4.01,-2.77
2003-01-01,60.54,-136.46,-6.16,-4.57,-2.32,-6.17,-4.57,-2.27,-6.18,-4.56,-2.30
2004-01-01,60.54,-136.46,-5.70,-3.99,-2.23,-5.66,-3.97,-2.25,-5.65,-4.02,-2.24
2005-01-01,60.54,-136.46,-5.48,-3.86,-2.99,-5.37,-3.84,-2.98,-5.53,-3.82,-2.99
2006-01-01,60.54,-136.46,-5.37,-3.61,-2.01,-5.09,-3.82,-2.06,-5.62,-4.40,-2.43
2007-01-01,60.54,-136.46,-5.64,-3.94,-1.59,-5.87,-4.94,-2.96,-5.68,-4.26,-2.22
2008-01-01,60.54,-136.46,-6.23,-4.08,-2.40,-5.28,-4.27,-3.17,-6.21,-4.79,-2.59
2009-01-01,60.54,-136.46,-5.25,-3.75,-1.83,-6.04,-3.95,-2.40,-5.38,-3.88,-2.36
2010-01-01,60.54,-136.46,-5.27,-3.90,-2.20,-5.63,-4.09,-2.31,-6.02,-3.79,-2.33
2011-01-01,60.54,-136.46,-5.65,-3.84,-2.67,-5.93,-3.69,-2.47,-5.55,-4.30,-2.65
2012-01-01,60.54,-136.46,-5.53,-4.00,-2.05,-6.01,-4.24,-3.40,-5.95,-4.43,-2.80
2013-01-01,60.54,-136.46,-5.40,-4.16,-2.67,-5.47,-4.51,-2.71,-5.76,-4.38,-2.48
2014-01-01,60.54,-136.46,-5.34,-3.57,-2.09,-5.57,-3.49,-2.30,-6.04,-4.00,-2.64
2015-01-01,60.54,-136.46,-5.20,-3.34,-2.44,-6.19,-3.69,-2.32,-5.32,-4.07,-2.44
2016-01-01,60.54,-136.46,-6.05,-3.41,-1.77,-5.93,-4.29,-3.06,-5.17,-3.88,-2.31
2017-01-01,60.54,-136.46,-5.73,-4.79,-3.24,-5.30,-4.05,-2.94,-5.21,-3.35,-1.89
2018-01-01,60.54,-136.46,-6.01,-3.49,-1.71,-5.53,-3.69,-2.33,-5.50,-3.64,-1.66
2019-01-01,60.54,-136.46,-4.97,-4.03,-2.36,-5.51,-3.55,-2.44,-5.14,-3.68,-2.43
2020-01-01,60.54,-136.46,-5.08,-3.60,-2.42,-4.81,-3.73,-2.04,-5.00,-3.61,-2.47
2021-01-01,60.54,-136.46,-4.86,-3.61,-2.39,-5.17,-3.59,-2.67,-4.84,-3.81,-2.56
2022-01-01,60.54,-136.46,-5.06,-3.82,-1.67,-5.79,-3.95,-2.23,-4.66,-3.61,-1.60
2023-01-01,60.54,-136.46,-5.21,-3.44,-1.40,-5.50,-3.78,-1.42,-4.75,-3.15,-1.81
2024-01-01,60.54,-136.46,-5.09,-3.77,-2.12,-4.57,-3.23,-1.44,-4.70,-3.51,-2.13
2025-01-01,60.54,-136.46,-5.49,-3.90,-1.92,-5.29,-3.93,-2.31,-4.71,-3.60,-2.48
2026-01-01,60.54,-136.46,-4.32,-3.67,-2.05,-5.78,-3.15,-1.92,-4.54,-2.83,-0.97
2027-01-01,60.54,-136.46,-5.13,-2.95,-1.74,-5.00,-3.61,-1.27,-4.88,-3.34,-1.54
2028-01-01,60.54,-136.46,-4.65,-3.11,-1.22,-5.37,-3.16,-1.56,-4.46,-2.61,-0.67
2029-01-01,60.54,-136.46,-5.13,-2.95,-1.86,-4.87,-3.86,-2.22,-4.47,-3.04,-1.08
2030-01-01,60.54,-136.46,-4.45,-3.34,-1.81,-4.56,-3.25,-1.97,-4.82,-3.29,-1.73
2031-01-01,60.54,-136.46,-5.59,-3.42,-1.44,-5.03,-3.20,-1.52,-4.75,-3.26,-1.50
2032-01-01,60.54,-136.46,-4.78,-3.50,-0.78,-4.86,-3.34,-1.38,-4.99,-3.45,-1.96
2033-01-01,60.54,-136.46,-4.74,-2.84,-1.39,-5.07,-3.17,-1.19,-3.93,-2.76,-1.07
2034-01-01,60.54,-136.46,-4.55,-2.84,-1.23,-4.67,-3.01,-1.27,-4.28,-2.46,-0.82
2035-01-01,60.54,-136.46,-4.27,-3.44,-1.92,-4.96,-3.19,-1.68,-4.77,-2.44,-0.24
2036-01-01,60.54,-136.46,-4.10,-3.12,-1.35,-4.43,-3.01,-1.90,-5.04,-2.56,-1.50
2037-01-01,60.54,-136.46,-4.41,-2.83,-1.32,-4.06,-2.40,-1.02,-3.96,-2.57,-0.74
2038-01-01,60.54,-136.46,-5.03,-3.37,-1.87,-4.61,-2.83,-1.75,-4.45,-2.83,-1.44
2039-01-01,60.54,-136.46,-5.19,-3.34,-1.54,-4.75,-2.62,-1.60,-4.56,-2.53,-0.79
2040-01-01,60.54,-136.46,-4.01,-2.59,-0.99,-5.48,-2.93,-0.58,-4.82,-3.04,-0.71
2041-01-01,60.54,-136.46,-5.04,-3.05,-0.61,-4.88,-3.01,-1.04,-4.34,-2.32,-1.17
2042-01-01,60.54,-136.46,-4.59,-3.32,-1.38,-4.36,-3.03,-1.41,-4.38,-2.67,-0.24
2043-01-01,60.54,-136.46,-4.57,-3.41,-1.13,-4.65,-2.25,-0.70,-3.88,-2.26,-0.65
2044-01-01,60.54,-136.46,-4.30,-2.95,-0.99,-4.06,-2.49,-0.92,-3.37,-2.15,-1.16
2045-01-01,60.54,-136.46,-4.26,-3.08,-1.67,-4.87,-2.51,-0.41,-3.55,-2.17,-1.01
2046-01-01,60.54,-136.46,-4.30,-3.30,-1.43,-4.93,-2.68,-0.81,-4.26,-2.41,-0.97
2047-01-01,60.54,-136.46,-4.75,-3.25,-1.14,-4.26,-2.73,-0.90,-3.60,-1.66,-0.48
2048-01-01,60.54,-136.46,-4.42,-3.10,-1.59,-4.47,-2.81,-0.38,-3.40,-2.11,0.31
2049-01-01,60.54,-136.46,-4.82,-3.41,-1.87,-4.00,-1.97,-0.45,-3.51,-1.84,-0.55
2050-01-01,60.54,-136.46,-5.46,-3.18,-1.06,-4.20,-1.97,-0.63,-3.54,-1.57,-0.48
2051-01-01,60.54,-136.46,-4.44,-3.80,-2.15,-3.99,-1.63,-0.73,-3.80,-1.69,0.25
2052-01-01,60.54,-136.46,-5.36,-3.30,-0.63,-3.04,-2.17,-0.99,-4.39,-2.29,-0.37
2053-01-01,60.54,-136.46,-4.69,-2.93,-1.04,-3.41,-2.05,-0.53,-3.08,-1.65,-0.25
2054-01-01,60.54,-136.46,-4.20,-2.81,-1.35,-3.84,-2.63,-1.13,-3.65,-1.99,0.13
2055-01-01,60.54,-136.46,-3.95,-2.37,-0.98,-3.71,-2.38,-0.33,-2.33,-1.49,0.16
2056-01-01,60.54,-136.46,-3.76,-2.43,-0.07,-3.43,-2.09,-0.81,-2.86,-1.73,-0.18
2057-01-01,60.54,-136.46,-3.80,-2.96,-1.10,-3.92,-2.78,-1.34,-2.80,-1.46,0.81
2058-01-01,60.54,-136.46,-5.28,-2.85,-0.75,-3.90,-1.73,0.30,-2.70,-1.11,0.75
2059-01-01,60.54,-136.46,-4.27,-2.71,-1.22,-3.69,-2.35,0.01,-3.53,-0.97,0.74
2060-01-01,60.54,-136.46,-3.81,-2.60,-1.03,-3.42,-1.84,0.34,-3.10,-0.86,0.89
2061-01-01,60.54,-136.46,-4.60,-2.17,0.28,-3.75,-2.15,-1.17,-3.62,-1.39,1.48
2062-01-01,60.54,-136.46,-4.71,-2.96,-0.32,-4.39,-2.18,-0.21,-2.89,-0.84,1.04
2063-01-01,60.54,-136.46,-4.99,-2.76,-1.58,-4.95,-1.86,0.08,-3.03,-0.37,1.57
2064-01-01,60.54,-136.46,-4.53,-3.51,-1.65,-3.82,-1.86,0.03,-3.51,-0.88,0.84
2065-01-01,60.54,-136.46,-3.59,-2.97,-1.87,-2.35,-1.29,-0.29,-3.51,-1.13,1.44
2066-01-01,60.54,-136.46,-5.22,-2.44,-0.91,-2.49,-1.38,0.34,-3.37,-0.80,1.98
2067-01-01,60.54,-136.46,-4.67,-3.19,-0.95,-3.89,-1.80,-0.03,-2.09,-0.36,1.36
2068-01-01,60.54,-136.46,-4.65,-3.73,-1.12,-3.29,-2.07,0.60,-2.67,-0.18,2.06
2069-01-01,60.54,-136.46,-4.71,-3.28,-0.64,-3.70,-1.62,-0.06,-1.48,0.21,2.19
2070-01-01,60.54,-136.46,-3.94,-2.66,-0.24,-3.37,-1.90,0.02,-2.50,-0.18,2.24
2071-01-01,60.54,-136.46,-3.99,-2.85,-0.08,-4.37,-1.77,-0.24,-2.95,-0.71,1.07
2072-01-01,60.54,-136.46,-4.12,-3.22,-1.35,-2.94,-1.77,0.45,-2.59,-0.43,1.91
2073-01-01,60.54,-136.46,-5.21,-2.77,-1.15,-3.45,-1.60,-0.02,-2.72,0.50,2.06
2074-01-01,60.54,-136.46,-3.94,-2.42,-1.14,-3.53,-1.89,-0.57,-2.24,0.21,1.81
2075-01-01,60.54,-136.46,-4.02,-2.69,-0.99,-3.24,-2.08,-0.21,-2.48,-0.04,1.74
2076-01-01,60.54,-136.46,-3.99,-2.22,-0.77,-3.74,-1.79,-0.20,-2.34,-0.04,2.51
2077-01-01,60.54,-136.46,-4.79,-3.14,-1.30,-3.37,-1.82,-0.34,-1.09,0.08,2.17
2078-01-01,60.54,-136.46,-4.51,-2.72,-0.96,-3.13,-1.79,0.63,-1.97,0.49,2.29
2079-01-01,60.54,-136.46,-4.00,-2.92,-1.76,-3.75,-1.76,-0.01,-1.99,0.40,2.73
2080-01-01,60.54,-136.46,-5.06,-3.22,-1.97,-3.20,-1.90,0.27,-2.28,0.17,2.36
2081-01-01,60.54,-136.46,-4.94,-3.16,-1.49,-3.06,-1.23,0.94,-1.96,0.55,2.03
2082-01-01,60.54,-136.46,-4.18,-2.61,-1.06,-3.61,-2.13,-0.12,-2.26,1.04,2.32
2083-01-01,60.54,-136.46,-4.67,-2.45,-0.92,-3.73,-1.73,0.16,-1.70,0.75,2.89
2084-01-01,60.54,-136.46,-5.03,-2.98,-1.79,-3.77,-1.26,0.01,-2.34,0.40,2.54
2085-01-01,60.54,-136.46,-3.97,-2.51,-0.99,-3.94,-2.21,-0.01,-1.30,0.43,2.87
2086-01-01,60.54,-136.46,-4.36,-2.86,-1.01,-3.54,-1.97,0.43,-1.14,1.35,2.54
2087-01-01,60.54,-136.46,-3.99,-3.23,-1.96,-3.76,-2.12,-0.35,-1.30,1.10,3.22
2088-01-01,60.54,-136.46,-4.27,-2.48,-1.34,-3.26,-1.49,0.17,-0.84,1.09,3.07
2089-01-01,60.54,-136.46,-4.36,-2.23,-1.64,-2.65,-1.13,0.65,-0.42,1.07,3.82
2090-01-01,60.54,-136.46,-4.95,-2.67,-1.12,-2.81,-1.01,1.20,-0.60,1.49,3.99
2091-01-01,60.54,-136.46,-4.28,-2.75,-0.96,-3.45,-1.53,0.28,-0.41,1.57,3.88
2092-01-01,60.54,-136.46,-4.62,-2.61,-0.51,-3.37,-2.18,0.12,-0.84,1.60,2.99
2093-01-01,60.54,-136.46,-4.41,-2.82,-1.20,-3.70,-1.17,-0.34,-1.64,1.74,3.37
2094-01-01,60.54,-136.46,-4.81,-2.59,-0.98,-2.81,-1.83,-0.12,-0.92,1.24,3.10
2095-01-01,60.54,-136.46,-5.07,-2.76,-1.27,-2.76,-1.35,0.25,-0.63,1.38,3.86
2096-01-01,60.54,-136.46,-5.21,-3.00,-0.67,-2.99,-1.06,1.10,-1.09,1.87,4.12
2097-01-01,60.54,-136.46,-4.17,-2.17,-0.91,-3.37,-1.52,0.65,-0.17,2.12,4.65
2098-01-01,60.54,-136.46,-4.17,-3.04,-1.48,-3.31,-1.79,0.89,-0.28,2.37,4.74
2099-01-01,60.54,-136.46,-4.93,-2.89,0.00,-3.63,-0.93,0.99,-0.65,2.03,4.20
2100-01-01,60.54,-136.46,-4.13,-2.73,-0.65,-2.73,-1.12,0.42,-0.17,1.92,3.42
1950-01-01,60.54,-132.63,-3.76,-2.37,-0.76,-3.76,-2.37,-0.76,-3.76,-2.36,-0.76
1951-01-01,60.54,-132.63,-3.43,-2.19,-0.86,-3.43,-2.19,-0.86,-3.43,-2.18,-0.86
1952-01-01,60.54,-132.63,-4.26,-2.66,-0.82,-4.26,-2.66,-0.82,-4.26,-2.66,-0.82
1953-01-01,60.54,-132.63,-4.52,-2.54,-1.16,-4.52,-2.54,-1.16,-4.52,-2.54,-1.16
1954-01-01,60.54,-132.63,-3.56,-2.12,-1.25,-3.56,-2.12,-1.25,-3.50,-2.12,-1.25
1955-01-01,60.54,-132.63,-3.97,-2.83,-1.06,-3.97,-2.83,-1.06,-3.97,-2.83,-1.05
1956-01-01,60.54,-132.63,-3.80,-2.25,-0.76,-3.80,-2.25,-0.76,-3.80,-2.25,-0.76
1957-01-01,60.54,-132.63,-4.19,-2.88,-0.88,-4.19,-2.88,-0.88,-4.19,-2.85,-0.88
1958-01-01,60.54,-132.63,-3.64,-2.55,-1.03,-3.64,-2.55,-1.03,-3.59,-2.55,-1.03
1959-01-01,60.54,-132.63,-3.96,-2.43,-0.55,-3.96,-2.43,-0.55,-3.96,-2.43,-0.55
1960-01-01,60.54,-132.63,-3.69,-2.70,-0.84,-3.69,-2.70,-0.84,-3.69,-2.67,-0.84
1961-01-01,60.54,-132.63,-3.85,-1.99,-0.89,-3.85,-1.99,-0.89,-3.85,-1.99,-0.89
1962-01-01,60.54,-132.63,-3.80,-2.63,-0.88,-3.80,-2.63,-0.88,-3.80,-2.63,-0.88
1963-01-01,60.54,-132.63,-4.19,-2.65,-1.79,-4.19,-2.65,-1.79,-4.19,-2.65,-1.79
1964-01-01,60.54,-132.63,-4.43,-2.96,-1.63,-4.43,-2.96,-1.63,-4.43,-2.96,-1.63
1965-01-01,60.54,-132.63,-3.79,-2.66,-0.91,-3.79,-2.66,-0.91,-3.79,-2.66,-0.91
1966-01-01,60.54,-132.63,-4.11,-2.71,-1.46,-4.11,-2.71,-1.46,-4.11,-2.71,-1.46
1967-01-01,60.54,-132.63,-3.66,-2.00,-0.85,-3.66,-2.00,-0.85,-3.66,-1.96,-0.85
1968-01-01,60.54,-132.63,-4.05,-2.90,-1.87,-4.05,-2.90,-1.87,-4.05,-2.90,-1.87
1969-01-01,60.54,-132.63,-4.04,-2.08,-0.87,-4.04,-2.08,-0.87,-4.04,-2.08,-0.87
1970-01-01,60.54,-132.63,-3.86,-2.17,-0.78,-3.86,-2.17,-0.78,-3.86,-2.17,-0.78
1971-01-01,60.54,-132.63,-3.59,-2.39,-0.35,-3.59,-2.39,-0.35,-3.59,-2.39,-0.35
1972-01-01,60.54,-132.63,-3.80,-2.67,-1.37,-3.80,-2.67,-1.37,-3.80,-2.64,-1.37
1973-01-01,60.54,-132.63,-4.25,-2.20,-0.68,-4.25,-2.20,-0.68,-4.24,-2.20,-0.68
1974-01-01,60.54,-132.63,-3.78,-2.03,-1.37,-3.78,-2.03,-1.37,-3.78,-2.03,-1.37
1975-01-01,60.54,-132.63,-3.74,-2.03,-0.97,-3.74,-2.03,-0.97,-3.74,-2.03,-0.97
1976-01-01,60.54,-132.63,-4.06,-2.02,-0.43,-4.06,-2.02,-0.43,-4.06,-2.02,-0.43
1977-01-01,60.54,-132.63,-3.47,-1.85,-0.83,-3.47,-1.85,-0.83,-3.47,-1.85,-0.83
1978-01-01,60.54,-132.63,-3.32,-1.85,-0.85,-3.32,-1.85,-0.85,-3.32,-1.82,-0.85
1979-01-01,60.54,-132.63,-3.92,-1.98,-0.62,-3.92,-1.98,-0.62,-3.92,-1.98,-0.62
1980-01-01,60.54,-132.63,-4.34,-2.29,-1.25,-4.35,-2.29,-1.26,-4.32,-2.28,-1.26
1981-01-01,60.54,-132.63,-3.93,-2.48,-0.80,-3.93,-2.47,-0.79,-3.93,-2.45,-0.81
1982-01-01,60.54,-132.63,-3.96,-2.50,-1.54,-3.93,-2.49,-1.54,-3.93,-2.49,-1.57
1983-01-01,60.54,-132.63,-4.20,-2.00,-1.03,-4.22,-1.99,-1.02,-4.18,-2.01,-1.01
1984-01-01,60.54,-132.63,-3.66,-1.85,-0.36,-3.66,-1.85,-0.35,-3.64,-1.86,-0.39
1985-01-01,60.54,-132.63,-3.71,-2.32,-1.69,-3.70,-2.32,-1.68,-3.72,-2.33,-1.68
1986-01-01,60.54,-132.63,-3.75,-2.53,-1.31,-3.76,-2.54,-1.32,-3.78,-2.48,-1.30
1987-01-01,60.54,-132.63,-3.39,-2.06,-0.88,-3.38,-2.05,-0.88,-3.39,-2.05,-0.90
1988-01-01,60.54,-132.63,-3.74,-1.77,-0.88,-3.73,-1.77,-0.90,-3.74,-1.77,-0.87
1989-01-01,60.54,-132.63,-3.04,-2.32,-0.71,-3.01,-2.33,-0.71,-3.01,-2.33,-0.67
1990-01-01,60.54,-132.63,-3.70,-2.15,0.44,-3.71,-2.15,0.49,-3.71,-2.16,0.48
1991-01-01,60.54,-132.63,-3.80,-2.70,-0.96,-3.79,-2.69,-0.95,-3.78,-2.68,-0.97
1992-01-01,60.54,-132.63,-3.27,-2.36,-0.69,-3.25,-2.39,-0.68,-3.24,-2.39,-0.68
1993-01-01,60.54,-132.63,-3.15,-1.65,-0.28,-3.15,-1.65,-0.29,-3.14,-1.66,-0.29
1994-01-01,60.54,-132.63,-3.33,-2.24,-1.21,-3.32,-2.23,-1.20,-3.30,-2.23,-1.20
1995-01-01,60.54,-132.63,-3.98,-2.35,-0.76,-3.98,-2.33,-0.77,-3.99,-2.32,-0.74
1996-01-01,60.54,-132.63,-3.47,-2.24,-0.70,-3.46,-2.25,-0.70,-3.48,-2.25,-0.69
1997-01-01,60.54,-132.63,-3.72,-1.60,-0.31,-3.73,-1.60,-0.32,-3.74,-1.59,-0.29
1998-01-01,60.54,-132.63,-2.94,-1.64,-0.66,-2.94,-1.63,-0.68,-2.95,-1.62,-0.62
1999-01-01,60.54,-132.63,-2.60,-1.52,-0.55,-2.61,-1.51,-0.56,-2.66,-1.51,-0.57
2000-01-01,60.54,-132.63,-3.47,-1.69,0.03,-3.48,-1.70,0.02,-3.45,-1.70,-0.03
2001-01-01,60.54,-132.63,-3.37,-1.71,0.40,-3.37,-1.69,0.42,-3.36,-1.71,0.44
2002-01-01,60.54,-132.63,-2.39,-1.55,-0.15,-2.39,-1.55,-0.15,-2.41,-1.55,-0.15
2003-01-01,60.54,-132.63,-3.30,-1.79,0.50,-3.32,-1.80,0.52,-3.32,-1.79,0.52
2004-01-01,60.54,-132.63,-2.70,-1.24,0.44,-2.67,-1.25,0.44,-2.66,-1.22,0.43
2005-01-01,60.54,-132.63,-2.75,-1.06,-0.20,-2.55,-1.06,-0.21,-2.79,-1.05,-0.20
2006-01-01,60.54,-132.63,-2.59,-0.83,0.43,-2.08,-1.04,0.51,-2.62,-1.42,0.09
2007-01-01,60.54,-132.63,-3.00,-1.12,0.56,-2.82,-2.07,-0.14,-2.84,-1.58,0.59
2008-01-01,60.54,-132.63,-3.17,-1.31,0.48,-2.52,-1.34,-0.50,-3.35,-1.80,0.28
2009-01-01,60.54,-132.63,-2.29,-1.08,0.79,-3.10,-1.35,0.35,-2.60,-1.05,0.55
2010-01-01,60.54,-132.63,-2.17,-1.08,0.36,-2.91,-1.22,0.68,-2.94,-0.87,0.44
2011-01-01,60.54,-132.63,-2.87,-1.01,0.21,-2.79,-0.92,0.39,-2.63,-1.28,0.23
2012-01-01,60.54,-132.63,-2.54,-0.87,0.56,-3.21,-1.33,-0.50,-2.70,-1.35,-0.09
2013-01-01,60.54,-132.63,-2.37,-1.10,0.18,-2.53,-1.46,0.37,-2.58,-1.38,0.57
2014-01-01,60.54,-132.63,-2.60,-0.90,0.68,-2.60,-0.94,0.52,-2.74,-0.90,0.20
2015-01-01,60.54,-132.63,-2.22,-0.47,0.47,-2.80,-0.94,0.25,-2.24,-0.99,0.36
2016-01-01,60.54,-132.63,-3.10,-0.53,1.30,-3.26,-1.52,-0.10,-2.26,-0.90,0.65
2017-01-01,60.54,-132.63,-2.92,-1.61,-0.29,-2.34,-1.19,0.10,-2.64,-0.60,1.09
2018-01-01,60.54,-132.63,-2.99,-0.37,0.85,-2.66,-1.01,0.26,-2.44,-0.73,0.97
2019-01-01,60.54,-132.63,-1.91,-1.29,0.39,-2.53,-0.63,0.26,-2.26,-0.81,0.76
2020-01-01,60.54,-132.63,-2.14,-0.61,0.44,-2.29,-0.81,0.62,-2.32,-0.74,0.46
2021-01-01,60.54,-132.63,-1.86,-0.90,0.40,-2.15,-0.72,0.11,-1.71,-0.87,0.36
2022-01-01,60.54,-132.63,-2.38,-0.91,0.90,-3.00,-1.09,0.31,-1.50,-0.76,1.21
2023-01-01,60.54,-132.63,-2.17,-0.62,1.02,-2.76,-0.86,1.22,-1.69,-0.20,0.88
2024-01-01,60.54,-132.63,-2.27,-0.99,0.59,-1.45,-0.47,1.34,-1.92,-0.52,0.73
2025-01-01,60.54,-132.63,-2.78,-1.24,0.74,-2.31,-1.10,0.64,-1.78,-0.72,0.39
2026-01-01,60.54,-132.63,-1.59,-0.66,0.52,-2.61,-0.49,0.84,-1.59,-0.12,1.66
2027-01-01,60.54,-132.63,-2.33,-0.10,1.13,-2.12,-0.73,1.70,-1.93,-0.50,1.35
2028-01-01,60.54,-132.63,-1.52,-0.40,1.48,-2.56,-0.28,1.24,-1.55,0.02,1.99
2029-01-01,60.54,-132.63,-2.11,-0.17,1.13,-2.01,-0.98,0.68,-1.38,-0.14,1.66
2030-01-01,60.54,-132.63,-1.56,-0.56,1.16,-1.67,-0.50,0.64,-1.96,-0.47,1.19
2031-01-01,60.54,-132.63,-2.67,-0.58,1.17,-2.08,-0.48,1.28,-1.93,-0.36,1.30
2032-01-01,60.54,-132.63,-1.70,-0.75,1.90,-2.00,-0.62,1.69,-2.03,-0.63,0.87
2033-01-01,60.54,-132.63,-1.78,0.08,1.15,-2.03,-0.39,1.96,-0.96,0.04,1.68
2034-01-01,60.54,-132.63,-1.70,0.05,1.22,-1.97,-0.05,1.45,-1.50,0.42,1.77
2035-01-01,60.54,-132.63,-1.65,-0.59,0.80,-2.04,-0.26,1.29,-2.04,0.38,2.50
2036-01-01,60.54,-132.63,-1.31,-0.27,1.54,-1.59,-0.10,1.09,-2.26,0.07,1.26
2037-01-01,60.54,-132.63,-1.78,-0.11,1.53,-1.15,0.41,2.02,-1.16,0.30,2.01
2038-01-01,60.54,-132.63,-2.04,-0.56,0.76,-1.70,-0.09,1.11,-1.39,-0.07,1.35
2039-01-01,60.54,-132.63,-2.42,-0.41,1.22,-1.93,0.02,1.06,-1.69,0.23,2.05
2040-01-01,60.54,-132.63,-1.05,0.36,1.73,-2.35,-0.31,1.95,-1.77,-0.21,1.73
2041-01-01,60.54,-132.63,-2.35,-0.16,2.51,-1.90,-0.02,1.64,-1.39,0.81,1.95
2042-01-01,60.54,-132.63,-1.74,-0.57,1.52,-1.33,-0.12,1.17,-1.48,0.31,2.72
2043-01-01,60.54,-132.63,-1.56,-0.68,1.35,-1.77,0.41,2.14,-0.99,0.86,2.40
2044-01-01,60.54,-132.63,-1.35,-0.07,1.79,-1.21,0.40,1.89,-0.62,0.76,2.25
2045-01-01,60.54,-132.63,-1.33,-0.28,1.26,-1.91,0.27,2.58,-0.63,0.71,1.86
2046-01-01,60.54,-132.63,-1.51,-0.32,1.28,-2.16,0.16,1.90,-1.22,0.75,1.91
2047-01-01,60.54,-132.63,-1.75,-0.20,1.38,-1.36,0.21,1.85,-0.45,1.28,2.36
2048-01-01,60.54,-132.63,-1.48,-0.34,1.16,-1.86,0.05,2.55,-0.40,0.72,3.07
2049-01-01,60.54,-132.63,-1.85,-0.29,0.71,-1.16,0.82,2.18,-0.60,1.14,2.32
2050-01-01,60.54,-132.63,-2.56,-0.50,1.74,-1.47,0.75,2.12,-0.50,0.92,2.24
2051-01-01,60.54,-132.63,-1.73,-0.81,0.76,-1.24,1.01,2.16,-0.87,1.06,3.25
2052-01-01,60.54,-132.63,-2.06,-0.53,2.43,-0.11,0.62,1.69,-1.33,0.46,2.20
2053-01-01,60.54,-132.63,-1.69,-0.32,1.59,-0.32,0.83,1.88,-0.37,1.22,2.67
2054-01-01,60.54,-132.63,-1.41,0.03,1.16,-1.02,0.25,1.44,-0.85,0.81,2.84
2055-01-01,60.54,-132.63,-1.34,0.39,2.20,-0.95,0.48,2.63,0.51,1.34,2.93
2056-01-01,60.54,-132.63,-0.82,0.31,2.87,-0.74,0.84,2.10,-0.02,1.17,2.58
2057-01-01,60.54,-132.63,-1.07,-0.08,1.72,-1.25,-0.03,2.06,0.06,1.27,3.58
2058-01-01,60.54,-132.63,-2.67,0.07,1.95,-0.56,1.03,2.74,-0.01,1.73,3.54
2059-01-01,60.54,-132.63,-1.46,0.15,1.55,-0.95,0.38,2.50,-0.64,1.66,3.54
2060-01-01,60.54,-132.63,-0.64,0.32,1.92,-0.70,0.77,3.11,-0.11,2.17,3.64
2061-01-01,60.54,-132.63,-1.57,0.60,3.08,-0.84,0.72,1.62,-0.82,1.41,4.26
2062-01-01,60.54,-132.63,-1.74,0.02,2.42,-1.34,0.66,3.16,-0.09,1.89,3.85
2063-01-01,60.54,-132.63,-2.12,0.11,1.01,-1.99,0.90,3.38,-0.18,2.51,4.58
2064-01-01,60.54,-132.63,-1.56,-0.89,1.33,-0.98,1.04,2.77,-0.60,2.01,3.89
2065-01-01,60.54,-132.63,-0.83,-0.00,0.72,0.29,1.57,2.40,-0.50,1.91,4.03
2066-01-01,60.54,-132.63,-1.93,0.29,2.08,0.48,1.48,2.83,-0.56,2.10,4.50
2067-01-01,60.54,-132.63,-1.63,-0.29,2.17,-0.78,1.28,2.53,0.80,2.41,4.07
2068-01-01,60.54,-132.63,-1.57,-0.77,1.40,-0.63,0.71,3.44,0.30,2.71,5.10
2069-01-01,60.54,-132.63,-1.84,-0.10,1.95,-0.95,1.26,2.52,1.26,2.82,4.40
2070-01-01,60.54,-132.63,-1.15,0.14,2.65,-0.52,1.04,3.21,0.35,2.80,5.10
2071-01-01,60.54,-132.63,-0.97,-0.13,2.93,-1.59,1.23,2.70,0.09,2.42,4.28
2072-01-01,60.54,-132.63,-1.42,-0.18,1.66,-0.18,1.03,3.03,0.51,2.44,5.05
2073-01-01,60.54,-132.63,-2.18,-0.05,1.67,-0.80,1.08,3.26,0.25,3.45,4.84
2074-01-01,60.54,-132.63,-0.79,0.50,1.74,-0.56,0.90,2.29,0.68,2.95,4.54
2075-01-01,60.54,-132.63,-0.98,0.03,2.09,-0.16,0.76,2.69,0.70,2.91,4.58
2076-01-01,60.54,-132.63,-1.32,0.68,2.05,-0.87,1.04,2.58,0.98,3.10,5.39
2077-01-01,60.54,-132.63,-2.02,-0.09,1.20,-0.55,0.89,2.53,1.70,3.24,5.16
2078-01-01,60.54,-132.63,-1.68,0.13,1.90,-0.43,1.14,2.94,0.89,3.71,5.28
2079-01-01,60.54,-132.63,-1.12,-0.01,1.14,-0.94,1.14,2.61,1.13,3.17,5.68
2080-01-01,60.54,-132.63,-2.18,-0.36,0.92,-0.57,0.87,3.04,0.73,3.13,5.19
2081-01-01,60.54,-132.63,-2.01,-0.30,1.16,-0.17,1.44,3.48,1.12,3.47,5.21
2082-01-01,60.54,-132.63,-1.56,0.19,1.91,-0.86,0.96,2.94,0.66,3.90,5.44
2083-01-01,60.54,-132.63,-1.97,0.58,1.81,-0.92,1.06,2.85,0.92,3.87,6.09
2084-01-01,60.54,-132.63,-1.87,0.15,1.20,-1.03,1.60,2.98,0.56,3.33,5.54
2085-01-01,60.54,-132.63,-1.06,0.35,1.81,-1.05,0.63,2.81,1.35,3.12,5.63
2086-01-01,60.54,-132.63,-1.41,0.23,1.63,-0.54,0.87,3.42,1.76,4.02,5.20
2087-01-01,60.54,-132.63,-1.18,-0.61,0.93,-0.69,0.95,2.74,1.70,4.13,5.85
2088-01-01,60.54,-132.63,-1.44,0.41,1.72,-0.31,1.18,3.29,1.91,3.86,5.77
2089-01-01,60.54,-132.63,-1.38,0.59,1.42,0.10,1.74,3.50,2.20,3.91,6.89
2090-01-01,60.54,-132.63,-1.96,-0.01,1.56,0.14,1.72,4.05,2.14,3.99,6.74
2091-01-01,60.54,-132.63,-1.34,-0.10,1.75,-0.64,1.05,3.03,2.07,4.23,6.72
2092-01-01,60.54,-132.63,-1.64,0.08,2.17,-0.49,0.61,3.11,1.76,4.42,5.63
2093-01-01,60.54,-132.63,-1.41,0.04,1.86,-0.79,1.60,2.67,1.43,4.67,6.27
2094-01-01,60.54,-132.63,-1.65,0.24,1.86,-0.31,1.09,3.06,1.96,4.34,5.66
2095-01-01,60.54,-132.63,-2.13,-0.01,1.40,0.16,1.52,3.06,2.32,3.67,6.59
2096-01-01,60.54,-132.63,-2.18,-0.05,1.97,0.06,1.47,3.45,1.95,4.57,6.90
2097-01-01,60.54,-132.63,-1.37,0.44,1.88,-0.47,1.25,3.42,2.80,4.75,7.20
2098-01-01,60.54,-132.63,-1.27,-0.33,1.23,-0.63,1.16,3.85,2.76,4.82,7.61
2099-01-01,60.54,-132.63,-1.77,-0.11,2.42,-0.59,1.79,3.65,2.09,4.89,7.16
2100-01-01,60.54,-132.63,-1.24,0.15,2.29,0.28,2.00,3.10,2.67,4.55,6.81
1950-01-01,60.87,-134.63,-4.93,-3.60,-2.03,-4.93,-3.60,-2.03,-4.93,-3.59,-2.03
1951-01-01,60.87,-134.63,-4.71,-3.68,-2.11,-4.71,-3.68,-2.11,-4.71,-3.68,-2.11
1952-01-01,60.87,-134.63,-5.63,-3.80,-2.00,-5.63,-3.80,-2.00,-5.63,-3.80,-2.00
1953-01-01,60.87,-134.63,-5.87,-3.83,-2.36,-5.87,-3.83,-2.36,-5.87,-3.83,-2.36
1954-01-01,60.87,-134.63,-4.81,-3.34,-2.42,-4.81,-3.34,-2.42,-4.80,-3.34,-2.42
1955-01-01,60.87,-134.63,-5.50,-4.20,-2.24,-5.50,-4.20,-2.24,-5.50,-4.20,-2.23
1956-01-01,60.87,-134.63,-5.15,-3.39,-2.03,-5.15,-3.39,-2.03,-5.15,-3.39,-2.02
1957-01-01,60.87,-134.63,-5.43,-4.08,-2.07,-5.43,-4.08,-2.07,-5.43,-4.06,-2.07
1958-01-01,60.87,-134.63,-4.97,-3.73,-2.22,-4.97,-3.73,-2.22,-4.96,-3.73,-2.22
1959-01-01,60.87,-134.63,-5.23,-3.83,-1.78,-5.23,-3.83,-1.78,-5.23,-3.83,-1.78
1960-01-01,60.87,-134.63,-4.97,-4.23,-1.87,-4.97,-4.23,-1.87,-4.97,-4.22,-1.87
1961-01-01,60.87,-134.63,-5.27,-3.46,-2.13,-5.27,-3.46,-2.13,-5.27,-3.46,-2.13
1962-01-01,60.87,-134.63,-5.00,-3.90,-1.95,-5.00,-3.90,-1.95,-5.00,-3.90,-1.95
1963-01-01,60.87,-134.63,-5.67,-3.87,-2.90,-5.67,-3.87,-2.90,-5.67,-3.87,-2.90
1964-01-01,60.87,-134.63,-5.83,-4.24,-2.92,-5.83,-4.24,-2.92,-5.83,-4.24,-2.92
1965-01-01,60.87,-134.63,-4.93,-4.08,-2.18,-4.93,-4.08,-2.18,-4.93,-4.08,-2.18
1966-01-01,60.87,-134.63,-5.53,-4.05,-2.64,-5.53,-4.05,-2.64,-5.53,-4.05,-2.64
1967-01-01,60.87,-134.63,-5.19,-3.34,-2.00,-5.19,-3.34,-2.00,-5.19,-3.31,-2.00
1968-01-01,60.87,-134.63,-5.41,-4.11,-3.08,-5.41,-4.11,-3.08,-5.41,-4.11,-3.08
1969-01-01,60.87,-134.63,-5.40,-3.37,-2.02,-5.40,-3.37,-2.02,-5.40,-3.37,-2.02
1970-01-01,60.87,-134.63,-5.26,-3.44,-2.10,-5.26,-3.44,-2.10,-5.26,-3.44,-2.10
1971-01-01,60.87,-134.63,-4.88,-3.76,-1.41,-4.88,-3.76,-1.41,-4.88,-3.76,-1.41
1972-01-01,60.87,-134.63,-5.16,-3.94,-2.67,-5.16,-3.94,-2.67,-5.16,-3.93,-2.67
1973-01-01,60.87,-134.63,-5.63,-3.41,-1.79,-5.63,-3.41,-1.79,-5.63,-3.41,-1.79
1974-01-01,60.87,-134.63,-5.18,-3.32,-2.45,-5.18,-3.32,-2.45,-5.18,-3.32,-2.45
1975-01-01,60.87,-134.63,-5.04,-3.31,-2.25,-5.04,-3.31,-2.25,-5.04,-3.31,-2.25
1976-01-01,60.87,-134.63,-5.27,-3.31,-1.41,-5.27,-3.31,-1.41,-5.27,-3.31,-1.41
1977-01-01,60.87,-134.63,-4.94,-3.17,-2.00,-4.94,-3.17,-2.00,-4.94,-3.16,-2.00
1978-01-01,60.87,-134.63,-4.63,-3.15,-1.99,-4.63,-3.15,-1.99,-4.63,-3.15,-1.99
1979-01-01,60.87,-134.63,-5.22,-3.34,-1.64,-5.22,-3.34,-1.64,-5.22,-3.34,-1.64
1980-01-01,60.87,-134.63,-5.71,-3.57,-2.49,-5.73,-3.56,-2.48,-5.72,-3.55,-2.46
1981-01-01,60.87,-134.63,-5.36,-3.72,-1.84,-5.36,-3.74,-1.83,-5.36,-3.72,-1.84
1982-01-01,60.87,-134.63,-5.55,-3.96,-2.78,-5.51,-3.93,-2.78,-5.51,-3.95,-2.80
1983-01-01,60.87,-134.63,-5.64,-3.20,-2.31,-5.65,-3.21,-2.28,-5.63,-3.23,-2.27
1984-01-01,60.87,-134.63,-4.99,-3.06,-1.56,-4.99,-3.05,-1.55,-4.96,-3.07,-1.56
1985-01-01,60.87,-134.63,-4.94,-3.54,-2.68,-4.93,-3.55,-2.66,-4.95,-3.54,-2.66
1986-01-01,60.87,-134.63,-5.15,-3.74,-2.42,-5.16,-3.75,-2.40,-5.18,-3.74,-2.42
1987-01-01,60.87,-134.63,-4.64,-3.36,-2.13,-4.63,-3.33,-2.13,-4.65,-3.34,-2.14
1988-01-01,60.87,-134.63,-5.14,-2.99,-2.15,-5.14,-2.98,-2.17,-5.14,-2.96,-2.14
1989-01-01,60.87,-134.63,-4.29,-3.77,-1.71,-4.26,-3.75,-1.70,-4.27,-3.76,-1.68
1990-01-01,60.87,-134.63,-4.91,-3.56,-0.68,-4.91,-3.56,-0.63,-4.91,-3.57,-0.64
1991-01-01,60.87,-134.63,-5.18,-3.90,-2.18,-5.19,-3.89,-2.16,-5.16,-3.90,-2.14
1992-01-01,60.87,-134.63,-4.54,-3.46,-1.91,-4.51,-3.49,-1.89,-4.52,-3.49,-1.87
1993-01-01,60.87,-134.63,-4.49,-2.82,-1.50,-4.49,-2.82,-1.48,-4.49,-2.82,-1.48
1994-01-01,60.87,-134.63,-4.68,-3.59,-2.53,-4.65,-3.56,-2.52,-4.63,-3.56,-2.54
1995-01-01,60.87,-134.63,-5.40,-3.68,-2.03,-5.39,-3.69,-2.03,-5.39,-3.68,-2.01
1996-01-01,60.87,-134.63,-4.80,-3.51,-1.79,-4.79,-3.50,-1.79,-4.82,-3.49,-1.76
1997-01-01,60.87,-134.63,-5.01,-2.76,-1.47,-5.03,-2.76,-1.46,-5.03,-2.75,-1.44
1998-01-01,60.87,-134.63,-4.37,-2.91,-1.82,-4.37,-2.92,-1.83,-4.37,-2.94,-1.80
1999-01-01,60.87,-134.63,-3.92,-2.61,-1.83,-3.93,-2.63,-1.84,-3.96,-2.62,-1.86
2000-01-01,60.87,-134.63,-4.85,-2.97,-1.29,-4.86,-2.94,-1.30,-4.83,-2.95,-1.30
2001-01-01,60.87,-134.63,-4.61,-3.03,-0.72,-4.63,-3.02,-0.68,-4.60,-3.03,-0.69
2002-01-01,60.87,-134.63,-3.62,-2.60,-1.22,-3.62,-2.59,-1.22,-3.62,-2.57,-1.19
2003-01-01,60.87,-134.63,-4.64,-2.91,-0.66,-4.66,-2.90,-0.63,-4.66,-2.89,-0.64
2004-01-01,60.87,-134.63,-4.05,-2.39,-0.72,-4.01,-2.37,-0.72,-4.01,-2.40,-0.71
2005-01-01,60.87,-134.63,-3.77,-2.33,-1.44,-3.59,-2.32,-1.45,-3.96,-2.33,-1.45
2006-01-01,60.87,-134.63,-3.87,-2.00,-0.54,-3.45,-2.21,-0.61,-4.02,-2.82,-1.06
2007-01-01,60.87,-134.63,-4.12,-2.27,-0.20,-4.14,-3.32,-1.28,-4.15,-2.75,-0.59
2008-01-01,60.87,-134.63,-4.54,-2.53,-0.77,-3.70,-2.60,-1.66,-4.63,-3.11,-0.93
2009-01-01,60.87,-134.63,-3.66,-2.19,-0.26,-4.42,-2.51,-0.81,-3.84,-2.19,-0.58
2010-01-01,60.87,-134.63,-3.48,-2.37,-0.78,-4.37,-2.48,-0.53,-4.37,-2.09,-0.54
2011-01-01,60.87,-134.63,-4.20,-2.22,-1.06,-4.27,-2.18,-0.85,-3.83,-2.68,-1.01
2012-01-01,60.87,-134.63,-3.84,-2.18,-0.56,-4.37,-2.52,-1.75,-4.18,-2.64,-1.33
2013-01-01,60.87,-134.63,-3.74,-2.51,-0.98,-3.83,-2.74,-0.96,-4.00,-2.67,-0.64
2014-01-01,60.87,-134.63,-3.80,-2.02,-0.45,-3.97,-1.99,-0.65,-4.29,-2.18,-1.07
2015-01-01,60.87,-134.63,-3.64,-1.65,-0.79,-4.47,-2.18,-0.81,-3.60,-2.48,-0.70
2016-01-01,60.87,-134.63,-4.40,-1.79,-0.05,-4.44,-2.72,-1.43,-3.57,-2.26,-0.61
2017-01-01,60.87,-134.63,-4.23,-3.10,-1.63,-3.74,-2.39,-1.18,-3.75,-1.85,-0.11
2018-01-01,60.87,-134.63,-4.44,-1.63,-0.12,-3.99,-2.06,-0.80,-3.76,-2.02,-0.01
2019-01-01,60.87,-134.63,-3.13,-2.50,-0.69,-3.81,-1.84,-0.71,-3.52,-2.11,-0.43
2020-01-01,60.87,-134.63,-3.47,-1.89,-0.67,-3.33,-2.14,-0.35,-3.49,-1.98,-0.79
2021-01-01,60.87,-134.63,-3.15,-2.10,-0.81,-3.56,-1.89,-1.06,-3.25,-2.10,-0.78
2022-01-01,60.87,-134.63,-3.67,-2.06,-0.18,-4.28,-2.25,-0.78,-2.85,-2.01,0.00
2023-01-01,60.87,-134.63,-3.57,-1.70,-0.12,-3.91,-2.21,0.19,-3.13,-1.39,-0.08
2024-01-01,60.87,-134.63,-3.52,-2.26,-0.63,-2.80,-1.69,0.17,-3.17,-1.74,-0.44
2025-01-01,60.87,-134.63,-3.93,-2.42,-0.27,-3.69,-2.37,-0.50,-3.06,-2.00,-0.79
2026-01-01,60.87,-134.63,-2.76,-1.93,-0.68,-4.02,-1.64,-0.39,-2.88,-1.25,0.58
2027-01-01,60.87,-134.63,-3.66,-1.31,-0.12,-3.42,-1.96,0.57,-3.26,-1.75,0.20
2028-01-01,60.87,-134.63,-2.86,-1.55,0.53,-3.90,-1.52,0.08,-2.86,-1.13,1.01
2029-01-01,60.87,-134.63,-3.45,-1.40,-0.10,-3.34,-2.25,-0.55,-2.80,-1.44,0.57
2030-01-01,60.87,-134.63,-2.85,-1.73,-0.08,-2.85,-1.70,-0.44,-3.29,-1.60,0.07
2031-01-01,60.87,-134.63,-4.03,-1.76,0.10,-3.35,-1.64,0.07,-3.06,-1.51,0.11
2032-01-01,60.87,-134.63,-2.95,-1.94,0.86,-3.21,-1.74,0.33,-3.34,-1.81,-0.30
2033-01-01,60.87,-134.63,-3.19,-1.13,0.05,-3.41,-1.61,0.70,-2.27,-1.14,0.69
2034-01-01,60.87,-134.63,-3.00,-1.16,0.18,-3.19,-1.36,0.32,-2.80,-0.84,0.78
2035-01-01,60.87,-134.63,-2.82,-1.83,-0.35,-3.20,-1.56,0.20,-3.24,-0.85,1.48
2036-01-01,60.87,-134.63,-2.49,-1.57,0.30,-2.79,-1.24,-0.10,-3.55,-0.90,0.15
2037-01-01,60.87,-134.63,-2.90,-1.23,0.35,-2.46,-0.79,0.76,-2.36,-0.88,0.99
2038-01-01,60.87,-134.63,-3.30,-1.82,-0.36,-3.02,-1.19,-0.21,-2.78,-1.34,0.21
2039-01-01,60.87,-134.63,-3.77,-1.68,0.00,-3.20,-1.07,-0.07,-3.11,-0.99,1.02
2040-01-01,60.87,-134.63,-2.46,-0.93,0.67,-3.81,-1.48,0.99,-3.08,-1.41,0.88
2041-01-01,60.87,-134.63,-3.56,-1.37,1.37,-3.22,-1.30,0.57,-2.75,-0.56,0.60
2042-01-01,60.87,-134.63,-2.91,-1.79,0.25,-2.65,-1.26,0.18,-2.76,-1.02,1.70
2043-01-01,60.87,-134.63,-2.90,-1.86,0.36,-3.12,-0.71,1.06,-2.32,-0.38,1.14
2044-01-01,60.87,-134.63,-2.59,-1.27,0.69,-2.39,-0.81,0.73,-1.78,-0.44,0.87
2045-01-01,60.87,-134.63,-2.54,-1.45,0.07,-3.21,-0.69,1.38,-1.88,-0.63,0.72
2046-01-01,60.87,-134.63,-2.73,-1.63,0.17,-3.46,-1.08,0.78,-2.63,-0.60,0.81
2047-01-01,60.87,-134.63,-3.16,-1.59,0.39,-2.73,-1.08,0.73,-1.91,0.15,1.33
2048-01-01,60.87,-134.63,-2.86,-1.55,-0.00,-3.01,-1.21,1.40,-1.83,-0.53,1.95
2049-01-01,60.87,-134.63,-3.12,-1.62,-0.34,-2.51,-0.31,1.21,-1.92,-0.16,1.17
2050-01-01,60.87,-134.63,-3.86,-1.72,0.53,-2.75,-0.34,1.06,-1.83,-0.00,1.28
2051-01-01,60.87,-134.63,-2.91,-2.10,-0.44,-2.44,-0.06,0.86,-2.29,-0.09,2.20
2052-01-01,60.87,-134.63,-3.53,-1.61,1.29,-1.36,-0.57,0.47,-2.74,-0.70,1.16
2053-01-01,60.87,-134.63,-2.94,-1.40,0.46,-1.76,-0.36,0.88,-1.43,0.02,1.65
2054-01-01,60.87,-134.63,-2.66,-1.14,0.21,-2.19,-0.96,0.54,-2.05,-0.42,1.71
2055-01-01,60.87,-134.63,-2.42,-0.77,0.83,-2.19,-0.72,1.51,-0.74,0.22,1.88
2056-01-01,60.87,-134.63,-2.12,-0.95,1.68,-1.88,-0.37,0.95,-1.22,-0.09,1.49
2057-01-01,60.87,-134.63,-2.27,-1.31,0.57,-2.40,-1.25,0.62,-1.23,0.03,2.50
2058-01-01,60.87,-134.63,-3.80,-1.17,0.76,-1.97,-0.12,1.84,-1.15,0.56,2.44
2059-01-01,60.87,-134.63,-2.79,-1.14,0.52,-2.22,-0.79,1.40,-1.98,0.55,2.47
2060-01-01,60.87,-134.63,-1.98,-0.91,0.67,-1.90,-0.24,1.97,-1.36,1.03,2.48
2061-01-01,60.87,-134.63,-2.98,-0.46,1.89,-2.20,-0.54,0.47,-2.07,0.33,3.11
2062-01-01,60.87,-134.63,-3.03,-1.25,1.22,-2.66,-0.62,1.94,-1.27,0.75,2.82
2063-01-01,60.87,-134.63,-3.48,-0.97,-0.14,-3.40,-0.27,2.14,-1.29,1.44,3.40
2064-01-01,60.87,-134.63,-2.72,-2.11,0.08,-2.28,-0.10,1.60,-1.90,0.83,2.77
2065-01-01,60.87,-134.63,-2.03,-1.24,-0.38,-0.85,0.36,1.27,-1.87,0.69,2.98
2066-01-01,60.87,-134.63,-3.43,-0.98,0.94,-0.82,0.36,1.95,-1.86,0.76,3.47
2067-01-01,60.87,-134.63,-3.07,-1.57,1.06,-2.22,0.01,1.56,-0.37,1.27,2.94
2068-01-01,60.87,-134.63,-2.97,-2.10,0.40,-1.74,-0.48,2.44,-0.97,1.59,3.95
2069-01-01,60.87,-134.63,-3.16,-1.54,0.87,-2.16,0.00,1.61,0.11,1.68,3.51
2070-01-01,60.87,-134.63,-2.33,-1.12,1.45,-1.80,-0.14,1.91,-0.86,1.54,4.00
2071-01-01,60.87,-134.63,-2.38,-1.41,1.79,-3.02,0.02,1.41,-1.19,1.09,2.99
2072-01-01,60.87,-134.63,-2.57,-1.55,0.30,-1.27,-0.28,2.07,-0.76,1.18,3.71
2073-01-01,60.87,-134.63,-3.63,-1.26,0.67,-2.02,-0.13,2.00,-1.10,2.21,3.72
2074-01-01,60.87,-134.63,-2.19,-0.83,0.42,-1.98,-0.36,1.23,-0.54,1.88,3.56
2075-01-01,60.87,-134.63,-2.19,-1.18,0.82,-1.47,-0.47,1.58,-0.72,1.76,3.51
2076-01-01,60.87,-134.63,-2.60,-0.60,0.74,-2.18,-0.16,1.45,-0.50,1.78,4.32
2077-01-01,60.87,-134.63,-3.34,-1.35,0.11,-1.76,-0.30,1.32,0.55,1.81,3.96
2078-01-01,60.87,-134.63,-3.01,-1.07,0.52,-1.53,-0.10,2.14,-0.41,2.38,4.09
2079-01-01,60.87,-134.63,-2.40,-1.21,-0.06,-2.28,-0.03,1.53,-0.20,1.83,4.90
2080-01-01,60.87,-134.63,-3.64,-1.69,-0.30,-1.80,-0.40,2.01,-0.62,1.71,4.11
2081-01-01,60.87,-134.63,-3.36,-1.56,-0.02,-1.45,0.24,2.46,-0.31,2.20,3.97
2082-01-01,60.87,-134.63,-2.80,-1.06,0.69,-2.18,-0.44,1.77,-0.80,2.68,4.29
2083-01-01,60.87,-134.63,-3.13,-0.73,0.65,-2.19,0.03,1.83,-0.30,2.51,4.94
2084-01-01,60.87,-134.63,-3.32,-1.23,-0.04,-2.28,0.36,1.73,-0.69,2.07,4.50
2085-01-01,60.87,-134.63,-2.55,-1.04,0.67,-2.37,-0.68,1.71,0.13,1.96,4.75
2086-01-01,60.87,-134.63,-2.73,-1.19,0.54,-1.82,-0.38,2.26,0.46,2.94,4.39
2087-01-01,60.87,-134.63,-2.51,-1.73,-0.23,-1.96,-0.21,1.45,0.29,2.97,4.85
2088-01-01,60.87,-134.63,-2.78,-0.89,0.34,-1.58,-0.02,2.23,0.77,2.74,4.85
2089-01-01,60.87,-134.63,-2.86,-0.61,0.23,-1.03,0.47,2.28,0.97,2.67,5.69
2090-01-01,60.87,-134.63,-3.49,-1.13,0.41,-1.20,0.65,3.11,1.06,2.91,5.92
2091-01-01,60.87,-134.63,-2.70,-1.23,0.77,-1.90,-0.01,2.01,0.99,3.15,5.71
2092-01-01,60.87,-134.63,-3.05,-1.07,1.17,-1.80,-0.59,1.84,0.63,3.16,4.75
2093-01-01,60.87,-134.63,-2.85,-1.20,0.63,-2.04,0.44,1.51,0.16,3.45,5.02
2094-01-01,60.87,-134.63,-3.14,-1.02,0.82,-1.35,-0.12,1.84,0.71,3.09,4.73
2095-01-01,60.87,-134.63,-3.52,-1.34,0.27,-1.08,0.36,1.91,1.20,2.69,5.55
2096-01-01,60.87,-134.63,-3.54,-1.40,0.94,-1.23,0.41,2.57,0.65,3.32,6.06
2097-01-01,60.87,-134.63,-2.61,-0.73,0.59,-1.71,-0.03,2.38,1.51,3.81,6.40
2098-01-01,60.87,-134.63,-2.62,-1.63,0.20,-1.86,-0.02,2.66,1.50,3.84,6.67
2099-01-01,60.87,-134.63,-3.25,-1.37,1.37,-2.00,0.60,2.72,0.89,3.61,6.15
2100-01-01,60.87,-134.63,-2.45,-1.09,1.10,-1.00,0.68,2.09,1.50,3.51,5.67
1950-01-01,61.12,-136.46,-5.20,-3.88,-2.41,-5.20,-3.88,-2.41,-5.20,-3.88,-2.41
1951-01-01,61.12,-136.46,-5.12,-4.09,-2.50,-5.12,-4.09,-2.50,-5.12,-4.11,-2.50
1952-01-01,61.12,-136.46,-6.10,-4.07,-2.32,-6.10,-4.07,-2.32,-6.10,-4.07,-2.32
1953-01-01,61.12,-136.46,-6.33,-4.14,-2.71,-6.33,-4.14,-2.71,-6.33,-4.14,-2.71
1954-01-01,61.12,-136.46,-5.19,-3.75,-2.68,-5.19,-3.75,-2.68,-5.19,-3.75,-2.68
1955-01-01,61.12,-136.46,-6.13,-4.61,-2.67,-6.13,-4.61,-2.67,-6.13,-4.61,-2.66
1956-01-01,61.12,-136.46,-5.51,-3.74,-2.39,-5.51,-3.74,-2.39,-5.51,-3.74,-2.41
1957-01-01,61.12,-136.46,-5.78,-4.45,-2.41,-5.78,-4.45,-2.41,-5.78,-4.46,-2.41
1958-01-01,61.12,-136.46,-5.48,-4.24,-2.43,-5.48,-4.24,-2.43,-5.50,-4.24,-2.43
1959-01-01,61.12,-136.46,-5.52,-4.18,-2.27,-5.52,-4.18,-2.27,-5.52,-4.18,-2.27
1960-01-01,61.12,-136.46,-5.36,-4.53,-2.11,-5.36,-4.53,-2.11,-5.36,-4.53,-2.11
1961-01-01,61.12,-136.46,-5.78,-3.97,-2.50,-5.78,-3.97,-2.50,-5.78,-3.97,-2.50
1962-01-01,61.12,-136.46,-5.40,-4.32,-2.43,-5.40,-4.32,-2.43,-5.40,-4.32,-2.43
1963-01-01,61.12,-136.46,-6.15,-4.20,-3.00,-6.15,-4.20,-3.00,-6.15,-4.20,-3.00
1964-01-01,61.12,-136.46,-6.18,-4.53,-3.30,-6.18,-4.53,-3.30,-6.18,-4.53,-3.30
1965-01-01,61.12,-136.46,-5.37,-4.38,-2.60,-5.37,-4.38,-2.60,-5.37,-4.38,-2.60
1966-01-01,61.12,-136.46,-5.95,-4.32,-3.03,-5.95,-4.32,-3.03,-5.95,-4.32,-3.03
1967-01-01,61.12,-136.46,-5.76,-3.69,-2.37,-5.76,-3.69,-2.37,-5.76,-3.69,-2.37
1968-01-01,61.12,-136.46,-5.81,-4.49,-3.47,-5.81,-4.49,-3.47,-5.81,-4.49,-3.47
1969-01-01,61.12,-136.46,-5.86,-3.76,-2.35,-5.86,-3.76,-2.35,-5.86,-3.76,-2.35
1970-01-01,61.12,-136.46,-5.71,-3.83,-2.49,-5.71,-3.83,-2.49,-5.71,-3.83,-2.49
1971-01-01,61.12,-136.46,-5.17,-4.17,-1.72,-5.17,-4.17,-1.72,-5.17,-4.17,-1.72
1972-01-01,61.12,-136.46,-5.65,-4.37,-3.00,-5.65,-4.37,-3.00,-5.65,-4.37,-3.00
1973-01-01,61.12,-136.46,-6.01,-3.81,-2.14,-6.01,-3.81,-2.14,-6.00,-3.81,-2.18
1974-01-01,61.12,-136.46,-5.62,-3.80,-2.67,-5.62,-3.80,-2.67,-5.62,-3.80,-2.67
1975-01-01,61.12,-136.46,-5.36,-3.69,-2.59,-5.36,-3.69,-2.59,-5.36,-3.69,-2.59
1976-01-01,61.12,-136.46,-5.58,-3.57,-1.70,-5.58,-3.57,-1.70,-5.58,-3.57,-1.70
1977-01-01,61.12,-136.46,-5.28,-3.64,-2.39,-5.28,-3.64,-2.39,-5.28,-3.64,-2.39
1978-01-01,61.12,-136.46,-4.96,-3.40,-2.30,-4.96,-3.40,-2.30,-4.96,-3.40,-2.30
1979-01-01,61.12,-136.46,-5.60,-3.64,-1.91,-5.60,-3.64,-1.91,-5.60,-3.64,-1.91
1980-01-01,61.12,-136.46,-6.02,-4.04,-2.77,-6.06,-4.02,-2.76,-6.06,-4.02,-2.75
1981-01-01,61.12,-136.46,-5.89,-4.21,-2.21,-5.88,-4.21,-2.20,-5.87,-4.20,-2.19
1982-01-01,61.12,-136.46,-6.10,-4.35,-3.11,-6.06,-4.34,-3.12,-6.06,-4.35,-3.13
1983-01-01,61.12,-136.46,-6.15,-3.54,-2.68,-6.15,-3.53,-2.66,-6.16,-3.55,-2.64
1984-01-01,61.12,-136.46,-5.40,-3.51,-1.94,-5.36,-3.50,-1.93,-5.40,-3.50,-1.94
1985-01-01,61.12,-136.46,-5.33,-3.92,-2.95,-5.32,-3.93,-2.92,-5.33,-3.91,-2.93
1986-01-01,61.12,-136.46,-5.62,-4.13,-2.57,-5.63,-4.12,-2.54,-5.65,-4.10,-2.56
1987-01-01,61.12,-136.46,-4.91,-3.69,-2.48,-4.91,-3.70,-2.49,-4.93,-3.69,-2.49
1988-01-01,61.12,-136.46,-5.54,-3.38,-2.49,-5.51,-3.35,-2.50,-5.55,-3.32,-2.50
1989-01-01,61.12,-136.46,-4.81,-3.90,-1.91,-4.81,-3.87,-1.90,-4.78,-3.91,-1.93
1990-01-01,61.12,-136.46,-5.23,-4.00,-0.98,-5.23,-4.01,-0.92,-5.23,-4.00,-0.92
1991-01-01,61.12,-136.46,-5.43,-4.21,-2.54,-5.42,-4.21,-2.52,-5.45,-4.22,-2.49
1992-01-01,61.12,-136.46,-4.88,-3.72,-2.32,-4.85,-3.76,-2.30,-4.87,-3.75,-2.28
1993-01-01,61.12,-136.46,-4.94,-3.17,-1.74,-4.94,-3.15,-1.72,-4.95,-3.15,-1.72
1994-01-01,61.12,-136.46,-5.07,-4.00,-3.02,-5.05,-3.99,-3.01,-5.01,-3.96,-3.02
1995-01-01,61.12,-136.46,-5.83,-4.17,-2.41,-5.82,-4.18,-2.40,-5.84,-4.17,-2.37
1996-01-01,61.12,-136.46,-5.13,-3.83,-2.14,-5.13,-3.83,-2.13,-5.14,-3.84,-2.11
1997-01-01,61.12,-136.46,-5.39,-3.06,-1.73,-5.40,-3.04,-1.74,-5.40,-3.04,-1.73
1998-01-01,61.12,-136.46,-4.80,-3.34,-2.10,-4.80,-3.33,-2.11,-4.80,-3.35,-2.11
1999-01-01,61.12,-136.46,-4.17,-2.93,-2.28,-4.19,-2.94,-2.29,-4.22,-2.94,-2.27
2000-01-01,61.12,-136.46,-5.06,-3.28,-1.78,-5.05,-3.24,-1.79,-5.02,-3.24,-1.78
2001-01-01,61.12,-136.46,-4.95,-3.33,-1.05,-4.94,-3.30,-1.05,-4.94,-3.33,-1.08
2002-01-01,61.12,-136.46,-3.94,-2.86,-1.34,-3.95,-2.84,-1.34,-3.93,-2.83,-1.35
2003-01-01,61.12,-136.46,-4.94,-3.16,-0.94,-4.95,-3.14,-0.89,-4.97,-3.16,-0.91
2004-01-01,61.12,-136.46,-4.42,-2.55,-0.89,-4.38,-2.53,-0.90,-4.38,-2.57,-0.90
2005-01-01,61.12,-136.46,-3.83,-2.53,-1.78,-3.76,-2.50,-1.80,-4.05,-2.49,-1.80
2006-01-01,61.12,-136.46,-4.16,-2.30,-0.74,-3.88,-2.63,-0.66,-4.51,-3.21,-1.02
2007-01-01,61.12,-136.46,-4.47,-2.62,-0.25,-4.67,-3.74,-1.71,-4.43,-2.95,-0.85
2008-01-01,61.12,-136.46,-5.06,-2.81,-1.14,-4.03,-2.97,-1.80,-4.96,-3.52,-1.38
2009-01-01,61.12,-136.46,-4.09,-2.42,-0.44,-4.80,-2.79,-1.03,-4.01,-2.52,-1.03
2010-01-01,61.12,-136.46,-4.00,-2.61,-0.97,-4.63,-2.94,-0.95,-4.79,-2.47,-0.92
2011-01-01,61.12,-136.46,-4.58,-2.59,-1.42,-4.63,-2.55,-1.28,-4.21,-3.08,-1.32
2012-01-01,61.12,-136.46,-4.24,-2.74,-0.77,-4.72,-2.85,-2.11,-4.58,-3.11,-1.56
2013-01-01,61.12,-136.46,-4.06,-3.01,-1.37,-4.25,-3.24,-1.32,-4.49,-3.14,-1.11
2014-01-01,61.12,-136.46,-4.06,-2.42,-0.82,-4.32,-2.20,-1.03,-4.94,-2.63,-1.26
2015-01-01,61.12,-136.46,-4.09,-1.98,-1.13,-5.06,-2.52,-1.08,-4.00,-2.72,-0.94
2016-01-01,61.12,-136.46,-4.67,-2.12,-0.45,-4.62,-3.10,-1.77,-4.04,-2.64,-0.98
2017-01-01,61.12,-136.46,-4.49,-3.46,-1.97,-4.12,-2.90,-1.54,-4.09,-2.15,-0.48
2018-01-01,61.12,-136.46,-4.85,-2.22,-0.40,-4.27,-2.30,-1.04,-4.30,-2.35,-0.31
2019-01-01,61.12,-136.46,-3.68,-2.76,-1.01,-4.35,-2.26,-1.01,-3.88,-2.51,-0.99
2020-01-01,61.12,-136.46,-3.76,-2.25,-1.06,-3.48,-2.40,-0.70,-3.62,-2.32,-1.13
2021-01-01,61.12,-136.46,-3.61,-2.33,-1.13,-3.88,-2.28,-1.46,-3.56,-2.48,-1.21
2022-01-01,61.12,-136.46,-4.04,-2.50,-0.41,-4.48,-2.60,-1.00,-3.42,-2.36,-0.24
2023-01-01,61.12,-136.46,-3.95,-2.05,-0.09,-4.11,-2.62,-0.06,-3.52,-1.80,-0.40
2024-01-01,61.12,-136.46,-3.79,-2.58,-1.02,-3.39,-1.89,-0.14,-3.45,-2.15,-0.79
2025-01-01,61.12,-136.46,-4.13,-2.77,-0.58,-4.04,-2.69,-0.81,-3.44,-2.36,-1.11
2026-01-01,61.12,-136.46,-2.99,-2.38,-0.82,-4.43,-1.83,-0.61,-3.25,-1.55,0.27
2027-01-01,61.12,-136.46,-3.77,-1.65,-0.39,-3.82,-2.22,0.14,-3.67,-2.08,-0.15
2028-01-01,61.12,-136.46,-3.48,-1.80,0.16,-4.14,-1.82,-0.26,-3.15,-1.35,0.72
2029-01-01,61.12,-136.46,-3.78,-1.69,-0.55,-3.66,-2.58,-0.91,-3.22,-1.74,0.37
2030-01-01,61.12,-136.46,-3.17,-2.10,-0.48,-3.15,-1.97,-0.66,-3.51,-1.93,-0.18
2031-01-01,61.12,-136.46,-4.36,-2.08,-0.21,-3.78,-1.92,-0.24,-3.47,-1.82,-0.21
2032-01-01,61.12,-136.46,-3.62,-2.07,0.51,-3.49,-1.98,-0.00,-3.82,-2.15,-0.71
2033-01-01,61.12,-136.46,-3.60,-1.56,-0.10,-3.77,-1.89,0.24,-2.64,-1.50,0.30
2034-01-01,61.12,-136.46,-3.35,-1.47,0.12,-3.47,-1.75,0.01,-3.06,-1.16,0.51
2035-01-01,61.12,-136.46,-3.05,-2.16,-0.65,-3.67,-1.91,-0.27,-3.62,-1.19,1.22
2036-01-01,61.12,-136.46,-2.79,-1.87,-0.12,-3.18,-1.69,-0.58,-3.88,-1.28,-0.24
2037-01-01,61.12,-136.46,-3.17,-1.68,-0.01,-2.90,-1.09,0.31,-2.65,-1.32,0.61
2038-01-01,61.12,-136.46,-3.77,-2.18,-0.60,-3.40,-1.52,-0.52,-3.23,-1.55,-0.18
2039-01-01,61.12,-136.46,-3.97,-2.04,-0.20,-3.53,-1.29,-0.33,-3.46,-1.30,0.67
2040-01-01,61.12,-136.46,-2.84,-1.28,0.20,-4.30,-1.70,0.80,-3.54,-1.72,0.65
2041-01-01,61.12,-136.46,-3.87,-1.76,0.84,-3.64,-1.74,0.30,-3.04,-1.01,0.16
2042-01-01,61.12,-136.46,-3.47,-2.00,-0.13,-3.09,-1.68,-0.08,-3.12,-1.33,1.10
2043-01-01,61.12,-136.46,-3.34,-2.22,0.19,-3.43,-0.91,0.75,-2.68,-1.02,0.72
2044-01-01,61.12,-136.46,-2.96,-1.60,0.43,-2.71,-1.21,0.32,-2.16,-0.76,0.29
2045-01-01,61.12,-136.46,-3.04,-1.78,-0.40,-3.51,-1.26,1.09,-2.28,-0.91,0.28
2046-01-01,61.12,-136.46,-3.06,-2.11,-0.12,-3.78,-1.52,0.64,-2.98,-1.07,0.47
2047-01-01,61.12,-136.46,-3.41,-1.96,0.07,-3.07,-1.45,0.40,-2.30,-0.28,1.03
2048-01-01,61.12,-136.46,-3.23,-1.85,-0.24,-3.10,-1.51,0.99,-2.14,-0.81,1.54
2049-01-01,61.12,-136.46,-3.46,-2.16,-0.56,-2.95,-0.54,0.92,-2.19,-0.54,0.66
2050-01-01,61.12,-136.46,-4.24,-1.93,0.23,-2.97,-0.65,0.73,-2.24,-0.25,0.79
2051-01-01,61.12,-136.46,-3.13,-2.49,-0.82,-2.68,-0.26,0.47,-2.67,-0.45,1.67
2052-01-01,61.12,-136.46,-4.14,-1.85,0.83,-1.78,-0.94,0.25,-3.07,-1.05,0.92
2053-01-01,61.12,-136.46,-3.35,-1.68,0.46,-2.23,-0.76,0.68,-1.76,-0.27,1.19
2054-01-01,61.12,-136.46,-2.92,-1.54,-0.18,-2.56,-1.41,0.40,-2.38,-0.75,1.47
2055-01-01,61.12,-136.46,-2.67,-1.03,0.38,-2.54,-1.07,0.99,-1.07,-0.14,1.56
2056-01-01,61.12,-136.46,-2.49,-1.22,1.25,-2.14,-0.77,0.57,-1.54,-0.44,1.15
2057-01-01,61.12,-136.46,-2.59,-1.69,0.23,-2.67,-1.47,0.02,-1.58,0.03,2.25
2058-01-01,61.12,-136.46,-4.15,-1.57,0.51,-2.60,-0.47,1.65,-1.48,0.20,2.09
2059-01-01,61.12,-136.46,-3.05,-1.45,0.10,-2.47,-1.09,1.23,-2.29,0.41,2.17
2060-01-01,61.12,-136.46,-2.57,-1.27,0.12,-2.15,-0.54,1.66,-1.86,0.59,2.17
2061-01-01,61.12,-136.46,-3.34,-0.85,1.60,-2.51,-1.02,0.29,-2.37,-0.14,2.72
2062-01-01,61.12,-136.46,-3.42,-1.65,0.99,-2.98,-0.91,1.43,-1.62,0.46,2.34
2063-01-01,61.12,-136.46,-3.80,-1.50,-0.37,-3.67,-0.66,1.61,-1.74,0.94,2.87
2064-01-01,61.12,-136.46,-3.22,-2.33,-0.37,-2.65,-0.45,1.33,-2.28,0.48,2.31
2065-01-01,61.12,-136.46,-2.34,-1.67,-0.59,-1.08,-0.01,0.98,-2.36,0.31,2.76
2066-01-01,61.12,-136.46,-3.99,-1.28,0.42,-1.28,0.02,1.80,-2.17,0.43,3.38
2067-01-01,61.12,-136.46,-3.49,-1.94,0.57,-2.67,-0.29,1.26,-0.81,0.94,2.58
2068-01-01,61.12,-136.46,-3.39,-2.40,0.19,-1.96,-0.80,1.99,-1.30,1.11,3.52
2069-01-01,61.12,-136.46,-3.48,-2.04,0.79,-2.44,-0.34,1.26,-0.16,1.46,3.37
2070-01-01,61.12,-136.46,-2.74,-1.35,1.17,-2.15,-0.56,1.46,-1.16,1.18,3.63
2071-01-01,61.12,-136.46,-2.83,-1.64,1.26,-3.29,-0.46,1.21,-1.57,0.50,2.53
2072-01-01,61.12,-136.46,-2.92,-1.88,0.01,-1.56,-0.62,1.68,-1.17,0.87,3.10
2073-01-01,61.12,-136.46,-3.99,-1.61,0.25,-2.14,-0.39,1.42,-1.48,1.72,3.35
2074-01-01,61.12,-136.46,-2.74,-1.16,0.14,-2.30,-0.59,0.85,-0.85,1.50,3.23
2075-01-01,61.12,-136.46,-2.72,-1.55,0.37,-1.99,-0.54,1.21,-1.06,1.28,3.10
2076-01-01,61.12,-136.46,-2.68,-0.99,0.46,-2.44,-0.46,1.00,-1.06,1.52,3.97
2077-01-01,61.12,-136.46,-3.59,-1.85,-0.09,-2.11,-0.63,1.08,0.25,1.36,3.53
2078-01-01,61.12,-136.46,-3.11,-1.46,0.41,-1.88,-0.51,2.00,-0.67,1.88,3.68
2079-01-01,61.12,-136.46,-2.70,-1.65,-0.42,-2.48,-0.46,1.20,-0.67,1.51,4.33
2080-01-01,61.12,-136.46,-3.83,-2.00,-0.62,-2.05,-0.64,1.66,-0.97,1.33,4.03
2081-01-01,61.12,-136.46,-3.70,-1.95,-0.24,-1.78,0.09,2.19,-0.65,1.71,3.42
2082-01-01,61.12,-136.46,-2.87,-1.44,0.26,-2.50,-0.83,1.35,-0.94,2.35,3.66
2083-01-01,61.12,-136.46,-3.36,-1.16,0.30,-2.47,-0.49,1.48,-0.52,2.14,4.32
2084-01-01,61.12,-136.46,-3.78,-1.74,-0.56,-2.55,-0.00,1.28,-1.03,1.70,3.97
2085-01-01,61.12,-136.46,-2.76,-1.25,0.39,-2.68,-0.98,1.26,-0.07,1.73,4.46
2086-01-01,61.12,-136.46,-3.12,-1.55,0.38,-2.11,-0.69,1.73,0.10,2.69,3.83
2087-01-01,61.12,-136.46,-2.83,-2.04,-0.73,-2.46,-0.83,1.06,-0.09,2.44,4.29
2088-01-01,61.12,-136.46,-3.08,-1.12,-0.02,-1.92,-0.21,1.64,0.50,2.52,4.50
2089-01-01,61.12,-136.46,-3.25,-1.04,-0.32,-1.35,0.15,1.91,0.69,2.38,5.08
2090-01-01,61.12,-136.46,-3.83,-1.21,0.21,-1.54,0.42,2.82,0.76,2.65,5.73
2091-01-01,61.12,-136.46,-3.05,-1.53,0.43,-2.15,-0.28,1.68,0.74,2.75,5.36
2092-01-01,61.12,-136.46,-3.44,-1.32,0.77,-2.16,-0.97,1.33,0.24,2.87,4.29
2093-01-01,61.12,-136.46,-3.30,-1.67,0.09,-2.35,0.18,1.00,-0.31,3.07,4.87
2094-01-01,61.12,-136.46,-3.55,-1.16,0.30,-1.52,-0.52,1.15,0.44,2.58,4.48
2095-01-01,61.12,-136.46,-3.88,-1.54,-0.08,-1.50,0.01,1.64,0.81,2.64,5.39
2096-01-01,61.12,-136.46,-3.92,-1.69,0.70,-1.73,0.24,2.44,0.24,3.05,5.63
2097-01-01,61.12,-136.46,-2.93,-0.92,0.35,-2.05,-0.28,2.00,1.17,3.66,6.15
2098-01-01,61.12,-136.46,-3.03,-1.86,-0.09,-2.21,-0.60,2.21,1.07,3.55,6.44
2099-01-01,61.12,-136.46,-3.63,-1.57,1.41,-2.42,0.42,2.43,0.54,3.31,5.60
2100-01-01,61.12,-136.46,-2.91,-1.45,0.74,-1.41,0.32,1.73,1.18,3.14,4.84
1950-01-01,61.12,-133.13,-4.98,-3.61,-1.99,-4.98,-3.61,-1.99,-4.98,-3.61,-1.99
1951-01-01,61.12,-133.13,-4.64,-3.53,-2.07,-4.64,-3.53,-2.07,-4.64,-3.53,-2.07
1952-01-01,61.12,-133.13,-5.61,-3.85,-1.97,-5.61,-3.85,-1.97,-5.61,-3.85,-1.97
1953-01-01,61.12,-133.13,-5.81,-3.83,-2.37,-5.81,-3.83,-2.37,-5.81,-3.83,-2.37
1954-01-01,61.12,-133.13,-4.71,-3.22,-2.53,-4.71,-3.22,-2.53,-4.69,-3.22,-2.53
1955-01-01,61.12,-133.13,-5.36,-4.06,-2.24,-5.36,-4.06,-2.24,-5.36,-4.06,-2.24
1956-01-01,61.12,-133.13,-5.07,-3.44,-1.91,-5.07,-3.44,-1.91,-5.07,-3.44,-1.91
1957-01-01,61.12,-133.13,-5.45,-4.04,-2.06,-5.45,-4.04,-2.06,-5.45,-4.02,-2.06
1958-01-01,61.12,-133.13,-4.77,-3.68,-2.21,-4.77,-3.68,-2.21,-4.76,-3.68,-2.21
1959-01-01,61.12,-133.13,-5.17,-3.72,-1.71,-5.17,-3.72,-1.71,-5.17,-3.72,-1.71
1960-01-01,61.12,-133.13,-4.90,-4.04,-1.96,-4.90,-4.04,-1.96,-4.90,-4.04,-1.96
1961-01-01,61.12,-133.13,-5.13,-3.30,-2.01,-5.13,-3.30,-2.01,-5.13,-3.30,-2.01
1962-01-01,61.12,-133.13,-5.00,-3.84,-1.98,-5.00,-3.84,-1.98,-5.00,-3.84,-1.98
1963-01-01,61.12,-133.13,-5.57,-3.83,-2.99,-5.57,-3.83,-2.99,-5.57,-3.83,-2.98
1964-01-01,61.12,-133.13,-5.71,-4.19,-2.91,-5.71,-4.19,-2.91,-5.71,-4.19,-2.91
1965-01-01,61.12,-133.13,-4.98,-3.95,-2.14,-4.98,-3.95,-2.14,-4.98,-3.95,-2.14
1966-01-01,61.12,-133.13,-5.36,-4.00,-2.59,-5.36,-4.00,-2.59,-5.36,-4.00,-2.59
1967-01-01,61.12,-133.13,-5.03,-3.20,-2.00,-5.03,-3.20,-2.00,-5.03,-3.20,-2.00
1968-01-01,61.12,-133.13,-5.26,-4.15,-2.94,-5.26,-4.15,-2.94,-5.26,-4.15,-2.94
1969-01-01,61.12,-133.13,-5.24,-3.29,-1.98,-5.24,-3.29,-1.98,-5.24,-3.29,-1.98
1970-01-01,61.12,-133.13,-5.09,-3.42,-2.08,-5.09,-3.42,-2.08,-5.09,-3.42,-2.07
1971-01-01,61.12,-133.13,-4.84,-3.60,-1.47,-4.84,-3.60,-1.47,-4.84,-3.60,-1.47
1972-01-01,61.12,-133.13,-5.05,-3.77,-2.52,-5.05,-3.77,-2.52,-5.05,-3.77,-2.52
1973-01-01,61.12,-133.13,-5.53,-3.35,-1.85,-5.53,-3.35,-1.85,-5.53,-3.35,-1.85
1974-01-01,61.12,-133.13,-5.03,-3.28,-2.48,-5.03,-3.28,-2.48,-5.03,-3.28,-2.48
1975-01-01,61.12,-133.13,-5.04,-3.33,-2.18,-5.04,-3.33,-2.18,-5.04,-3.33,-2.17
1976-01-01,61.12,-133.13,-5.23,-3.23,-1.48,-5.23,-3.23,-1.48,-5.23,-3.23,-1.48
1977-01-01,61.12,-133.13,-4.83,-3.14,-2.03,-4.83,-3.14,-2.03,-4.83,-3.14,-2.03
1978-01-01,61.12,-133.13,-4.53,-3.05,-2.04,-4.53,-3.05,-2.04,-4.53,-3.03,-2.04
1979-01-01,61.12,-133.13,-5.10,-3.14,-1.75,-5.10,-3.14,-1.75,-5.10,-3.14,-1.75
1980-01-01,61.12,-133.13,-5.53,-3.50,-2.48,-5.54,-3.49,-2.48,-5.54,-3.49,-2.48
1981-01-01,61.12,-133.13,-5.24,-3.59,-2.00,-5.24,-3.61,-1.98,-5.25,-3.58,-2.00
1982-01-01,61.12,-133.13,-5.38,-3.79,-2.70,-5.37,-3.78,-2.70,-5.36,-3.79,-2.73
1983-01-01,61.12,-133.13,-5.57,-3.22,-2.26,-5.57,-3.22,-2.26,-5.55,-3.24,-2.24
1984-01-01,61.12,-133.13,-4.86,-3.09,-1.52,-4.84,-3.09,-1.51,-4.82,-3.10,-1.54
1985-01-01,61.12,-133.13,-4.94,-3.52,-2.69,-4.92,-3.52,-2.67,-4.94,-3.52,-2.66
1986-01-01,61.12,-133.13,-5.02,-3.65,-2.49,-5.04,-3.64,-2.51,-5.07,-3.62,-2.48
1987-01-01,61.12,-133.13,-4.56,-3.29,-2.08,-4.56,-3.26,-2.09,-4.56,-3.26,-2.11
1988-01-01,61.12,-133.13,-5.00,-3.00,-2.08,-4.99,-3.01,-2.13,-5.00,-2.99,-2.08
1989-01-01,61.12,-133.13,-4.16,-3.72,-1.78,-4.13,-3.72,-1.78,-4.14,-3.74,-1.76
1990-01-01,61.12,-133.13,-4.90,-3.49,-0.74,-4.91,-3.49,-0.70,-4.90,-3.50,-0.71
1991-01-01,61.12,-133.13,-5.15,-3.87,-2.14,-5.14,-3.85,-2.13,-5.12,-3.85,-2.14
1992-01-01,61.12,-133.13,-4.46,-3.51,-1.92,-4.44,-3.54,-1.91,-4.43,-3.55,-1.90
1993-01-01,61.12,-133.13,-4.40,-2.79,-1.55,-4.40,-2.78,-1.54,-4.40,-2.79,-1.54
1994-01-01,61.12,-133.13,-4.64,-3.43,-2.36,-4.62,-3.41,-2.35,-4.60,-3.41,-2.36
1995-01-01,61.12,-133.13,-5.26,-3.62,-1.89,-5.26,-3.63,-1.90,-5.27,-3.61,-1.87
1996-01-01,61.12,-133.13,-4.74,-3.42,-1.78,-4.73,-3.41,-1.79,-4.75,-3.41,-1.77
1997-01-01,61.12,-133.13,-4.92,-2.78,-1.49,-4.94,-2.79,-1.50,-4.94,-2.79,-1.47
1998-01-01,61.12,-133.13,-4.21,-2.85,-1.78,-4.21,-2.84,-1.79,-4.22,-2.84,-1.76
1999-01-01,61.12,-133.13,-3.88,-2.64,-1.75,-3.89,-2.65,-1.76,-3.93,-2.64,-1.78
2000-01-01,61.12,-133.13,-4.86,-2.97,-1.14,-4.88,-2.95,-1.15,-4.84,-2.96,-1.19
2001-01-01,61.12,-133.13,-4.63,-2.98,-0.76,-4.64,-2.96,-0.73,-4.60,-2.98,-0.73
2002-01-01,61.12,-133.13,-3.54,-2.74,-1.30,-3.55,-2.72,-1.30,-3.57,-2.72,-1.29
2003-01-01,61.12,-133.13,-4.56,-2.87,-0.67,-4.58,-2.88,-0.64,-4.58,-2.86,-0.64
2004-01-01,61.12,-133.13,-3.94,-2.39,-0.76,-3.90,-2.38,-0.76,-3.90,-2.40,-0.77
2005-01-01,61.12,-133.13,-3.79,-2.35,-1.40,-3.55,-2.34,-1.41,-3.94,-2.34,-1.40
2006-01-01,61.12,-133.13,-3.79,-1.95,-0.69,-3.35,-2.23,-0.60,-3.95,-2.65,-1.09
2007-01-01,61.12,-133.13,-4.12,-2.35,-0.39,-4.03,-3.23,-1.28,-4.03,-2.74,-0.53
2008-01-01,61.12,-133.13,-4.41,-2.49,-0.71,-3.72,-2.57,-1.73,-4.56,-2.97,-0.90
2009-01-01,61.12,-133.13,-3.58,-2.19,-0.33,-4.32,-2.54,-0.86,-3.82,-2.25,-0.64
2010-01-01,61.12,-133.13,-3.41,-2.33,-0.84,-4.39,-2.45,-0.50,-4.19,-2.03,-0.58
2011-01-01,61.12,-133.13,-4.16,-2.12,-0.91,-4.14,-2.23,-0.76,-3.76,-2.55,-1.00
2012-01-01,61.12,-133.13,-3.75,-2.05,-0.61,-4.37,-2.47,-1.71,-4.03,-2.52,-1.29
2013-01-01,61.12,-133.13,-3.54,-2.37,-0.93,-3.78,-2.68,-0.76,-3.79,-2.59,-0.61
2014-01-01,61.12,-133.13,-3.74,-2.10,-0.45,-3.81,-2.04,-0.58,-4.18,-2.16,-1.01
2015-01-01,61.12,-133.13,-3.55,-1.64,-0.78,-4.21,-2.16,-0.89,-3.43,-2.26,-0.67
2016-01-01,61.12,-133.13,-4.37,-1.74,0.03,-4.44,-2.72,-1.30,-3.50,-2.20,-0.55
2017-01-01,61.12,-133.13,-4.17,-2.87,-1.57,-3.60,-2.37,-1.04,-3.84,-1.81,-0.02
2018-01-01,61.12,-133.13,-4.27,-1.58,-0.28,-3.87,-2.06,-0.87,-3.64,-2.05,-0.16
2019-01-01,61.12,-133.13,-3.04,-2.47,-0.81,-3.71,-1.76,-0.67,-3.49,-2.09,-0.42
2020-01-01,61.12,-133.13,-3.39,-1.75,-0.67,-3.26,-1.98,-0.50,-3.49,-1.95,-0.71
2021-01-01,61.12,-133.13,-3.03,-2.07,-0.76,-3.47,-1.84,-1.08,-3.08,-2.09,-0.76
2022-01-01,61.12,-133.13,-3.64,-2.04,-0.27,-4.19,-2.27,-0.83,-2.69,-2.04,-0.05
2023-01-01,61.12,-133.13,-3.42,-1.70,-0.15,-3.88,-2.13,0.16,-2.94,-1.32,-0.19
2024-01-01,61.12,-133.13,-3.43,-2.20,-0.66,-2.74,-1.62,0.13,-3.12,-1.71,-0.44
2025-01-01,61.12,-133.13,-3.91,-2.48,-0.34,-3.46,-2.34,-0.55,-2.94,-1.98,-0.88
2026-01-01,61.12,-133.13,-2.72,-1.90,-0.65,-3.80,-1.69,-0.33,-2.78,-1.30,0.48
2027-01-01,61.12,-133.13,-3.57,-1.23,-0.08,-3.33,-1.90,0.61,-3.17,-1.75,0.21
2028-01-01,61.12,-133.13,-2.68,-1.55,0.34,-3.88,-1.43,0.13,-2.81,-1.20,0.90
2029-01-01,61.12,-133.13,-3.31,-1.33,-0.03,-3.28,-2.14,-0.53,-2.69,-1.40,0.56
2030-01-01,61.12,-133.13,-2.82,-1.71,0.01,-2.81,-1.71,-0.48,-3.13,-1.58,0.14
2031-01-01,61.12,-133.13,-3.92,-1.69,0.03,-3.23,-1.66,0.07,-3.07,-1.49,0.10
2032-01-01,61.12,-133.13,-2.98,-1.94,0.79,-3.17,-1.82,0.44,-3.26,-1.77,-0.31
2033-01-01,61.12,-133.13,-3.05,-1.18,-0.04,-3.27,-1.63,0.89,-2.19,-1.14,0.56
2034-01-01,61.12,-133.13,-2.89,-1.05,0.12,-3.15,-1.29,0.32,-2.65,-0.72,0.69
2035-01-01,61.12,-133.13,-2.83,-1.83,-0.38,-3.15,-1.53,0.13,-3.35,-0.88,1.36
2036-01-01,61.12,-133.13,-2.41,-1.49,0.35,-2.80,-1.26,-0.01,-3.51,-0.87,0.07
2037-01-01,61.12,-133.13,-2.93,-1.27,0.33,-2.40,-0.80,0.91,-2.39,-0.80,0.93
2038-01-01,61.12,-133.13,-3.20,-1.73,-0.43,-2.94,-1.20,-0.12,-2.58,-1.30,0.21
2039-01-01,61.12,-133.13,-3.69,-1.63,0.08,-3.03,-1.17,-0.13,-3.00,-0.95,1.00
2040-01-01,61.12,-133.13,-2.39,-0.82,0.57,-3.55,-1.45,0.90,-2.96,-1.46,0.72
2041-01-01,61.12,-133.13,-3.55,-1.33,1.42,-3.10,-1.16,0.50,-2.62,-0.41,0.83
2042-01-01,61.12,-133.13,-2.95,-1.72,0.32,-2.58,-1.26,0.19,-2.69,-0.98,1.57
2043-01-01,61.12,-133.13,-2.67,-1.84,0.29,-3.05,-0.68,1.10,-2.22,-0.26,1.28
2044-01-01,61.12,-133.13,-2.55,-1.21,0.61,-2.28,-0.66,0.77,-1.83,-0.40,1.16
2045-01-01,61.12,-133.13,-2.46,-1.43,0.05,-3.13,-0.84,1.46,-1.82,-0.48,0.75
2046-01-01,61.12,-133.13,-2.67,-1.51,0.16,-3.36,-1.06,0.82,-2.41,-0.49,0.78
2047-01-01,61.12,-133.13,-3.06,-1.45,0.22,-2.57,-1.00,0.72,-1.68,0.16,1.23
2048-01-01,61.12,-133.13,-2.71,-1.56,-0.03,-3.04,-1.13,1.42,-1.63,-0.48,1.84
2049-01-01,61.12,-133.13,-2.98,-1.42,-0.40,-2.52,-0.32,1.14,-1.80,-0.10,1.11
2050-01-01,61.12,-133.13,-3.77,-1.79,0.55,-2.74,-0.37,1.06,-1.68,-0.20,1.15
2051-01-01,61.12,-133.13,-2.85,-2.04,-0.31,-2.37,-0.05,0.98,-2.14,-0.10,2.17
2052-01-01,61.12,-133.13,-3.36,-1.68,1.34,-1.35,-0.61,0.48,-2.57,-0.66,1.10
2053-01-01,61.12,-133.13,-2.84,-1.48,0.54,-1.43,-0.33,0.72,-1.48,0.04,1.62
2054-01-01,61.12,-133.13,-2.57,-1.18,0.14,-2.12,-0.98,0.36,-2.00,-0.38,1.68
2055-01-01,61.12,-133.13,-2.50,-0.79,1.01,-2.23,-0.71,1.56,-0.67,0.16,1.82
2056-01-01,61.12,-133.13,-1.98,-0.86,1.69,-1.94,-0.31,0.94,-1.16,-0.03,1.40
2057-01-01,61.12,-133.13,-2.32,-1.31,0.56,-2.42,-1.25,0.89,-1.12,0.10,2.48
2058-01-01,61.12,-133.13,-3.89,-1.12,0.72,-1.73,-0.08,1.62,-1.20,0.45,2.46
2059-01-01,61.12,-133.13,-2.74,-1.03,0.36,-2.10,-0.81,1.30,-1.80,0.57,2.38
2060-01-01,61.12,-133.13,-1.96,-0.80,0.81,-1.86,-0.29,1.94,-1.30,1.01,2.47
2061-01-01,61.12,-133.13,-2.78,-0.49,1.94,-2.14,-0.53,0.46,-1.99,0.31,3.05
2062-01-01,61.12,-133.13,-2.89,-1.22,1.22,-2.51,-0.58,2.15,-1.29,0.73,2.71
2063-01-01,61.12,-133.13,-3.37,-1.02,-0.18,-3.28,-0.27,2.31,-1.31,1.34,3.43
2064-01-01,61.12,-133.13,-2.74,-2.12,0.15,-2.22,-0.04,1.69,-1.77,0.85,2.78
2065-01-01,61.12,-133.13,-2.03,-1.17,-0.46,-0.83,0.35,1.16,-1.80,0.77,2.84
2066-01-01,61.12,-133.13,-3.19,-0.93,0.98,-0.72,0.38,1.82,-1.76,0.88,3.40
2067-01-01,61.12,-133.13,-2.85,-1.53,1.07,-2.04,0.10,1.56,-0.37,1.30,2.97
2068-01-01,61.12,-133.13,-2.80,-2.05,0.27,-1.78,-0.50,2.40,-0.87,1.58,3.97
2069-01-01,61.12,-133.13,-3.03,-1.39,0.88,-2.13,0.08,1.39,0.16,1.67,3.24
2070-01-01,61.12,-133.13,-2.23,-1.05,1.50,-1.71,-0.11,2.12,-0.77,1.51,4.01
2071-01-01,61.12,-133.13,-2.22,-1.39,1.88,-2.88,0.08,1.49,-1.01,1.17,3.21
2072-01-01,61.12,-133.13,-2.60,-1.41,0.44,-1.26,-0.16,1.93,-0.65,1.30,3.76
2073-01-01,61.12,-133.13,-3.48,-1.26,0.55,-1.93,-0.16,2.12,-0.98,2.30,3.71
2074-01-01,61.12,-133.13,-2.06,-0.75,0.57,-1.90,-0.32,1.12,-0.49,1.87,3.56
2075-01-01,61.12,-133.13,-2.22,-1.17,0.99,-1.43,-0.43,1.65,-0.49,1.73,3.50
2076-01-01,61.12,-133.13,-2.53,-0.54,0.74,-2.06,-0.14,1.42,-0.28,2.02,4.28
2077-01-01,61.12,-133.13,-3.29,-1.30,0.07,-1.71,-0.34,1.32,0.53,1.91,4.03
2078-01-01,61.12,-133.13,-2.91,-1.07,0.68,-1.60,-0.03,1.70,-0.23,2.55,4.08
2079-01-01,61.12,-133.13,-2.34,-1.20,-0.03,-2.15,-0.04,1.44,-0.09,1.88,4.65
2080-01-01,61.12,-133.13,-3.46,-1.56,-0.26,-1.81,-0.35,1.94,-0.44,1.78,4.06
2081-01-01,61.12,-133.13,-3.25,-1.57,0.05,-1.38,0.35,2.39,-0.11,2.35,3.95
2082-01-01,61.12,-133.13,-2.71,-1.12,0.73,-2.17,-0.25,1.78,-0.66,2.70,4.44
2083-01-01,61.12,-133.13,-3.12,-0.62,0.64,-2.05,0.00,1.69,-0.31,2.66,4.91
2084-01-01,61.12,-133.13,-3.16,-1.01,-0.06,-2.25,0.41,1.71,-0.62,2.27,4.43
2085-01-01,61.12,-133.13,-2.31,-0.83,0.72,-2.27,-0.65,1.66,0.16,2.02,4.64
2086-01-01,61.12,-133.13,-2.66,-0.99,0.53,-1.65,-0.30,2.29,0.56,2.91,4.18
2087-01-01,61.12,-133.13,-2.40,-1.82,-0.29,-1.90,-0.25,1.58,0.49,2.91,4.65
2088-01-01,61.12,-133.13,-2.64,-0.76,0.51,-1.45,0.02,2.21,0.81,2.66,4.71
2089-01-01,61.12,-133.13,-2.71,-0.64,0.23,-1.08,0.54,2.29,0.98,2.77,5.75
2090-01-01,61.12,-133.13,-3.25,-1.18,0.41,-1.03,0.60,3.02,1.06,2.77,5.71
2091-01-01,61.12,-133.13,-2.60,-1.25,0.57,-1.90,-0.09,1.98,0.96,3.09,5.72
2092-01-01,61.12,-133.13,-2.91,-1.08,1.12,-1.75,-0.59,1.92,0.53,3.23,4.61
2093-01-01,61.12,-133.13,-2.75,-1.20,0.61,-1.99,0.46,1.51,0.28,3.50,5.20
2094-01-01,61.12,-133.13,-2.94,-1.01,0.72,-1.48,-0.09,1.88,0.84,3.13,4.69
2095-01-01,61.12,-133.13,-3.41,-1.21,0.22,-1.05,0.28,2.04,1.23,2.58,5.63
2096-01-01,61.12,-133.13,-3.42,-1.25,0.79,-1.16,0.31,2.41,0.77,3.53,6.08
2097-01-01,61.12,-133.13,-2.54,-0.79,0.70,-1.66,0.01,2.40,1.64,3.71,6.18
2098-01-01,61.12,-133.13,-2.55,-1.66,0.13,-1.86,0.01,2.65,1.54,3.70,6.58
2099-01-01,61.12,-133.13,-3.09,-1.36,1.31,-1.90,0.55,2.52,0.85,3.68,6.15
2100-01-01,61.12,-133.13,-2.41,-0.98,1.22,-0.90,0.70,1.94,1.56,3.41,5.58
