time,lon,lat,rcp26_rx1day_p10,rcp26_rx1day_p50,rcp26_rx1day_p90,rcp45_rx1day_p10,rcp45_rx1day_p50,rcp45_rx1day_p90,rcp85_rx1day_p10,rcp85_rx1day_p50,rcp85_rx1day_p90
1950-01-01,-116.71,57.87,15.46,27.18,47.47,15.44,26.95,47.47,15.44,27.49,47.47
1951-01-01,-116.71,57.87,13.64,21.64,68.17,13.43,21.64,68.47,13.43,21.64,68.18
1952-01-01,-116.71,57.87,16.74,28.60,44.50,16.79,28.60,44.53,16.72,28.60,45.26
1953-01-01,-116.71,57.87,15.63,25.04,43.11,15.63,25.04,43.10,15.63,25.04,42.87
1954-01-01,-116.71,57.87,16.55,25.10,43.30,16.55,24.89,42.82,16.55,24.89,42.82
1955-01-01,-116.71,57.87,14.42,21.04,50.75,14.35,21.20,50.75,14.35,21.23,50.75
1956-01-01,-116.71,57.87,18.48,24.82,49.34,18.47,24.21,47.60,18.88,24.21,48.52
1957-01-01,-116.71,57.87,16.93,24.65,46.56,16.93,24.65,46.56,16.93,24.65,46.56
1958-01-01,-116.71,57.87,15.27,25.32,48.36,15.21,25.32,54.56,15.09,25.32,54.56
1959-01-01,-116.71,57.87,18.63,25.75,42.50,18.36,25.75,42.53,18.34,25.85,42.53
1960-01-01,-116.71,57.87,13.46,28.50,47.17,13.46,29.06,47.34,13.46,29.06,47.15
1961-01-01,-116.71,57.87,15.16,22.32,39.66,14.97,22.32,39.66,14.98,22.32,39.66
1962-01-01,-116.71,57.87,16.76,22.48,41.84,16.83,22.13,40.50,16.98,22.33,40.50
1963-01-01,-116.71,57.87,17.07,25.42,55.94,17.07,24.44,54.24,17.07,24.44,53.85
1964-01-01,-116.71,57.87,16.64,24.55,47.76,16.64,24.55,47.76,16.64,24.55,47.76
1965-01-01,-116.71,57.87,18.12,29.87,73.23,18.14,27.97,73.53,18.11,30.98,73.53
1966-01-01,-116.71,57.87,17.33,26.02,49.03,17.90,25.60,48.36,16.90,25.60,48.09
1967-01-01,-116.71,57.87,16.05,27.40,39.44,16.25,27.40,39.44,16.25,27.40,39.44
1968-01-01,-116.71,57.87,16.03,25.16,43.99,16.03,26.98,44.67,16.03,25.48,43.78
1969-01-01,-116.71,57.87,14.16,23.82,39.33,14.29,24.25,39.33,14.02,24.07,39.33
1970-01-01,-116.71,57.87,15.97,26.28,45.08,15.95,26.42,47.24,16.00,26.42,47.34
1971-01-01,-116.71,57.87,14.98,23.61,53.91,14.74,23.61,57.30,14.27,23.61,56.40
1972-01-01,-116.71,57.87,15.33,23.14,43.02,15.67,23.28,43.86,15.95,23.46,42.54
1973-01-01,-116.71,57.87,18.08,24.49,46.61,17.97,24.49,46.83,18.26,24.49,46.71
1974-01-01,-116.71,57.87,14.29,21.45,46.78,14.29,21.15,46.61,14.29,21.78,46.61
1975-01-01,-116.71,57.87,12.71,25.54,35.72,12.90,25.01,35.67,12.92,25.01,35.67
1976-01-01,-116.71,57.87,17.33,25.65,42.63,17.33,26.11,42.29,17.33,26.11,42.55
1977-01-01,-116.71,57.87,16.98,23.80,52.10,16.98,23.66,52.02,16.98,23.97,51.78
1978-01-01,-116.71,57.87,16.86,22.71,32.11,17.05,23.22,32.11,16.83,23.22,32.11
1979-01-01,-116.71,57.87,18.57,35.21,54.83,18.59,35.21,54.83,19.15,35.21,54.83
1980-01-01,-116.71,57.87,13.81,23.91,44.30,13.63,23.96,43.58,13.57,23.70,44.74
1981-01-01,-116.71,57.87,15.66,21.88,47.57,13.83,21.83,50.38,13.69,21.68,46.53
1982-01-01,-116.71,57.87,14.08,25.70,41.94,15.00,25.27,48.29,14.83,25.47,47.82
1983-01-01,-116.71,57.87,16.73,25.03,41.57,16.07,24.82,40.69,16.63,24.21,37.40
1984-01-01,-116.71,57.87,17.02,28.39,50.43,17.24,29.07,50.85,16.94,28.09,51.97
1985-01-01,-116.71,57.87,12.31,20.28,36.54,12.31,20.17,35.12,12.31,20.81,34.28
1986-01-01,-116.71,57.87,18.12,28.80,43.84,18.36,27.97,44.18,18.78,29.81,44.08
1987-01-01,-116.71,57.87,11.23,19.22,46.62,11.35,19.44,47.11,11.59,19.46,47.87
1988-01-01,-116.71,57.87,15.47,25.64,47.53,15.30,24.65,47.55,15.17,25.15,48.55
1989-01-01,-116.71,57.87,16.04,24.05,57.14,15.99,23.60,57.41,15.77,23.87,60.54
1990-01-01,-116.71,57.87,18.17,25.15,51.38,18.16,25.56,51.28,18.64,25.42,50.54
1991-01-01,-116.71,57.87,17.70,24.75,51.70,17.65,24.15,46.37,17.98,24.43,46.37
1992-01-01,-116.71,57.87,14.99,23.63,41.44,14.71,23.79,41.40,14.75,23.79,41.52
1993-01-01,-116.71,57.87,15.20,25.63,53.76,14.64,25.73,54.75,15.02,25.31,54.82
1994-01-01,-116.71,57.87,18.05,23.68,47.62,17.82,23.08,46.99,17.94,23.52,47.14
1995-01-01,-116.71,57.87,16.75,24.48,39.77,17.22,24.18,41.49,17.31,24.43,41.16
1996-01-01,-116.71,57.87,14.44,26.74,47.03,14.29,26.79,48.79,14.85,26.32,45.96
1997-01-01,-116.71,57.87,16.13,26.00,46.76,16.86,26.97,48.66,16.63,26.00,50.14
1998-01-01,-116.71,57.87,18.66,31.15,44.24,18.44,31.71,43.40,18.53,30.51,43.65
1999-01-01,-116.71,57.87,13.01,25.64,43.78,13.26,25.34,46.10,13.47,25.31,47.06
2000-01-01,-116.71,57.87,17.44,27.84,46.63,17.57,28.50,46.36,17.18,28.35,46.73
2001-01-01,-116.71,57.87,16.72,22.42,39.34,16.61,23.17,39.74,16.38,23.42,39.34
2002-01-01,-116.71,57.87,15.82,25.47,40.21,17.72,25.62,40.46,15.63,24.75,38.69
2003-01-01,-116.71,57.87,16.85,24.80,47.35,16.71,26.03,47.25,17.13,26.00,50.31
2004-01-01,-116.71,57.87,18.29,32.25,49.84,18.05,33.08,49.30,17.61,32.46,50.49
2005-01-01,-116.71,57.87,18.99,32.80,61.65,18.45,32.92,62.50,18.80,32.92,62.17
2006-01-01,-116.71,57.87,17.06,31.49,59.22,14.63,22.64,56.46,14.00,29.40,43.26
2007-01-01,-116.71,57.87,16.64,24.13,53.20,12.38,26.40,42.48,12.76,25.85,46.49
2008-01-01,-116.71,57.87,16.99,25.87,55.07,15.50,33.78,54.23,15.99,26.00,50.68
2009-01-01,-116.71,57.87,19.14,31.00,69.23,13.86,27.06,42.16,15.86,22.35,65.82
2010-01-01,-116.71,57.87,16.06,23.96,45.91,15.38,27.69,44.65,14.08,27.69,42.59
2011-01-01,-116.71,57.87,14.14,24.65,55.03,16.68,25.01,52.38,16.69,29.54,45.33
2012-01-01,-116.71,57.87,20.07,34.91,54.80,18.41,24.40,48.84,15.54,31.67,61.87
2013-01-01,-116.71,57.87,16.14,23.56,47.64,13.93,21.84,53.34,12.71,26.01,51.22
2014-01-01,-116.71,57.87,14.38,26.54,43.66,16.54,24.20,51.89,15.58,25.70,41.36
2015-01-01,-116.71,57.87,15.47,24.48,40.79,13.54,31.65,52.77,13.72,23.97,56.43
2016-01-01,-116.71,57.87,14.65,26.06,52.15,16.13,24.88,52.27,16.09,38.32,51.48
2017-01-01,-116.71,57.87,16.77,23.33,49.87,14.34,22.57,32.71,13.76,26.83,51.62
2018-01-01,-116.71,57.87,18.18,24.41,44.80,16.84,24.72,42.13,14.76,23.49,34.14
2019-01-01,-116.71,57.87,16.44,27.12,69.31,17.75,30.85,78.16,12.71,25.75,44.50
2020-01-01,-116.71,57.87,15.65,26.10,54.67,13.61,25.93,52.15,17.21,33.55,58.37
2021-01-01,-116.71,57.87,18.72,28.86,59.75,15.41,26.89,53.45,17.14,21.67,48.30
2022-01-01,-116.71,57.87,16.36,26.03,43.34,16.39,27.84,58.68,15.25,28.63,45.12
2023-01-01,-116.71,57.87,16.99,27.73,48.67,18.75,25.74,44.25,13.97,24.11,45.79
2024-01-01,-116.71,57.87,16.11,24.49,46.07,14.15,25.52,48.66,15.00,28.19,50.39
2025-01-01,-116.71,57.87,17.03,20.58,34.79,15.60,25.64,48.40,19.69,27.83,49.72
2026-01-01,-116.71,57.87,15.82,25.48,46.78,19.10,29.54,53.14,18.92,26.03,43.93
2027-01-01,-116.71,57.87,19.52,29.83,62.15,17.46,37.43,70.72,14.05,26.85,50.71
2028-01-01,-116.71,57.87,19.53,28.06,47.94,14.44,24.04,42.15,18.55,25.31,53.07
2029-01-01,-116.71,57.87,22.17,31.56,53.50,14.17,23.63,36.72,16.10,29.27,59.26
2030-01-01,-116.71,57.87,18.63,27.66,46.33,16.36,21.64,46.83,16.14,22.41,45.84
2031-01-01,-116.71,57.87,17.02,25.20,36.55,14.61,27.13,44.57,17.97,27.95,50.55
2032-01-01,-116.71,57.87,13.27,27.99,58.45,15.93,29.18,62.13,18.72,27.00,53.37
2033-01-01,-116.71,57.87,16.54,25.56,48.35,15.22,26.84,42.62,15.68,24.52,40.45
2034-01-01,-116.71,57.87,14.82,23.05,50.10,16.72,26.38,51.47,13.72,30.35,48.46
2035-01-01,-116.71,57.87,18.09,28.08,59.08,19.54,27.55,52.77,17.14,28.71,48.64
2036-01-01,-116.71,57.87,22.20,32.26,48.88,18.28,31.32,46.19,13.84,30.14,44.64
2037-01-01,-116.71,57.87,18.38,30.10,45.51,19.59,25.57,36.91,16.70,27.64,59.11
2038-01-01,-116.71,57.87,14.42,26.98,51.81,13.98,26.62,54.65,15.69,26.50,47.45
2039-01-01,-116.71,57.87,15.68,21.38,52.03,16.00,32.85,51.76,18.86,28.55,51.50
2040-01-01,-116.71,57.87,17.25,29.08,48.46,15.79,24.13,45.22,17.33,30.85,49.99
2041-01-01,-116.71,57.87,17.06,26.96,56.54,15.04,26.67,49.18,16.06,21.88,38.95
2042-01-01,-116.71,57.87,18.19,26.67,40.85,14.97,30.66,50.22,17.46,32.03,51.07
2043-01-01,-116.71,57.87,15.30,25.07,56.25,14.56,25.26,46.12,16.28,25.27,42.27
2044-01-01,-116.71,57.87,15.63,28.64,54.96,14.11,25.38,48.81,17.02,28.72,59.19
2045-01-01,-116.71,57.87,17.50,30.12,89.40,14.52,22.89,50.15,18.53,27.80,43.00
2046-01-01,-116.71,57.87,15.58,27.39,50.88,16.73,30.09,50.83,13.78,25.29,52.21
2047-01-01,-116.71,57.87,14.42,21.06,50.20,15.98,21.46,54.32,16.90,26.06,48.96
2048-01-01,-116.71,57.87,16.24,27.57,48.31,16.03,26.63,50.72,16.60,37.32,56.07
2049-01-01,-116.71,57.87,15.32,25.48,51.51,19.59,28.66,70.17,15.16,29.63,50.67
2050-01-01,-116.71,57.87,14.68,26.01,58.25,16.09,22.82,48.36,14.57,27.38,55.11
2051-01-01,-116.71,57.87,16.43,25.76,54.65,19.19,34.67,55.68,16.03,30.30,51.26
2052-01-01,-116.71,57.87,20.67,25.45,56.85,18.84,23.38,47.36,17.36,24.03,49.22
2053-01-01,-116.71,57.87,15.30,30.85,50.45,16.72,35.80,53.06,16.19,25.24,46.92
2054-01-01,-116.71,57.87,19.44,32.56,51.32,19.40,30.77,54.97,14.46,24.63,51.11
2055-01-01,-116.71,57.87,17.58,24.07,52.84,14.64,20.94,44.56,16.07,27.28,51.99
2056-01-01,-116.71,57.87,16.49,28.16,52.24,13.85,26.88,63.29,16.17,28.61,44.12
2057-01-01,-116.71,57.87,16.52,23.70,42.70,16.71,27.26,48.51,14.76,27.35,53.10
2058-01-01,-116.71,57.87,18.81,37.42,51.96,16.64,25.98,53.46,17.53,38.43,54.35
2059-01-01,-116.71,57.87,19.82,27.95,44.12,17.19,30.99,54.48,20.05,35.08,50.31
2060-01-01,-116.71,57.87,16.52,24.25,39.73,17.12,24.23,44.82,17.35,26.62,47.20
2061-01-01,-116.71,57.87,18.20,29.19,46.91,15.56,26.27,52.01,16.17,22.71,56.42
2062-01-01,-116.71,57.87,20.25,34.74,51.74,18.53,33.63,52.15,19.20,28.51,45.99
2063-01-01,-116.71,57.87,17.42,25.82,52.89,15.20,23.18,43.02,14.86,25.99,50.59
2064-01-01,-116.71,57.87,20.52,29.45,47.61,17.00,27.06,44.49,19.95,32.92,51.40
2065-01-01,-116.71,57.87,18.31,29.14,60.63,18.27,36.80,63.95,16.44,27.83,52.97
2066-01-01,-116.71,57.87,16.78,25.13,39.60,14.05,24.99,53.31,17.79,34.67,57.48
2067-01-01,-116.71,57.87,13.88,21.80,42.96,14.85,21.47,37.57,18.79,26.04,46.03
2068-01-01,-116.71,57.87,15.65,21.12,35.96,16.86,31.09,54.57,20.23,30.65,58.35
2069-01-01,-116.71,57.87,17.81,28.24,59.24,18.76,27.41,46.74,17.08,24.79,55.30
2070-01-01,-116.71,57.87,16.89,27.56,42.54,21.85,34.92,52.72,19.68,31.59,61.51
2071-01-01,-116.71,57.87,14.75,30.62,55.24,16.73,24.10,49.09,14.93,24.61,45.49
2072-01-01,-116.71,57.87,16.15,28.39,61.56,19.09,32.63,55.58,17.42,30.17,51.90
2073-01-01,-116.71,57.87,20.59,31.02,50.58,16.56,27.51,45.04,19.27,28.42,49.67
2074-01-01,-116.71,57.87,15.42,28.28,54.35,18.55,29.16,55.76,17.14,28.15,61.49
2075-01-01,-116.71,57.87,16.03,27.24,47.21,13.22,23.72,58.33,18.99,30.22,47.29
2076-01-01,-116.71,57.87,16.47,25.46,49.13,20.80,25.35,60.52,17.53,28.09,58.26
2077-01-01,-116.71,57.87,15.47,25.70,47.83,17.99,31.87,66.22,15.20,29.34,46.03
2078-01-01,-116.71,57.87,17.10,31.24,58.22,16.87,23.77,38.92,17.94,27.44,57.29
2079-01-01,-116.71,57.87,14.93,25.23,49.08,18.58,31.12,60.88,18.17,28.94,49.58
2080-01-01,-116.71,57.87,14.29,28.97,45.94,15.63,35.42,60.81,18.75,27.47,44.13
2081-01-01,-116.71,57.87,15.67,22.96,45.08,16.90,28.36,61.50,15.41,25.24,54.20
2082-01-01,-116.71,57.87,11.28,26.76,51.86,17.85,31.31,58.09,18.43,28.13,52.71
2083-01-01,-116.71,57.87,16.42,26.36,40.59,19.97,26.49,56.10,13.50,26.62,49.90
2084-01-01,-116.71,57.87,20.43,33.03,52.18,14.28,26.14,45.23,20.84,26.99,78.80
2085-01-01,-116.71,57.87,15.29,22.56,47.09,21.40,29.52,56.12,18.55,29.44,50.46
2086-01-01,-116.71,57.87,19.04,29.09,52.33,16.09,23.22,38.20,17.82,31.55,53.54
2087-01-01,-116.71,57.87,14.95,22.30,47.69,18.72,27.72,59.91,18.14,29.74,49.02
2088-01-01,-116.71,57.87,14.77,25.43,46.42,13.14,25.32,41.64,16.36,27.93,61.26
2089-01-01,-116.71,57.87,15.96,35.49,54.13,15.17,24.39,50.46,14.55,24.84,51.31
2090-01-01,-116.71,57.87,13.65,30.24,53.89,16.96,28.67,51.70,17.22,23.70,41.40
2091-01-01,-116.71,57.87,17.20,26.76,57.01,19.17,32.55,71.81,20.76,28.52,52.01
2092-01-01,-116.71,57.87,17.46,29.24,58.68,16.06,23.02,55.68,21.48,28.92,54.33
2093-01-01,-116.71,57.87,19.55,27.77,54.44,15.42,26.79,58.34,16.13,26.15,53.59
2094-01-01,-116.71,57.87,14.80,28.64,51.22,18.88,27.31,57.88,17.48,29.18,58.48
2095-01-01,-116.71,57.87,15.22,27.95,61.23,13.36,24.78,39.42,20.28,30.98,50.91
2096-01-01,-116.71,57.87,17.93,25.46,52.00,18.59,29.89,54.16,19.00,29.55,41.55
2097-01-01,-116.71,57.87,15.39,29.22,50.05,19.84,29.23,63.37,15.55,30.01,61.76
2098-01-01,-116.71,57.87,15.33,25.45,46.82,16.86,29.41,52.80,19.37,30.67,50.82
2099-01-01,-116.71,57.87,13.96,28.67,51.46,15.60,21.89,38.24,18.12,27.47,48.11
2100-01-01,-116.71,57.87,15.74,24.46,51.87,18.56,24.02,44.35,16.61,27.08,55.04
1950-01-01,-115.21,57.87,15.39,26.68,44.12,15.83,24.76,44.12,15.57,25.09,44.12
1951-01-01,-115.21,57.87,11.73,22.52,40.78,11.57,22.52,40.78,11.58,22.52,40.78
1952-01-01,-115.21,57.87,15.71,23.47,44.87,15.76,23.32,44.87,15.77,22.96,44.87
1953-01-01,-115.21,57.87,14.44,24.70,40.44,14.75,24.70,40.44,14.79,24.70,40.44
1954-01-01,-115.21,57.87,14.20,22.77,37.81,14.30,23.33,37.81,13.67,23.33,37.81
1955-01-01,-115.21,57.87,12.60,18.68,45.29,12.59,18.68,45.29,12.59,18.84,45.29
1956-01-01,-115.21,57.87,17.92,24.45,41.34,17.92,24.45,41.17,17.92,24.45,41.18
1957-01-01,-115.21,57.87,12.87,25.32,43.91,12.89,25.32,43.91,12.89,25.32,43.91
1958-01-01,-115.21,57.87,14.79,29.32,41.83,14.51,29.32,42.54,14.83,29.32,42.54
1959-01-01,-115.21,57.87,14.53,27.58,36.05,14.68,27.58,36.05,14.63,27.58,36.05
1960-01-01,-115.21,57.87,16.47,30.74,38.59,16.47,30.79,38.59,16.47,30.85,39.45
1961-01-01,-115.21,57.87,14.21,21.37,35.60,14.35,21.38,36.01,14.35,21.36,35.60
1962-01-01,-115.21,57.87,16.72,25.08,36.78,16.72,24.85,35.88,16.71,24.87,35.88
1963-01-01,-115.21,57.87,15.08,27.04,54.02,14.63,27.26,54.02,14.63,26.01,54.02
1964-01-01,-115.21,57.87,14.60,25.60,40.01,14.60,24.48,40.01,14.52,24.48,40.01
1965-01-01,-115.21,57.87,16.06,32.09,50.13,15.50,31.70,52.12,16.22,32.48,52.12
1966-01-01,-115.21,57.87,16.08,25.62,44.29,16.08,25.79,44.29,16.08,25.93,44.29
1967-01-01,-115.21,57.87,15.97,27.28,38.42,15.65,27.28,38.73,15.65,27.28,38.89
1968-01-01,-115.21,57.87,13.20,23.96,38.45,13.24,24.36,38.45,13.24,24.28,38.45
1969-01-01,-115.21,57.87,15.01,22.53,34.81,15.01,22.51,34.56,15.01,22.51,34.56
1970-01-01,-115.21,57.87,15.35,21.14,38.42,15.21,21.14,38.42,15.31,21.00,38.42
1971-01-01,-115.21,57.87,15.25,24.33,42.95,15.25,24.26,42.11,15.25,24.33,42.11
1972-01-01,-115.21,57.87,16.04,21.99,37.01,16.04,22.47,37.01,16.04,22.47,37.01
1973-01-01,-115.21,57.87,17.01,25.44,47.97,17.17,25.67,47.94,17.20,25.67,47.95
1974-01-01,-115.21,57.87,12.97,23.18,37.98,12.97,23.21,37.98,12.97,22.96,37.98
1975-01-01,-115.21,57.87,10.66,25.37,35.69,10.66,25.57,35.87,10.66,25.42,34.78
1976-01-01,-115.21,57.87,17.20,23.72,39.29,17.20,23.30,39.30,17.11,23.30,39.31
1977-01-01,-115.21,57.87,15.61,27.97,46.72,15.61,28.07,47.11,15.61,28.01,44.85
1978-01-01,-115.21,57.87,15.82,22.37,31.91,15.82,22.39,31.91,15.82,22.38,31.91
1979-01-01,-115.21,57.87,16.33,32.35,48.25,16.79,32.76,48.25,16.88,32.76,48.25
1980-01-01,-115.21,57.87,14.12,21.00,44.56,14.25,20.53,43.86,14.16,20.90,43.82
1981-01-01,-115.21,57.87,16.61,22.75,38.06,15.84,22.71,38.62,15.80,22.61,38.39
1982-01-01,-115.21,57.87,15.42,22.46,45.91,15.16,22.44,45.72,15.01,22.46,46.11
1983-01-01,-115.21,57.87,16.18,20.88,41.87,15.86,21.91,41.59,15.98,21.62,40.13
1984-01-01,-115.21,57.87,17.47,27.80,39.36,17.55,28.40,38.45,17.50,29.56,41.30
1985-01-01,-115.21,57.87,13.39,20.01,35.59,13.68,19.98,35.59,13.44,19.62,35.73
1986-01-01,-115.21,57.87,15.24,25.57,35.84,15.09,25.93,35.84,15.33,26.83,36.73
1987-01-01,-115.21,57.87,13.02,17.97,39.27,12.61,18.10,40.73,12.57,17.98,40.57
1988-01-01,-115.21,57.87,14.48,22.40,47.08,14.35,22.53,47.08,14.28,22.75,47.37
1989-01-01,-115.21,57.87,16.55,27.11,52.05,16.63,26.67,52.77,16.55,26.42,58.57
1990-01-01,-115.21,57.87,14.91,29.49,39.93,15.12,30.07,39.85,15.27,29.69,39.64
1991-01-01,-115.21,57.87,16.52,20.48,49.37,16.32,20.74,49.97,16.43,20.88,49.56
1992-01-01,-115.21,57.87,15.04,25.21,45.20,15.36,25.57,44.33,15.43,25.92,43.02
1993-01-01,-115.21,57.87,14.89,22.27,61.58,15.44,22.49,60.71,15.30,22.49,61.63
1994-01-01,-115.21,57.87,15.69,23.33,40.40,16.18,23.19,43.48,15.76,23.29,43.51
1995-01-01,-115.21,57.87,14.99,23.75,36.46,15.56,24.41,38.12,15.47,25.21,37.92
1996-01-01,-115.21,57.87,14.93,23.32,39.74,15.03,22.91,39.58,14.51,22.47,42.17
1997-01-01,-115.21,57.87,13.29,27.62,46.20,13.45,28.32,46.42,13.00,28.52,46.24
1998-01-01,-115.21,57.87,16.62,29.14,40.11,16.72,29.03,40.21,16.32,29.25,40.07
1999-01-01,-115.21,57.87,14.23,29.93,53.84,14.43,29.41,58.59,14.35,29.64,58.49
2000-01-01,-115.21,57.87,15.47,26.00,46.27,15.62,25.52,45.64,15.64,26.78,45.65
2001-01-01,-115.21,57.87,15.75,25.48,39.72,15.54,25.89,39.35,15.59,26.61,39.35
2002-01-01,-115.21,57.87,17.51,25.48,40.97,17.63,25.75,40.72,17.51,25.72,43.46
2003-01-01,-115.21,57.87,20.42,27.09,45.42,20.21,27.91,45.32,19.47,28.08,44.93
2004-01-01,-115.21,57.87,16.06,34.21,47.48,16.16,34.50,47.53,16.09,34.21,47.49
2005-01-01,-115.21,57.87,16.80,30.19,49.10,16.88,29.94,51.21,16.92,31.54,51.27
2006-01-01,-115.21,57.87,16.07,32.38,47.32,14.28,24.85,36.62,14.83,29.80,39.22
2007-01-01,-115.21,57.87,14.87,26.21,41.47,14.04,30.01,42.42,11.23,22.21,38.60
2008-01-01,-115.21,57.87,16.04,29.70,40.05,15.82,31.15,50.65,17.56,26.84,38.13
2009-01-01,-115.21,57.87,18.39,30.24,59.83,19.20,25.70,38.90,14.51,26.79,38.26
2010-01-01,-115.21,57.87,18.01,28.47,49.10,17.38,26.74,39.23,17.83,27.56,36.66
2011-01-01,-115.21,57.87,17.30,25.20,51.16,15.71,21.84,47.78,15.63,28.93,39.43
2012-01-01,-115.21,57.87,17.88,30.55,66.64,14.93,25.06,48.35,12.80,28.03,63.76
2013-01-01,-115.21,57.87,12.60,25.52,40.00,14.81,24.29,44.30,13.76,28.83,35.18
2014-01-01,-115.21,57.87,16.32,26.13,33.37,16.69,25.20,45.42,13.39,26.18,38.26
2015-01-01,-115.21,57.87,16.86,27.54,44.80,15.84,30.88,46.36,16.66,24.35,44.68
2016-01-01,-115.21,57.87,15.52,24.21,41.37,15.63,25.25,49.49,16.86,32.99,56.07
2017-01-01,-115.21,57.87,18.57,26.32,36.07,16.88,24.58,36.55,15.36,23.03,46.55
2018-01-01,-115.21,57.87,16.40,25.87,43.11,15.38,23.62,37.70,14.32,22.17,31.40
2019-01-01,-115.21,57.87,16.69,22.53,46.02,15.06,30.77,58.11,12.35,25.61,37.43
2020-01-01,-115.21,57.87,16.21,28.57,50.76,15.26,27.77,49.37,16.93,30.63,48.39
2021-01-01,-115.21,57.87,18.20,25.18,71.71,15.23,27.05,42.33,13.07,22.70,43.92
2022-01-01,-115.21,57.87,15.56,24.21,38.77,14.43,25.54,49.69,14.56,27.91,41.83
2023-01-01,-115.21,57.87,16.13,29.10,45.37,15.38,26.25,34.23,16.84,25.39,39.03
2024-01-01,-115.21,57.87,15.18,25.41,46.59,14.88,24.07,39.37,16.12,27.13,42.26
2025-01-01,-115.21,57.87,12.08,22.54,28.99,16.48,24.68,41.54,17.64,26.08,40.34
2026-01-01,-115.21,57.87,15.91,22.73,41.51,19.26,25.92,44.08,18.11,26.56,35.68
2027-01-01,-115.21,57.87,16.30,26.79,48.11,17.62,36.02,57.65,16.40,28.15,46.13
2028-01-01,-115.21,57.87,14.82,26.84,47.59,15.81,23.00,43.07,14.86,28.36,46.75
2029-01-01,-115.21,57.87,19.04,30.84,46.78,14.39,24.92,38.61,16.69,28.27,50.85
2030-01-01,-115.21,57.87,19.83,27.51,42.92,17.16,26.54,39.66,12.82,22.20,40.09
2031-01-01,-115.21,57.87,17.19,25.66,52.85,15.82,30.69,41.42,17.30,30.16,46.31
2032-01-01,-115.21,57.87,14.02,29.47,44.47,15.77,26.36,56.03,17.92,24.04,47.33
2033-01-01,-115.21,57.87,17.29,24.59,40.75,13.22,26.06,38.60,15.08,27.95,40.49
2034-01-01,-115.21,57.87,14.29,25.62,49.56,17.87,24.59,42.93,13.84,29.83,57.58
2035-01-01,-115.21,57.87,16.58,29.24,44.99,17.71,29.00,58.69,14.23,29.29,44.21
2036-01-01,-115.21,57.87,18.81,33.27,41.08,18.64,32.64,46.42,16.08,29.67,38.57
2037-01-01,-115.21,57.87,19.10,35.85,45.59,19.59,25.16,33.33,15.47,26.81,47.20
2038-01-01,-115.21,57.87,16.24,26.47,44.99,18.19,30.34,46.51,18.57,28.48,44.67
2039-01-01,-115.21,57.87,16.57,20.79,39.53,17.34,31.81,52.99,18.28,27.81,52.73
2040-01-01,-115.21,57.87,15.18,27.55,42.77,15.59,22.72,38.84,15.44,28.34,43.37
2041-01-01,-115.21,57.87,17.35,28.75,47.82,12.85,26.95,49.42,17.20,25.48,38.85
2042-01-01,-115.21,57.87,15.46,25.22,36.62,15.09,27.52,40.74,18.27,32.12,42.07
2043-01-01,-115.21,57.87,15.01,24.86,52.46,15.83,23.10,39.23,15.74,23.21,41.52
2044-01-01,-115.21,57.87,15.11,25.87,51.54,17.35,24.54,40.44,16.71,29.39,43.37
2045-01-01,-115.21,57.87,13.04,27.11,55.05,16.06,22.75,48.63,17.12,27.71,40.33
2046-01-01,-115.21,57.87,14.88,26.43,54.01,14.82,24.91,46.26,16.13,22.83,55.22
2047-01-01,-115.21,57.87,16.79,19.75,46.29,14.24,19.08,45.54,14.96,26.68,55.67
2048-01-01,-115.21,57.87,14.76,22.61,43.59,14.33,23.05,40.86,14.50,30.18,51.49
2049-01-01,-115.21,57.87,17.07,30.03,49.85,17.18,23.91,55.55,16.12,28.14,50.50
2050-01-01,-115.21,57.87,15.49,28.58,41.15,15.17,23.91,40.25,14.77,25.98,45.95
2051-01-01,-115.21,57.87,18.94,25.96,47.85,17.73,34.67,50.78,17.41,29.09,56.36
2052-01-01,-115.21,57.87,17.08,29.57,55.25,17.69,28.47,44.80,14.58,24.96,55.50
2053-01-01,-115.21,57.87,13.97,27.02,48.96,14.34,31.24,45.92,18.24,25.04,46.57
2054-01-01,-115.21,57.87,16.68,30.33,51.26,17.46,33.05,54.68,15.25,24.88,40.97
2055-01-01,-115.21,57.87,14.25,24.05,43.21,12.59,22.46,35.04,16.90,26.20,45.26
2056-01-01,-115.21,57.87,17.78,28.86,45.06,17.31,29.75,56.32,15.63,28.90,50.30
2057-01-01,-115.21,57.87,15.28,24.33,50.58,16.80,27.64,51.79,18.61,23.78,46.04
2058-01-01,-115.21,57.87,20.90,34.27,50.22,16.39,22.86,49.51,16.60,34.10,53.90
2059-01-01,-115.21,57.87,16.87,24.69,34.85,14.97,33.26,44.63,19.18,33.24,42.61
2060-01-01,-115.21,57.87,18.77,23.76,41.42,14.46,24.29,53.47,17.63,21.75,38.17
2061-01-01,-115.21,57.87,16.17,23.49,39.87,14.94,25.28,45.06,16.24,21.66,45.19
2062-01-01,-115.21,57.87,21.89,32.43,48.46,16.81,31.35,51.42,17.95,28.19,43.43
2063-01-01,-115.21,57.87,16.77,25.93,38.94,16.73,21.69,40.96,16.24,29.94,50.75
2064-01-01,-115.21,57.87,19.94,32.03,46.95,15.53,31.26,42.54,18.35,29.14,57.09
2065-01-01,-115.21,57.87,16.75,29.55,51.12,19.74,31.81,53.97,14.01,30.23,56.64
2066-01-01,-115.21,57.87,16.71,22.52,30.74,14.75,22.05,46.53,17.25,26.85,44.90
2067-01-01,-115.21,57.87,15.70,22.12,38.47,17.35,23.50,36.37,19.26,25.96,39.27
2068-01-01,-115.21,57.87,15.27,23.58,34.29,15.72,29.57,44.33,14.60,31.94,41.47
2069-01-01,-115.21,57.87,15.98,24.41,45.09,18.48,27.03,46.38,17.47,26.50,43.85
2070-01-01,-115.21,57.87,18.27,29.05,48.61,16.86,30.52,57.84,17.31,29.61,57.39
2071-01-01,-115.21,57.87,12.26,26.44,51.29,16.18,25.11,40.60,15.78,24.95,33.77
2072-01-01,-115.21,57.87,14.09,31.16,46.30,16.13,26.68,41.03,17.65,30.28,58.33
2073-01-01,-115.21,57.87,20.04,32.07,46.21,16.08,31.95,47.70,18.77,24.69,47.69
2074-01-01,-115.21,57.87,17.24,29.21,48.32,18.11,30.84,50.99,17.66,26.04,46.33
2075-01-01,-115.21,57.87,17.80,25.34,41.20,14.44,17.33,55.07,15.95,31.67,48.92
2076-01-01,-115.21,57.87,15.96,26.23,46.98,19.86,26.04,57.76,15.83,27.55,48.30
2077-01-01,-115.21,57.87,14.41,24.02,47.04,17.87,30.51,61.09,17.45,24.39,43.90
2078-01-01,-115.21,57.87,15.67,31.73,60.00,16.07,21.65,36.28,16.25,31.79,47.31
2079-01-01,-115.21,57.87,11.75,25.28,45.84,17.17,24.64,52.98,17.24,25.85,43.83
2080-01-01,-115.21,57.87,14.21,25.30,42.89,16.65,32.70,56.76,15.58,25.87,45.02
2081-01-01,-115.21,57.87,13.21,19.13,43.97,17.39,25.91,56.03,13.66,24.12,46.91
2082-01-01,-115.21,57.87,13.56,25.37,48.12,16.38,32.34,49.78,17.61,27.36,41.58
2083-01-01,-115.21,57.87,16.59,22.97,34.74,16.55,28.28,54.97,15.47,26.33,51.74
2084-01-01,-115.21,57.87,21.28,34.23,47.69,17.27,27.11,50.72,20.65,28.83,66.98
2085-01-01,-115.21,57.87,16.73,23.08,40.96,15.98,27.33,52.23,18.71,28.93,54.72
2086-01-01,-115.21,57.87,18.14,24.88,52.97,14.55,20.89,42.20,17.51,27.21,59.70
2087-01-01,-115.21,57.87,14.69,34.79,48.43,17.47,27.69,51.60,16.03,24.18,48.76
2088-01-01,-115.21,57.87,15.90,30.25,39.76,13.65,22.35,43.15,16.91,29.41,47.13
2089-01-01,-115.21,57.87,12.93,28.65,41.15,15.52,24.43,38.51,14.65,24.08,41.54
2090-01-01,-115.21,57.87,17.15,31.79,46.90,14.40,28.64,48.42,16.87,23.69,40.67
2091-01-01,-115.21,57.87,18.17,26.86,42.51,17.76,34.72,58.93,16.17,28.20,44.48
2092-01-01,-115.21,57.87,17.29,27.03,45.23,15.08,21.41,48.87,21.25,29.96,42.87
2093-01-01,-115.21,57.87,18.86,27.17,51.20,14.60,24.43,61.43,13.94,29.67,54.07
2094-01-01,-115.21,57.87,18.08,32.18,43.25,17.12,26.14,48.42,18.33,30.70,53.09
2095-01-01,-115.21,57.87,12.54,21.90,43.44,14.17,20.29,41.01,17.06,28.33,51.99
2096-01-01,-115.21,57.87,16.19,26.00,44.59,14.72,27.31,61.82,17.79,31.67,50.43
2097-01-01,-115.21,57.87,14.89,29.51,43.13,18.69,30.33,50.59,18.26,31.42,56.98
2098-01-01,-115.21,57.87,16.12,21.71,42.02,16.85,28.14,51.01,16.26,30.73,44.60
2099-01-01,-115.21,57.87,16.13,28.03,53.17,18.28,24.90,35.77,16.43,24.59,39.89
2100-01-01,-115.21,57.87,15.00,26.84,50.58,16.03,24.23,39.30,16.07,28.56,40.88
1950-01-01,-116.04,58.21,16.63,25.67,40.14,17.15,25.17,40.14,17.70,25.17,40.14
1951-01-01,-116.04,58.21,12.03,20.55,43.39,11.94,20.53,43.15,11.73,20.46,43.15
1952-01-01,-116.04,58.21,17.72,25.75,41.84,18.06,25.75,41.84,17.75,25.75,41.84
1953-01-01,-116.04,58.21,15.83,22.88,41.09,15.83,22.92,41.00,15.83,22.77,40.94
1954-01-01,-116.04,58.21,12.67,24.70,36.50,13.03,24.51,35.93,12.46,24.51,35.93
1955-01-01,-116.04,58.21,12.41,21.80,41.20,12.42,21.80,41.20,12.80,21.80,41.20
1956-01-01,-116.04,58.21,16.69,25.03,40.35,16.73,25.04,40.35,17.17,25.03,40.27
1957-01-01,-116.04,58.21,12.67,24.35,43.89,12.70,24.35,44.56,12.70,24.35,44.56
1958-01-01,-116.04,58.21,19.74,26.90,40.72,19.76,26.55,41.75,19.83,26.55,39.77
1959-01-01,-116.04,58.21,17.56,25.81,36.48,17.06,25.54,37.34,17.34,25.54,37.34
1960-01-01,-116.04,58.21,15.24,27.91,37.12,15.24,29.36,37.11,15.24,29.36,37.12
1961-01-01,-116.04,58.21,14.21,23.30,36.08,13.70,23.24,36.60,13.87,23.27,36.08
1962-01-01,-116.04,58.21,17.09,22.52,33.46,17.80,22.78,31.87,17.80,22.78,31.87
1963-01-01,-116.04,58.21,15.08,23.91,42.32,14.66,23.91,42.32,15.13,23.91,42.32
1964-01-01,-116.04,58.21,13.16,22.77,38.77,13.57,22.89,38.77,13.57,22.67,38.77
1965-01-01,-116.04,58.21,16.50,29.96,41.77,16.50,30.44,41.77,17.11,30.44,41.77
1966-01-01,-116.04,58.21,14.30,24.85,40.22,14.30,24.85,40.22,14.30,24.85,40.22
1967-01-01,-116.04,58.21,16.82,22.80,36.50,16.10,22.70,36.50,16.10,22.84,36.50
1968-01-01,-116.04,58.21,15.04,26.36,39.82,14.91,26.37,39.82,14.91,26.02,39.82
1969-01-01,-116.04,58.21,14.92,21.92,35.64,14.55,21.98,35.64,13.97,21.98,35.64
1970-01-01,-116.04,58.21,13.62,24.16,37.26,13.53,25.13,37.52,13.31,25.13,37.58
1971-01-01,-116.04,58.21,18.29,23.50,42.57,18.15,23.57,41.55,18.15,23.87,43.02
1972-01-01,-116.04,58.21,13.73,22.62,35.03,13.73,23.12,34.77,13.81,22.65,34.77
1973-01-01,-116.04,58.21,18.02,24.52,40.82,17.95,25.01,40.82,17.76,25.01,40.82
1974-01-01,-116.04,58.21,14.13,21.86,38.35,14.32,21.80,38.22,14.45,21.99,38.96
1975-01-01,-116.04,58.21,11.99,23.26,32.59,11.99,23.26,33.29,11.99,23.80,32.14
1976-01-01,-116.04,58.21,16.51,23.86,38.29,16.67,24.18,37.98,16.13,24.18,38.92
1977-01-01,-116.04,58.21,14.78,22.98,44.42,14.78,22.98,44.45,14.78,22.98,44.28
1978-01-01,-116.04,58.21,16.39,18.72,32.66,16.29,18.95,32.30,16.29,18.71,32.30
1979-01-01,-116.04,58.21,20.80,31.27,46.18,20.80,30.40,46.18,20.80,30.22,46.37
1980-01-01,-116.04,58.21,13.22,20.61,36.58,13.26,21.27,37.41,13.50,21.42,36.58
1981-01-01,-116.04,58.21,12.08,20.33,40.24,11.71,20.37,40.47,11.82,20.98,40.23
1982-01-01,-116.04,58.21,13.46,24.40,45.54,14.23,24.87,44.96,14.19,24.60,44.87
1983-01-01,-116.04,58.21,13.90,22.51,39.46,13.61,21.99,39.33,13.68,22.56,38.92
1984-01-01,-116.04,58.21,17.75,26.54,39.54,17.55,26.84,41.18,16.89,27.36,41.55
1985-01-01,-116.04,58.21,12.53,21.95,35.72,12.85,22.10,36.33,13.08,22.07,36.50
1986-01-01,-116.04,58.21,17.35,25.61,36.74,17.28,26.14,34.50,17.34,25.95,35.98
1987-01-01,-116.04,58.21,13.51,20.70,38.37,13.67,20.22,39.55,14.11,21.22,39.74
1988-01-01,-116.04,58.21,13.57,23.82,41.56,12.94,24.06,42.65,13.08,24.54,45.27
1989-01-01,-116.04,58.21,13.89,23.19,49.73,13.51,22.74,49.73,13.56,22.82,49.64
1990-01-01,-116.04,58.21,19.16,26.16,40.61,19.37,25.15,42.67,18.69,25.27,40.61
1991-01-01,-116.04,58.21,16.46,22.88,48.03,16.30,22.56,47.31,16.62,22.53,47.51
1992-01-01,-116.04,58.21,13.40,20.15,37.99,13.22,20.16,37.94,13.15,20.66,37.43
1993-01-01,-116.04,58.21,13.74,23.66,49.07,13.59,23.76,48.86,13.75,23.95,49.88
1994-01-01,-116.04,58.21,15.17,22.43,37.73,15.77,22.64,38.32,16.06,22.40,38.60
1995-01-01,-116.04,58.21,15.68,25.17,38.07,15.28,24.75,38.63,15.67,25.79,38.25
1996-01-01,-116.04,58.21,13.37,27.44,40.51,13.40,26.70,40.51,13.28,25.95,42.34
1997-01-01,-116.04,58.21,12.42,24.22,41.26,11.89,23.76,41.16,12.28,24.48,41.08
1998-01-01,-116.04,58.21,19.17,31.97,41.16,19.88,31.89,39.80,19.99,32.34,39.76
1999-01-01,-116.04,58.21,13.82,24.40,42.85,14.07,24.55,44.16,13.79,24.30,42.85
2000-01-01,-116.04,58.21,17.01,24.19,41.67,16.98,23.94,42.68,16.86,23.91,42.67
2001-01-01,-116.04,58.21,15.93,22.70,36.00,13.91,23.06,35.13,14.69,23.02,34.85
2002-01-01,-116.04,58.21,16.83,22.95,34.41,15.65,23.16,34.27,17.31,23.37,34.32
2003-01-01,-116.04,58.21,15.80,23.72,46.06,16.46,24.30,46.29,15.55,24.44,46.37
2004-01-01,-116.04,58.21,16.43,32.44,44.02,16.04,32.69,44.52,16.12,32.69,44.98
2005-01-01,-116.04,58.21,14.97,31.01,50.14,14.59,31.23,49.83,15.23,31.11,49.83
2006-01-01,-116.04,58.21,19.16,29.13,50.19,15.15,19.38,39.93,13.18,27.69,38.92
2007-01-01,-116.04,58.21,16.10,24.09,39.20,13.72,24.38,37.98,11.85,24.05,43.42
2008-01-01,-116.04,58.21,18.73,23.30,43.40,18.63,27.80,48.77,17.58,23.87,36.48
2009-01-01,-116.04,58.21,20.13,27.68,48.86,14.17,24.50,37.25,16.74,24.27,43.74
2010-01-01,-116.04,58.21,17.30,25.09,42.00,14.66,25.96,36.51,18.74,24.74,35.29
2011-01-01,-116.04,58.21,15.52,24.31,38.46,18.89,23.27,46.81,15.70,27.01,38.26
2012-01-01,-116.04,58.21,18.57,26.84,47.30,14.80,25.23,43.08,14.31,24.02,48.42
2013-01-01,-116.04,58.21,13.66,24.20,39.81,14.26,23.16,35.16,12.17,24.79,40.84
2014-01-01,-116.04,58.21,13.02,25.23,38.27,14.85,22.88,43.11,14.64,27.03,44.14
2015-01-01,-116.04,58.21,12.62,23.79,37.45,15.82,26.32,39.90,15.45,22.95,41.84
2016-01-01,-116.04,58.21,14.20,23.40,39.95,17.26,24.37,40.35,16.88,32.30,46.30
2017-01-01,-116.04,58.21,16.20,23.27,37.02,16.88,22.56,28.60,14.38,20.58,45.26
2018-01-01,-116.04,58.21,16.99,25.54,44.86,17.39,23.06,35.47,13.52,21.87,28.30
2019-01-01,-116.04,58.21,16.84,22.72,45.30,17.79,29.49,52.75,13.12,23.79,37.88
2020-01-01,-116.04,58.21,14.91,27.22,40.69,12.35,24.52,45.19,18.36,28.54,46.92
2021-01-01,-116.04,58.21,15.84,26.13,51.16,16.93,24.96,44.77,15.59,24.79,40.25
2022-01-01,-116.04,58.21,15.33,24.33,41.85,13.14,25.20,43.86,16.75,26.54,41.10
2023-01-01,-116.04,58.21,17.02,28.80,47.44,15.34,24.14,36.00,15.81,23.14,34.29
2024-01-01,-116.04,58.21,14.77,24.17,39.58,14.71,25.69,36.65,15.29,27.44,40.40
2025-01-01,-116.04,58.21,13.42,21.10,30.71,16.07,24.46,44.89,18.18,28.60,41.44
2026-01-01,-116.04,58.21,15.62,24.07,34.83,20.05,28.53,42.01,18.42,25.95,38.84
2027-01-01,-116.04,58.21,18.75,27.56,46.66,19.71,40.52,52.17,14.83,29.90,46.48
2028-01-01,-116.04,58.21,18.07,25.98,39.60,14.75,23.94,38.07,13.16,26.17,44.35
2029-01-01,-116.04,58.21,21.00,30.07,43.15,12.94,24.70,33.34,14.92,27.44,45.78
2030-01-01,-116.04,58.21,17.83,27.98,43.58,16.74,25.51,39.41,12.97,22.08,41.28
2031-01-01,-116.04,58.21,17.64,23.16,36.60,14.15,29.16,40.63,17.07,26.39,45.53
2032-01-01,-116.04,58.21,13.84,27.75,50.03,15.36,27.16,45.37,18.18,22.31,48.60
2033-01-01,-116.04,58.21,17.01,25.96,42.06,13.86,25.03,39.19,14.37,25.41,33.57
2034-01-01,-116.04,58.21,13.64,24.68,45.16,16.67,25.28,40.91,12.73,26.89,47.11
2035-01-01,-116.04,58.21,16.99,27.15,43.45,16.83,25.73,52.90,14.53,27.11,37.69
2036-01-01,-116.04,58.21,19.72,30.70,41.47,16.76,30.03,42.72,13.83,29.41,39.48
2037-01-01,-116.04,58.21,16.92,33.70,40.03,20.29,28.82,38.49,18.39,25.48,41.04
2038-01-01,-116.04,58.21,16.18,27.29,41.46,19.24,26.29,44.20,16.27,26.65,37.62
2039-01-01,-116.04,58.21,15.09,21.93,40.42,17.61,28.51,40.90,17.85,28.87,44.20
2040-01-01,-116.04,58.21,15.91,29.75,44.44,16.53,22.95,35.05,17.71,28.50,40.12
2041-01-01,-116.04,58.21,15.43,24.66,45.91,13.28,26.64,39.52,19.00,26.47,36.36
2042-01-01,-116.04,58.21,14.67,24.54,37.89,15.55,27.30,44.37,19.90,28.77,43.33
2043-01-01,-116.04,58.21,17.35,27.39,45.11,15.38,25.05,39.17,14.96,22.56,34.35
2044-01-01,-116.04,58.21,14.05,26.70,46.55,12.69,22.24,41.80,16.96,27.72,41.53
2045-01-01,-116.04,58.21,14.07,27.38,59.40,15.51,20.95,38.55,17.01,22.81,44.18
2046-01-01,-116.04,58.21,17.33,25.19,49.64,14.22,27.10,44.54,13.71,22.39,42.11
2047-01-01,-116.04,58.21,11.25,21.67,34.69,14.06,20.06,42.92,14.74,25.74,45.19
2048-01-01,-116.04,58.21,15.80,25.43,43.19,15.81,27.22,46.74,13.65,30.08,47.54
2049-01-01,-116.04,58.21,17.50,26.24,47.44,15.09,26.58,50.34,15.72,27.33,43.59
2050-01-01,-116.04,58.21,15.87,26.06,43.96,13.98,23.35,35.10,11.60,24.86,47.21
2051-01-01,-116.04,58.21,16.75,25.72,44.59,16.07,31.27,48.44,15.20,27.25,40.75
2052-01-01,-116.04,58.21,16.74,26.58,49.99,18.76,24.70,43.70,13.86,24.49,43.70
2053-01-01,-116.04,58.21,18.39,26.78,47.26,16.00,29.69,40.80,16.35,22.91,37.60
2054-01-01,-116.04,58.21,18.28,30.57,52.32,17.15,27.14,44.20,12.66,21.81,38.01
2055-01-01,-116.04,58.21,16.41,23.96,37.44,12.80,21.81,40.54,15.60,24.83,42.64
2056-01-01,-116.04,58.21,18.07,26.36,39.62,14.65,27.77,49.25,15.11,28.55,45.47
2057-01-01,-116.04,58.21,17.15,21.09,45.38,17.02,22.99,46.38,15.17,24.81,48.20
2058-01-01,-116.04,58.21,19.42,30.09,44.10,17.48,23.61,49.03,18.01,37.28,45.25
2059-01-01,-116.04,58.21,16.92,26.06,41.11,15.33,31.81,47.80,21.74,30.43,45.24
2060-01-01,-116.04,58.21,18.61,23.59,38.31,15.87,23.63,43.43,14.44,23.97,40.83
2061-01-01,-116.04,58.21,15.00,23.96,38.74,14.55,22.38,42.35,14.92,23.13,40.50
2062-01-01,-116.04,58.21,22.29,33.68,46.48,16.95,32.12,44.72,16.23,25.17,42.79
2063-01-01,-116.04,58.21,16.13,26.25,44.12,14.68,23.56,33.55,14.61,24.75,46.67
2064-01-01,-116.04,58.21,20.07,31.02,45.54,14.89,26.71,41.34,19.05,29.13,44.82
2065-01-01,-116.04,58.21,18.75,28.67,44.98,17.60,32.08,52.26,15.24,28.55,46.46
2066-01-01,-116.04,58.21,15.44,22.86,33.57,14.56,23.38,45.18,17.62,27.62,43.11
2067-01-01,-116.04,58.21,13.72,23.68,35.99,13.99,23.77,29.78,16.76,24.82,39.12
2068-01-01,-116.04,58.21,15.17,19.90,31.71,17.66,26.72,41.95,16.37,26.97,45.12
2069-01-01,-116.04,58.21,16.79,22.80,44.05,17.18,25.46,44.74,16.32,25.65,48.47
2070-01-01,-116.04,58.21,18.10,26.21,40.97,18.03,30.15,51.54,18.31,26.45,44.68
2071-01-01,-116.04,58.21,13.13,29.66,49.16,14.80,27.78,50.14,15.23,24.30,42.31
2072-01-01,-116.04,58.21,17.36,28.30,44.48,18.01,30.46,42.62,17.79,27.88,45.49
2073-01-01,-116.04,58.21,22.83,30.20,43.44,16.18,26.63,42.58,20.18,26.75,36.19
2074-01-01,-116.04,58.21,17.04,26.40,48.38,17.71,27.42,47.84,16.65,27.56,49.25
2075-01-01,-116.04,58.21,14.57,25.86,41.69,12.27,18.71,48.87,16.91,31.24,42.96
2076-01-01,-116.04,58.21,17.05,25.17,47.26,15.49,26.29,49.54,16.10,30.00,42.88
2077-01-01,-116.04,58.21,11.88,24.00,44.92,19.21,29.00,50.77,12.95,24.59,39.89
2078-01-01,-116.04,58.21,17.54,30.64,46.82,15.55,23.77,41.95,16.12,26.39,46.13
2079-01-01,-116.04,58.21,12.47,25.04,43.05,18.33,26.46,45.37,14.39,26.89,40.68
2080-01-01,-116.04,58.21,17.40,26.31,44.23,16.77,31.28,52.12,14.96,23.21,37.10
2081-01-01,-116.04,58.21,12.35,21.83,40.77,17.39,26.76,48.11,14.66,25.42,44.12
2082-01-01,-116.04,58.21,11.72,23.89,42.66,15.77,28.24,55.54,18.97,28.97,40.19
2083-01-01,-116.04,58.21,15.63,24.05,36.06,16.58,27.49,48.11,13.60,30.16,50.79
2084-01-01,-116.04,58.21,20.24,32.56,47.75,15.04,24.19,37.13,21.10,27.81,47.90
2085-01-01,-116.04,58.21,16.38,24.44,41.38,19.68,26.60,46.41,17.81,28.24,46.38
2086-01-01,-116.04,58.21,20.37,25.93,42.86,16.36,21.36,37.65,17.54,27.81,46.90
2087-01-01,-116.04,58.21,16.30,26.01,40.65,15.60,24.07,41.20,18.22,27.31,45.04
2088-01-01,-116.04,58.21,14.20,26.14,39.37,16.03,24.15,37.67,14.92,24.51,46.55
2089-01-01,-116.04,58.21,14.49,26.54,43.15,17.00,25.60,44.62,13.37,25.48,38.12
2090-01-01,-116.04,58.21,15.97,29.44,47.82,15.98,26.83,42.61,17.44,22.94,38.20
2091-01-01,-116.04,58.21,17.60,24.35,48.15,17.64,31.98,64.06,20.17,26.37,45.52
2092-01-01,-116.04,58.21,15.12,27.28,43.38,13.77,22.73,54.03,21.45,29.23,41.22
2093-01-01,-116.04,58.21,19.62,26.08,46.07,14.99,24.60,44.24,14.18,28.13,50.38
2094-01-01,-116.04,58.21,14.11,27.83,40.20,18.72,24.18,44.64,18.47,28.41,49.79
2095-01-01,-116.04,58.21,14.99,24.85,47.67,14.96,21.48,40.61,18.13,28.25,45.97
2096-01-01,-116.04,58.21,16.57,26.17,39.18,14.61,30.07,51.04,19.36,28.62,39.36
2097-01-01,-116.04,58.21,14.23,26.88,38.64,16.09,28.56,48.10,15.01,30.54,47.24
2098-01-01,-116.04,58.21,13.05,22.60,38.30,16.76,28.96,44.02,15.63,28.27,48.34
2099-01-01,-116.04,58.21,16.52,25.90,45.70,14.98,22.84,38.48,18.39,24.27,41.16
2100-01-01,-116.04,58.21,15.57,27.86,42.94,16.86,23.50,35.76,15.64,25.33,46.84
1950-01-01,-116.79,58.46,15.34,22.07,51.68,15.40,22.30,51.68,15.46,22.30,51.68
1951-01-01,-116.79,58.46,13.22,20.64,47.72,12.82,20.64,47.83,12.82,20.64,46.19
1952-01-01,-116.79,58.46,17.09,25.74,41.42,17.09,25.37,41.42,17.10,26.13,41.42
1953-01-01,-116.79,58.46,14.73,25.89,40.09,13.49,26.31,40.09,13.57,26.31,40.09
1954-01-01,-116.79,58.46,14.17,24.20,31.01,14.17,23.56,31.33,14.17,23.56,30.95
1955-01-01,-116.79,58.46,13.58,20.75,42.19,13.61,20.81,41.97,13.61,20.81,42.20
1956-01-01,-116.79,58.46,16.48,24.08,43.92,16.48,24.08,43.92,16.48,24.08,43.92
1957-01-01,-116.79,58.46,12.77,24.70,42.34,12.66,24.70,41.80,12.66,24.70,41.80
1958-01-01,-116.79,58.46,17.73,24.36,45.27,17.73,23.58,45.03,17.73,23.56,43.24
1959-01-01,-116.79,58.46,16.17,23.38,32.30,16.10,23.56,32.30,16.19,23.56,32.30
1960-01-01,-116.79,58.46,14.91,26.22,39.35,14.90,26.22,38.72,14.98,26.22,39.59
1961-01-01,-116.79,58.46,12.49,20.78,36.38,12.61,21.76,36.38,12.70,21.76,36.38
1962-01-01,-116.79,58.46,16.17,19.39,29.80,15.72,20.79,28.96,15.97,20.85,28.96
1963-01-01,-116.79,58.46,13.87,22.14,40.61,13.87,22.72,41.64,13.87,23.19,41.49
1964-01-01,-116.79,58.46,14.47,19.92,31.88,14.47,20.20,31.88,14.47,20.36,31.88
1965-01-01,-116.79,58.46,18.13,27.25,43.89,18.00,26.45,43.89,18.02,26.77,43.89
1966-01-01,-116.79,58.46,15.02,22.97,40.65,15.02,23.18,40.34,15.02,23.22,40.79
1967-01-01,-116.79,58.46,13.94,20.41,33.75,13.43,20.20,33.35,13.42,20.14,33.35
1968-01-01,-116.79,58.46,16.10,26.29,36.11,14.60,26.40,36.11,14.60,26.17,36.11
1969-01-01,-116.79,58.46,13.23,21.53,33.95,13.05,21.24,33.47,13.19,21.53,33.47
1970-01-01,-116.79,58.46,13.10,25.92,40.66,12.98,26.04,41.84,12.67,26.04,42.08
1971-01-01,-116.79,58.46,15.09,21.28,43.06,15.09,21.28,44.59,15.09,21.28,44.59
1972-01-01,-116.79,58.46,13.97,19.40,31.36,13.96,19.42,31.31,14.09,19.40,31.31
1973-01-01,-116.79,58.46,15.51,22.89,35.80,15.45,22.89,36.32,15.47,22.89,36.23
1974-01-01,-116.79,58.46,15.57,20.42,43.62,15.21,20.42,42.44,15.16,20.42,44.35
1975-01-01,-116.79,58.46,12.88,20.87,35.74,12.88,20.87,33.84,12.88,20.87,34.19
1976-01-01,-116.79,58.46,13.71,22.89,40.11,13.71,23.58,40.11,13.71,23.58,40.11
1977-01-01,-116.79,58.46,14.01,19.67,47.41,13.97,19.84,47.41,14.02,19.82,47.41
1978-01-01,-116.79,58.46,14.90,18.93,32.11,14.30,18.93,32.12,14.80,18.93,32.12
1979-01-01,-116.79,58.46,17.20,27.94,44.18,17.24,27.21,45.43,17.23,27.21,46.93
1980-01-01,-116.79,58.46,11.56,19.24,34.76,11.85,19.78,34.95,11.85,19.72,34.51
1981-01-01,-116.79,58.46,11.22,18.36,35.50,10.56,18.59,35.79,10.52,18.61,35.31
1982-01-01,-116.79,58.46,14.38,25.99,41.68,14.43,27.34,42.64,14.24,26.67,42.39
1983-01-01,-116.79,58.46,13.70,23.33,31.51,13.28,23.19,32.88,13.29,23.44,32.63
1984-01-01,-116.79,58.46,15.50,27.68,43.61,16.04,27.08,43.62,15.92,26.18,43.31
1985-01-01,-116.79,58.46,11.35,18.71,36.56,11.33,20.12,36.66,11.34,19.57,36.66
1986-01-01,-116.79,58.46,16.68,22.19,34.88,16.74,21.73,35.25,16.71,23.19,34.00
1987-01-01,-116.79,58.46,12.75,18.15,35.97,13.35,18.29,36.44,13.16,17.82,36.09
1988-01-01,-116.79,58.46,12.98,22.54,42.83,13.41,22.52,43.52,13.35,23.88,44.32
1989-01-01,-116.79,58.46,14.07,22.13,38.94,13.23,22.08,38.94,13.31,22.10,38.94
1990-01-01,-116.79,58.46,16.17,27.51,43.56,15.47,27.31,41.33,16.03,26.80,43.80
1991-01-01,-116.79,58.46,15.83,22.00,42.05,15.16,22.26,43.45,15.96,22.14,41.98
1992-01-01,-116.79,58.46,11.81,19.59,28.89,11.94,19.65,29.10,11.74,19.36,28.94
1993-01-01,-116.79,58.46,13.09,22.83,41.27,13.17,23.25,43.32,13.13,22.66,44.21
1994-01-01,-116.79,58.46,15.51,20.51,31.16,15.61,20.04,31.93,15.70,20.18,32.07
1995-01-01,-116.79,58.46,14.40,22.72,35.16,14.41,22.49,34.35,14.33,22.80,31.02
1996-01-01,-116.79,58.46,14.95,23.41,46.40,14.86,23.65,51.59,14.75,23.70,50.62
1997-01-01,-116.79,58.46,12.11,23.77,41.52,12.17,23.94,41.32,11.91,23.66,41.59
1998-01-01,-116.79,58.46,16.87,29.81,44.94,17.45,29.86,43.85,16.82,29.80,43.94
1999-01-01,-116.79,58.46,12.86,21.20,38.05,13.01,21.20,39.20,13.10,20.87,39.20
2000-01-01,-116.79,58.46,15.04,22.77,39.72,15.11,22.86,40.09,14.90,22.77,41.21
2001-01-01,-116.79,58.46,14.36,22.54,36.52,14.39,22.55,36.43,14.36,22.56,36.52
2002-01-01,-116.79,58.46,15.97,22.57,33.81,16.64,22.91,33.81,16.22,22.67,33.81
2003-01-01,-116.79,58.46,14.86,23.04,48.31,14.92,23.25,48.03,15.38,22.98,47.84
2004-01-01,-116.79,58.46,15.58,29.69,43.98,15.29,30.40,42.69,15.38,29.77,44.11
2005-01-01,-116.79,58.46,14.75,29.22,52.98,14.54,29.29,52.27,15.25,29.74,53.45
2006-01-01,-116.79,58.46,14.77,27.38,49.72,12.16,21.04,43.20,14.98,26.76,36.15
2007-01-01,-116.79,58.46,14.99,22.77,41.57,14.35,25.85,35.37,11.90,24.61,46.86
2008-01-01,-116.79,58.46,15.46,22.78,44.30,16.01,29.03,45.08,15.31,23.51,41.33
2009-01-01,-116.79,58.46,18.19,26.63,57.44,11.99,21.42,31.91,14.75,20.81,40.24
2010-01-01,-116.79,58.46,14.00,23.38,42.92,15.84,23.82,37.37,15.46,23.01,35.55
2011-01-01,-116.79,58.46,16.96,21.58,48.54,16.16,25.27,44.11,16.57,22.66,46.09
2012-01-01,-116.79,58.46,17.81,26.23,44.11,13.44,21.92,32.02,13.76,22.82,43.88
2013-01-01,-116.79,58.46,14.86,24.65,35.43,13.23,19.89,39.42,11.67,22.76,42.47
2014-01-01,-116.79,58.46,10.76,23.25,44.13,15.80,21.91,32.52,13.17,23.08,47.35
2015-01-01,-116.79,58.46,15.02,23.66,39.88,14.37,25.44,34.91,14.22,19.87,35.65
2016-01-01,-116.79,58.46,15.06,24.27,40.39,14.37,24.21,41.08,16.84,26.74,47.04
2017-01-01,-116.79,58.46,16.92,21.28,38.69,14.16,20.17,30.78,12.57,20.09,52.58
2018-01-01,-116.79,58.46,16.62,25.67,37.70,14.57,20.71,32.70,12.75,21.11,31.47
2019-01-01,-116.79,58.46,16.32,26.44,51.06,16.83,26.52,57.38,11.81,22.06,33.94
2020-01-01,-116.79,58.46,17.70,25.24,44.18,12.74,21.97,46.64,15.07,30.73,51.45
2021-01-01,-116.79,58.46,14.93,24.80,55.27,14.53,22.17,43.44,15.89,21.16,38.42
2022-01-01,-116.79,58.46,13.47,24.43,32.64,13.20,22.02,44.82,15.42,25.38,33.38
2023-01-01,-116.79,58.46,16.89,25.40,45.12,16.24,21.67,41.13,12.87,22.67,34.27
2024-01-01,-116.79,58.46,14.05,24.44,36.57,15.89,23.07,37.72,14.63,25.64,41.75
2025-01-01,-116.79,58.46,15.62,20.01,33.81,14.28,23.00,46.85,15.66,26.03,40.92
2026-01-01,-116.79,58.46,15.27,22.97,31.97,18.35,29.39,45.22,17.27,27.49,32.18
2027-01-01,-116.79,58.46,18.78,26.45,55.36,17.45,33.80,55.05,13.80,26.00,45.05
2028-01-01,-116.79,58.46,15.96,23.69,34.03,13.71,25.53,37.53,13.89,25.81,43.76
2029-01-01,-116.79,58.46,16.46,26.70,45.78,14.33,22.05,35.29,16.85,27.06,45.05
2030-01-01,-116.79,58.46,14.20,26.09,43.93,15.95,23.80,42.42,12.79,23.10,36.11
2031-01-01,-116.79,58.46,16.23,22.85,44.16,15.16,24.35,49.04,15.25,25.84,50.73
2032-01-01,-116.79,58.46,16.20,25.93,51.73,16.78,23.69,48.74,17.14,24.39,46.79
2033-01-01,-116.79,58.46,13.53,27.22,40.54,14.53,23.22,34.76,14.22,21.41,30.14
2034-01-01,-116.79,58.46,14.19,20.43,46.81,15.80,24.29,49.26,12.50,26.31,41.74
2035-01-01,-116.79,58.46,19.11,27.32,51.39,17.87,24.77,47.52,12.76,23.91,43.70
2036-01-01,-116.79,58.46,18.06,27.89,38.85,17.42,26.21,37.67,13.02,25.17,42.72
2037-01-01,-116.79,58.46,15.69,29.43,43.59,17.97,27.90,34.27,14.87,23.65,44.58
2038-01-01,-116.79,58.46,15.77,24.18,44.69,18.28,26.56,41.03,13.04,29.34,38.83
2039-01-01,-116.79,58.46,14.14,21.42,43.65,15.44,27.87,44.01,13.69,26.12,48.72
2040-01-01,-116.79,58.46,14.02,28.31,48.80,16.96,21.81,37.64,18.30,24.84,40.18
2041-01-01,-116.79,58.46,15.41,24.21,45.98,13.27,24.63,36.67,13.77,26.00,37.95
2042-01-01,-116.79,58.46,16.30,23.99,39.38,15.33,24.71,52.00,15.62,26.01,46.12
2043-01-01,-116.79,58.46,18.65,24.09,47.13,15.77,21.72,34.97,15.60,22.09,37.29
2044-01-01,-116.79,58.46,16.16,26.31,41.86,14.25,22.86,40.28,15.90,25.81,38.47
2045-01-01,-116.79,58.46,14.87,25.09,69.82,13.90,22.04,39.10,17.22,23.24,49.18
2046-01-01,-116.79,58.46,16.02,26.51,46.18,14.52,26.46,43.47,14.16,21.63,45.76
2047-01-01,-116.79,58.46,10.80,20.37,35.62,12.02,18.90,38.42,13.97,22.24,42.07
2048-01-01,-116.79,58.46,14.83,23.24,40.17,15.88,26.11,50.19,15.06,30.07,48.30
2049-01-01,-116.79,58.46,15.99,26.43,44.65,13.55,22.34,55.12,15.17,23.94,42.13
2050-01-01,-116.79,58.46,12.27,23.99,45.81,12.94,22.14,36.83,13.22,24.65,40.37
2051-01-01,-116.79,58.46,15.95,24.00,47.99,15.46,29.16,51.20,12.98,24.07,44.48
2052-01-01,-116.79,58.46,16.32,25.26,47.33,13.65,22.60,42.22,13.85,24.44,42.43
2053-01-01,-116.79,58.46,20.34,28.74,47.57,15.89,28.12,46.92,14.45,23.47,40.86
2054-01-01,-116.79,58.46,17.26,29.69,49.84,18.22,25.50,48.54,12.51,21.71,42.73
2055-01-01,-116.79,58.46,16.23,22.94,53.15,12.05,19.87,42.23,14.10,23.46,47.61
2056-01-01,-116.79,58.46,15.81,28.99,36.59,13.35,26.81,51.87,14.84,29.32,42.21
2057-01-01,-116.79,58.46,14.66,20.45,39.82,14.24,21.17,48.77,14.09,23.10,45.25
2058-01-01,-116.79,58.46,15.53,26.05,42.81,16.68,20.95,45.88,16.83,26.01,47.26
2059-01-01,-116.79,58.46,16.70,25.17,34.65,15.36,31.01,56.40,19.27,26.72,55.63
2060-01-01,-116.79,58.46,17.19,22.31,37.09,15.08,22.22,37.69,13.01,22.39,40.05
2061-01-01,-116.79,58.46,13.89,22.99,39.79,14.58,20.98,34.83,14.44,21.26,50.28
2062-01-01,-116.79,58.46,19.77,29.80,47.97,18.04,30.22,52.51,19.51,23.63,50.73
2063-01-01,-116.79,58.46,15.88,26.54,35.66,14.32,19.45,36.13,15.63,24.66,44.76
2064-01-01,-116.79,58.46,18.51,28.99,49.97,18.05,26.26,37.29,17.74,32.32,47.79
2065-01-01,-116.79,58.46,17.34,28.94,44.95,15.40,26.20,54.76,14.30,27.45,45.31
2066-01-01,-116.79,58.46,15.52,22.18,36.34,13.71,23.11,45.57,17.75,28.02,51.28
2067-01-01,-116.79,58.46,13.70,20.74,38.82,14.50,22.24,31.09,15.55,24.62,30.58
2068-01-01,-116.79,58.46,14.19,21.12,28.22,17.26,23.27,43.74,17.27,27.57,52.61
2069-01-01,-116.79,58.46,14.90,22.67,41.25,16.25,25.37,46.59,15.87,27.72,49.34
2070-01-01,-116.79,58.46,16.78,25.37,37.83,17.30,29.40,51.52,18.26,27.75,46.77
2071-01-01,-116.79,58.46,14.05,28.24,51.24,12.44,26.50,44.45,13.91,21.79,41.07
2072-01-01,-116.79,58.46,12.96,25.53,51.61,16.02,27.28,44.22,18.37,25.14,42.88
2073-01-01,-116.79,58.46,20.01,27.61,45.30,16.41,25.18,42.84,18.39,27.47,42.03
2074-01-01,-116.79,58.46,14.62,25.56,53.52,15.57,26.17,53.99,16.28,25.05,42.64
2075-01-01,-116.79,58.46,13.45,23.96,40.86,15.10,18.88,41.70,15.70,25.52,44.31
2076-01-01,-116.79,58.46,17.82,25.85,35.74,14.48,23.96,50.59,16.47,28.96,38.42
2077-01-01,-116.79,58.46,11.61,21.17,39.27,17.95,22.66,53.10,12.72,23.29,33.41
2078-01-01,-116.79,58.46,15.72,29.74,48.76,15.51,21.26,52.53,18.13,26.87,43.62
2079-01-01,-116.79,58.46,12.54,22.97,45.33,17.45,24.91,52.19,14.39,28.31,41.39
2080-01-01,-116.79,58.46,16.02,22.96,48.19,18.06,31.10,49.15,14.28,24.04,39.95
2081-01-01,-116.79,58.46,15.41,21.76,38.21,15.56,24.37,47.71,14.44,23.43,42.07
2082-01-01,-116.79,58.46,10.85,26.81,48.97,17.65,27.15,53.54,20.59,26.65,45.19
2083-01-01,-116.79,58.46,13.63,21.99,33.53,15.41,25.47,39.45,14.58,25.59,52.83
2084-01-01,-116.79,58.46,16.58,31.13,45.84,15.44,23.96,45.38,21.01,26.53,51.74
2085-01-01,-116.79,58.46,16.05,23.81,45.25,17.87,24.32,43.31,18.36,26.98,51.83
2086-01-01,-116.79,58.46,15.68,27.68,41.61,16.09,21.50,32.91,19.09,26.90,41.42
2087-01-01,-116.79,58.46,14.38,26.83,41.30,15.15,24.77,41.30,21.51,28.75,39.79
2088-01-01,-116.79,58.46,14.92,22.72,46.43,14.57,26.50,35.75,14.00,26.11,44.31
2089-01-01,-116.79,58.46,14.78,27.19,46.65,14.59,23.91,36.64,12.59,25.46,37.62
2090-01-01,-116.79,58.46,14.87,25.34,49.44,15.43,26.07,42.93,17.55,23.38,42.40
2091-01-01,-116.79,58.46,16.11,21.97,42.54,18.04,25.81,65.36,17.46,25.10,44.30
2092-01-01,-116.79,58.46,13.96,24.41,54.86,15.35,18.90,44.09,20.12,25.84,41.09
2093-01-01,-116.79,58.46,16.09,25.59,49.37,14.28,24.02,45.52,13.90,22.74,41.75
2094-01-01,-116.79,58.46,13.18,24.73,40.66,18.00,22.23,41.93,19.86,26.07,49.30
2095-01-01,-116.79,58.46,13.55,24.71,51.85,13.71,21.25,38.37,18.10,26.59,47.25
2096-01-01,-116.79,58.46,15.59,23.11,40.53,13.77,29.04,49.64,17.67,24.84,34.54
2097-01-01,-116.79,58.46,14.86,22.86,37.71,16.68,28.88,45.74,15.26,28.35,50.67
2098-01-01,-116.79,58.46,13.33,21.12,31.22,14.66,27.19,49.87,16.40,28.85,61.66
2099-01-01,-116.79,58.46,14.91,23.45,35.14,14.61,20.58,30.15,19.46,24.76,37.21
2100-01-01,-116.79,58.46,15.20,24.76,42.86,14.68,24.34,33.36,16.16,24.26,45.92
1950-01-01,-115.38,58.46,14.90,22.02,40.50,14.63,22.50,40.50,14.77,22.49,40.50
1951-01-01,-115.38,58.46,11.54,18.91,33.82,11.40,19.21,33.82,11.26,19.21,33.82
1952-01-01,-115.38,58.46,13.94,21.92,35.67,14.03,21.92,35.76,14.02,21.92,35.76
1953-01-01,-115.38,58.46,14.56,21.06,33.47,15.21,21.10,33.47,14.88,20.80,33.47
1954-01-01,-115.38,58.46,14.95,21.30,29.64,14.97,21.30,29.29,15.57,21.30,29.29
1955-01-01,-115.38,58.46,11.73,18.55,31.37,11.87,18.52,30.87,11.93,18.45,32.27
1956-01-01,-115.38,58.46,15.71,23.28,33.59,15.65,23.28,33.59,15.65,23.28,33.59
1957-01-01,-115.38,58.46,11.39,21.80,34.45,11.68,21.80,35.24,11.89,21.80,35.24
1958-01-01,-115.38,58.46,16.84,24.97,31.74,16.90,25.29,31.53,16.76,25.29,31.29
1959-01-01,-115.38,58.46,15.90,23.74,33.17,17.37,23.74,33.17,15.69,23.74,33.17
1960-01-01,-115.38,58.46,14.48,25.61,30.85,14.48,25.63,30.85,14.48,25.52,30.85
1961-01-01,-115.38,58.46,12.47,21.89,30.67,12.47,22.65,30.67,12.47,22.65,30.67
1962-01-01,-115.38,58.46,15.06,21.93,29.39,15.06,22.04,29.16,15.45,22.04,29.16
1963-01-01,-115.38,58.46,12.40,19.46,34.78,12.40,19.46,35.91,12.40,19.46,35.98
1964-01-01,-115.38,58.46,13.14,20.12,30.01,13.14,20.52,30.01,13.14,20.66,30.01
1965-01-01,-115.38,58.46,16.05,26.06,33.98,15.81,26.06,33.98,16.08,26.06,33.98
1966-01-01,-115.38,58.46,12.18,23.60,33.47,12.18,23.61,33.52,12.18,23.60,33.30
1967-01-01,-115.38,58.46,14.02,19.04,30.43,14.84,19.04,30.43,14.40,19.04,30.43
1968-01-01,-115.38,58.46,13.15,20.53,34.05,13.15,20.50,34.05,13.15,20.50,34.05
1969-01-01,-115.38,58.46,14.53,19.35,32.52,14.39,19.51,32.59,13.89,19.51,32.59
1970-01-01,-115.38,58.46,11.89,21.44,34.01,11.87,21.50,34.01,11.67,21.51,34.01
1971-01-01,-115.38,58.46,16.19,22.70,33.56,16.16,22.69,33.06,16.78,22.56,33.06
1972-01-01,-115.38,58.46,12.48,19.67,30.74,12.51,19.86,30.74,12.69,19.42,30.74
1973-01-01,-115.38,58.46,17.88,25.27,31.42,17.91,25.24,31.42,17.91,24.87,31.42
1974-01-01,-115.38,58.46,13.44,19.60,27.34,13.43,19.58,27.34,13.34,19.58,27.34
1975-01-01,-115.38,58.46,10.74,21.47,30.40,10.74,21.86,29.67,10.74,22.25,29.79
1976-01-01,-115.38,58.46,13.98,23.66,32.36,13.97,22.74,32.38,13.86,22.74,32.50
1977-01-01,-115.38,58.46,12.32,23.36,36.81,12.32,23.83,36.97,12.32,23.97,34.44
1978-01-01,-115.38,58.46,11.88,17.42,28.21,11.50,17.48,28.21,11.44,17.08,28.21
1979-01-01,-115.38,58.46,17.41,26.72,39.81,17.66,26.72,39.89,17.65,26.72,39.93
1980-01-01,-115.38,58.46,12.11,20.86,28.87,12.28,20.72,28.84,12.16,20.85,29.04
1981-01-01,-115.38,58.46,11.91,20.96,27.63,12.10,20.18,28.00,12.07,20.14,28.65
1982-01-01,-115.38,58.46,12.13,22.59,33.81,12.54,22.52,34.99,12.49,22.52,33.82
1983-01-01,-115.38,58.46,13.05,22.02,32.63,12.59,20.95,33.26,12.58,21.90,32.23
1984-01-01,-115.38,58.46,15.32,25.40,33.37,15.16,24.56,33.25,15.08,25.02,33.70
1985-01-01,-115.38,58.46,11.21,18.90,32.50,11.23,18.53,33.04,11.20,18.81,32.98
1986-01-01,-115.38,58.46,14.28,19.35,31.25,14.59,20.17,30.67,14.59,20.26,31.40
1987-01-01,-115.38,58.46,13.14,18.16,37.90,12.94,18.49,36.72,13.20,18.71,35.94
1988-01-01,-115.38,58.46,13.13,20.32,34.01,13.06,20.48,34.11,13.10,20.26,36.02
1989-01-01,-115.38,58.46,12.48,19.82,46.28,12.44,19.77,46.22,12.43,20.55,46.08
1990-01-01,-115.38,58.46,13.99,22.71,33.22,14.18,23.50,33.52,14.13,24.15,33.09
1991-01-01,-115.38,58.46,13.44,20.78,39.46,13.24,21.92,39.34,13.24,21.08,39.40
1992-01-01,-115.38,58.46,12.26,17.30,33.74,12.18,16.96,33.74,12.25,17.76,33.34
1993-01-01,-115.38,58.46,13.78,20.30,39.70,13.61,20.17,39.05,13.72,20.14,39.20
1994-01-01,-115.38,58.46,15.62,21.67,32.26,15.78,21.72,32.26,15.43,21.39,31.15
1995-01-01,-115.38,58.46,15.42,22.74,32.74,14.50,22.66,33.52,15.48,23.77,33.48
1996-01-01,-115.38,58.46,13.47,21.91,34.19,13.37,21.91,33.89,13.44,21.96,33.79
1997-01-01,-115.38,58.46,12.13,24.12,37.68,12.21,23.87,37.67,12.35,24.18,37.91
1998-01-01,-115.38,58.46,16.38,27.64,39.70,16.15,27.91,40.04,16.16,27.74,38.30
1999-01-01,-115.38,58.46,12.34,23.93,37.57,12.36,24.92,38.30,11.90,24.85,38.30
2000-01-01,-115.38,58.46,12.73,20.26,33.05,12.56,20.50,32.44,12.52,20.62,33.09
2001-01-01,-115.38,58.46,13.69,22.77,33.29,13.71,22.15,33.26,13.65,22.63,32.89
2002-01-01,-115.38,58.46,14.93,21.20,31.68,15.20,20.98,31.85,15.36,20.77,31.69
2003-01-01,-115.38,58.46,15.98,19.80,42.22,16.15,19.92,42.22,16.02,20.17,42.22
2004-01-01,-115.38,58.46,16.06,26.01,39.52,15.96,26.70,40.16,16.15,26.48,40.48
2005-01-01,-115.38,58.46,13.13,25.69,41.96,13.18,26.14,48.54,13.15,25.44,48.54
2006-01-01,-115.38,58.46,14.87,24.62,42.46,13.52,19.02,33.14,13.82,24.99,31.87
2007-01-01,-115.38,58.46,15.23,20.24,34.02,11.16,23.36,31.35,13.01,19.76,37.92
2008-01-01,-115.38,58.46,15.90,22.61,34.12,16.95,28.54,38.57,14.18,20.84,29.36
2009-01-01,-115.38,58.46,17.22,25.18,45.67,12.41,23.60,31.23,13.58,21.82,30.44
2010-01-01,-115.38,58.46,15.85,23.11,34.08,13.97,23.83,39.86,14.89,23.52,31.35
2011-01-01,-115.38,58.46,14.57,23.43,34.92,15.95,23.44,37.02,13.67,22.13,34.80
2012-01-01,-115.38,58.46,16.87,23.19,41.26,12.72,23.38,36.10,11.34,23.94,44.73
2013-01-01,-115.38,58.46,14.23,23.54,35.75,14.77,19.84,37.43,12.97,21.67,35.16
2014-01-01,-115.38,58.46,14.45,23.77,34.95,14.32,21.75,33.04,13.41,21.77,37.68
2015-01-01,-115.38,58.46,14.07,22.27,31.26,13.59,23.18,38.46,14.17,19.71,35.52
2016-01-01,-115.38,58.46,14.44,19.43,38.07,14.33,23.57,37.54,15.41,27.09,40.09
2017-01-01,-115.38,58.46,14.47,21.45,34.15,14.12,20.53,30.69,13.42,19.27,39.59
2018-01-01,-115.38,58.46,14.70,24.92,40.00,14.87,20.89,33.32,13.29,19.38,26.23
2019-01-01,-115.38,58.46,15.59,21.96,32.35,13.41,26.17,39.74,11.41,20.53,30.91
2020-01-01,-115.38,58.46,15.02,22.99,38.30,12.26,23.39,36.80,16.36,24.28,45.27
2021-01-01,-115.38,58.46,13.02,21.73,49.92,12.41,21.69,36.05,13.66,22.83,34.04
2022-01-01,-115.38,58.46,13.73,22.89,32.93,13.10,21.95,33.59,15.22,24.62,34.55
2023-01-01,-115.38,58.46,14.32,23.91,36.65,14.48,24.58,30.42,16.32,22.60,31.95
2024-01-01,-115.38,58.46,14.10,26.32,35.16,13.22,23.82,31.47,14.27,24.52,34.05
2025-01-01,-115.38,58.46,12.73,21.36,31.37,13.61,21.57,38.45,13.81,21.80,35.90
2026-01-01,-115.38,58.46,12.80,23.39,29.14,19.38,26.87,39.19,16.24,25.10,34.21
2027-01-01,-115.38,58.46,16.05,22.27,43.72,16.15,30.81,45.27,14.22,24.90,36.95
2028-01-01,-115.38,58.46,14.71,24.74,33.41,15.88,21.41,35.07,12.16,24.76,35.59
2029-01-01,-115.38,58.46,17.37,23.66,39.15,13.96,19.45,31.16,15.98,23.88,46.85
2030-01-01,-115.38,58.46,15.60,27.01,35.92,15.84,25.73,35.76,12.61,19.15,33.92
2031-01-01,-115.38,58.46,14.65,22.61,33.90,13.03,26.11,34.72,18.34,25.21,40.08
2032-01-01,-115.38,58.46,14.18,23.96,33.49,14.33,23.92,45.45,15.14,21.26,37.48
2033-01-01,-115.38,58.46,14.51,24.54,33.90,12.00,24.74,36.84,13.07,22.29,28.77
2034-01-01,-115.38,58.46,11.97,22.47,44.23,14.93,21.69,35.16,12.01,25.13,39.07
2035-01-01,-115.38,58.46,14.59,24.24,37.11,14.52,25.51,44.27,12.08,22.93,35.23
2036-01-01,-115.38,58.46,14.19,24.37,38.58,17.97,25.51,36.65,13.04,26.42,34.57
2037-01-01,-115.38,58.46,17.19,27.70,43.13,15.87,22.85,33.17,16.04,23.60,40.64
2038-01-01,-115.38,58.46,15.43,24.46,40.40,16.52,23.49,38.01,15.63,23.91,35.82
2039-01-01,-115.38,58.46,13.26,20.78,34.33,14.23,25.64,35.46,15.38,25.55,39.57
2040-01-01,-115.38,58.46,13.75,25.36,45.59,14.21,21.78,36.27,15.70,23.58,32.81
2041-01-01,-115.38,58.46,15.35,23.76,39.83,13.01,23.39,34.33,14.39,24.65,34.02
2042-01-01,-115.38,58.46,13.19,22.64,32.99,13.90,23.06,39.16,17.59,25.26,35.43
2043-01-01,-115.38,58.46,16.92,25.15,38.67,13.74,21.75,33.74,14.67,21.23,31.33
2044-01-01,-115.38,58.46,14.00,21.89,40.93,12.92,19.48,37.48,15.31,24.50,32.05
2045-01-01,-115.38,58.46,12.40,25.95,51.61,13.44,25.45,39.80,15.18,26.56,35.77
2046-01-01,-115.38,58.46,13.11,24.64,41.65,13.85,22.84,35.86,14.19,22.05,39.77
2047-01-01,-115.38,58.46,10.30,19.84,29.26,12.66,20.26,35.93,12.70,24.05,42.99
2048-01-01,-115.38,58.46,13.86,22.00,38.38,12.95,22.44,37.33,13.01,26.89,38.68
2049-01-01,-115.38,58.46,16.95,24.89,39.07,12.97,22.83,47.44,14.13,24.44,36.79
2050-01-01,-115.38,58.46,13.16,23.19,37.95,12.95,19.71,31.58,11.37,23.16,36.32
2051-01-01,-115.38,58.46,15.75,24.11,40.75,14.78,25.90,40.91,14.39,25.20,35.39
2052-01-01,-115.38,58.46,13.47,24.12,39.92,15.49,24.24,34.93,14.64,23.93,34.23
2053-01-01,-115.38,58.46,16.58,25.23,40.93,16.76,24.95,34.99,15.54,22.13,31.85
2054-01-01,-115.38,58.46,17.08,25.86,45.88,14.86,23.95,36.92,11.83,22.89,35.20
2055-01-01,-115.38,58.46,15.81,22.67,32.92,11.90,20.04,35.15,12.75,21.96,35.33
2056-01-01,-115.38,58.46,15.31,23.82,35.93,15.18,25.46,49.37,14.60,24.66,37.73
2057-01-01,-115.38,58.46,13.11,18.87,36.65,15.43,20.17,37.68,12.94,23.65,40.05
2058-01-01,-115.38,58.46,16.27,25.49,36.87,14.43,21.92,41.04,13.93,27.02,42.29
2059-01-01,-115.38,58.46,15.91,23.35,36.09,13.38,30.11,39.43,16.70,25.62,35.77
2060-01-01,-115.38,58.46,14.21,24.33,35.00,12.95,22.74,36.83,12.77,23.46,31.27
2061-01-01,-115.38,58.46,14.68,21.77,32.22,14.03,22.10,36.16,14.61,20.81,34.40
2062-01-01,-115.38,58.46,17.40,31.34,45.27,15.16,27.58,36.84,14.59,26.10,41.85
2063-01-01,-115.38,58.46,16.00,23.17,36.90,13.88,19.51,29.00,15.29,24.67,40.81
2064-01-01,-115.38,58.46,18.84,28.36,42.12,13.74,26.52,34.85,17.34,26.56,42.44
2065-01-01,-115.38,58.46,19.74,27.72,41.13,16.14,25.01,42.03,13.83,25.62,36.99
2066-01-01,-115.38,58.46,14.84,20.47,29.57,14.25,22.11,41.56,18.58,26.10,34.82
2067-01-01,-115.38,58.46,13.29,24.00,35.14,14.09,20.70,27.40,14.62,22.11,35.06
2068-01-01,-115.38,58.46,13.62,19.45,33.31,14.43,25.52,32.96,13.64,22.93,38.35
2069-01-01,-115.38,58.46,13.36,22.37,35.09,15.02,23.66,43.85,15.02,22.49,44.61
2070-01-01,-115.38,58.46,15.18,24.06,38.86,15.35,28.52,46.67,14.48,23.87,39.33
2071-01-01,-115.38,58.46,11.27,24.46,41.04,11.63,25.44,47.79,14.61,22.01,33.92
2072-01-01,-115.38,58.46,13.49,24.42,36.64,13.43,22.50,35.24,15.99,26.89,39.48
2073-01-01,-115.38,58.46,20.26,29.94,40.65,15.23,27.34,39.70,16.44,26.50,33.98
2074-01-01,-115.38,58.46,14.45,18.94,43.78,15.15,27.42,43.18,15.57,22.54,39.16
2075-01-01,-115.38,58.46,14.17,23.80,35.52,11.14,17.92,44.63,16.37,28.52,43.74
2076-01-01,-115.38,58.46,15.21,25.81,40.90,14.56,23.91,40.53,14.35,22.49,41.32
2077-01-01,-115.38,58.46,11.43,20.83,44.59,18.51,27.04,46.93,12.47,20.90,35.75
2078-01-01,-115.38,58.46,13.42,28.32,43.46,13.37,22.00,34.02,14.54,25.90,36.63
2079-01-01,-115.38,58.46,10.49,22.60,35.89,16.02,24.21,38.55,14.03,23.55,34.95
2080-01-01,-115.38,58.46,14.89,21.76,40.40,15.23,27.51,43.87,13.60,22.30,27.17
2081-01-01,-115.38,58.46,12.68,20.20,35.99,15.46,23.89,36.48,13.73,25.03,37.45
2082-01-01,-115.38,58.46,10.71,19.42,33.80,15.13,26.21,41.37,16.96,25.66,31.86
2083-01-01,-115.38,58.46,12.91,21.39,29.47,13.86,25.13,34.78,14.90,25.01,43.33
2084-01-01,-115.38,58.46,15.74,30.01,40.32,16.04,23.44,36.23,16.94,25.33,39.50
2085-01-01,-115.38,58.46,15.12,26.50,34.75,16.61,22.37,38.12,16.80,25.06,42.63
2086-01-01,-115.38,58.46,15.11,22.71,38.25,14.52,19.89,36.57,15.77,26.23,41.70
2087-01-01,-115.38,58.46,14.82,26.11,36.54,14.16,21.95,33.44,17.59,22.61,37.43
2088-01-01,-115.38,58.46,15.45,22.78,32.34,14.15,22.34,35.48,13.93,21.42,42.19
2089-01-01,-115.38,58.46,13.33,25.42,38.95,13.38,23.18,34.10,12.97,21.55,33.93
2090-01-01,-115.38,58.46,15.80,25.83,41.91,14.51,25.48,39.04,16.81,23.84,32.09
2091-01-01,-115.38,58.46,15.46,23.35,33.44,15.86,27.94,45.88,17.59,25.81,41.02
2092-01-01,-115.38,58.46,13.88,23.02,35.17,12.11,20.23,40.71,19.89,26.40,34.61
2093-01-01,-115.38,58.46,18.07,23.99,41.31,12.79,22.30,39.74,12.90,27.36,44.08
2094-01-01,-115.38,58.46,17.48,24.88,33.30,16.10,23.37,36.32,16.46,26.88,46.02
2095-01-01,-115.38,58.46,14.23,20.87,47.24,13.73,22.46,38.27,18.21,24.37,40.90
2096-01-01,-115.38,58.46,15.34,22.79,37.24,12.66,25.59,43.80,16.64,25.49,35.76
2097-01-01,-115.38,58.46,14.72,21.84,33.01,15.99,26.69,44.73,15.41,27.55,37.95
2098-01-01,-115.38,58.46,12.07,20.03,32.95,15.98,25.26,38.22,15.86,28.08,46.84
2099-01-01,-115.38,58.46,15.51,23.20,36.58,15.73,22.01,30.38,18.40,22.39,31.18
2100-01-01,-115.38,58.46,14.39,26.51,37.72,13.92,20.58,31.65,13.44,21.45,38.23
