time,lat,lon,rcp26_tx_mean_p10,rcp26_tx_mean_p50,rcp26_tx_mean_p90,rcp45_tx_mean_p10,rcp45_tx_mean_p50,rcp45_tx_mean_p90,rcp85_tx_mean_p10,rcp85_tx_mean_p50,rcp85_tx_mean_p90
1950-01-01,57.87,-116.71,3.82,6.31,7.57,3.82,6.31,7.57,3.82,6.32,7.57
1951-01-01,57.87,-116.71,3.98,5.97,7.23,3.98,5.97,7.23,3.98,5.97,7.23
1952-01-01,57.87,-116.71,3.90,5.17,6.89,3.90,5.17,6.89,3.90,5.17,6.89
1953-01-01,57.87,-116.71,3.66,5.21,6.82,3.66,5.21,6.82,3.66,5.21,6.82
1954-01-01,57.87,-116.71,4.12,5.77,7.03,4.12,5.77,7.03,4.13,5.77,7.03
1955-01-01,57.87,-116.71,3.84,5.39,7.05,3.84,5.39,7.05,3.84,5.39,7.05
1956-01-01,57.87,-116.71,4.26,5.76,7.09,4.26,5.76,7.09,4.26,5.76,7.10
1957-01-01,57.87,-116.71,3.27,4.99,6.59,3.27,4.99,6.59,3.27,4.99,6.59
1958-01-01,57.87,-116.71,4.12,5.30,6.31,4.12,5.30,6.31,4.12,5.30,6.31
1959-01-01,57.87,-116.71,3.42,5.39,6.71,3.42,5.39,6.71,3.42,5.39,6.71
1960-01-01,57.87,-116.71,4.07,5.66,6.32,4.07,5.66,6.32,4.07,5.66,6.32
1961-01-01,57.87,-116.71,3.72,5.86,7.32,3.72,5.86,7.32,3.72,5.86,7.32
1962-01-01,57.87,-116.71,3.26,5.12,6.63,3.26,5.12,6.63,3.26,5.12,6.63
1963-01-01,57.87,-116.71,4.17,5.45,6.21,4.17,5.45,6.21,4.17,5.45,6.21
1964-01-01,57.87,-116.71,2.76,4.69,6.30,2.76,4.69,6.30,2.76,4.70,6.30
1965-01-01,57.87,-116.71,4.20,4.75,6.55,4.20,4.75,6.55,4.20,4.76,6.55
1966-01-01,57.87,-116.71,3.76,5.16,6.77,3.76,5.16,6.77,3.76,5.16,6.77
1967-01-01,57.87,-116.71,3.92,5.80,6.89,3.92,5.80,6.89,3.92,5.80,6.89
1968-01-01,57.87,-116.71,4.21,5.13,5.85,4.21,5.13,5.85,4.21,5.13,5.85
1969-01-01,57.87,-116.71,3.07,5.01,6.19,3.07,5.01,6.19,3.07,5.01,6.19
1970-01-01,57.87,-116.71,4.16,5.70,7.52,4.16,5.70,7.52,4.16,5.70,7.52
1971-01-01,57.87,-116.71,4.02,5.33,7.05,4.02,5.33,7.05,4.02,5.33,7.05
1972-01-01,57.87,-116.71,4.17,5.37,6.43,4.17,5.37,6.43,4.18,5.37,6.43
1973-01-01,57.87,-116.71,3.39,5.27,7.06,3.39,5.27,7.06,3.39,5.27,7.06
1974-01-01,57.87,-116.71,3.38,5.45,6.54,3.38,5.45,6.54,3.38,5.45,6.54
1975-01-01,57.87,-116.71,4.18,5.75,6.65,4.18,5.75,6.65,4.18,5.75,6.65
1976-01-01,57.87,-116.71,3.89,5.34,7.06,3.89,5.34,7.06,3.89,5.34,7.06
1977-01-01,57.87,-116.71,4.53,5.61,6.92,4.53,5.61,6.92,4.53,5.61,6.92
1978-01-01,57.87,-116.71,4.86,5.91,6.42,4.86,5.91,6.42,4.86,5.91,6.42
1979-01-01,57.87,-116.71,3.76,5.98,7.17,3.76,5.98,7.17,3.76,5.98,7.17
1980-01-01,57.87,-116.71,3.37,5.27,6.45,3.38,5.23,6.44,3.40,5.25,6.47
1981-01-01,57.87,-116.71,3.94,5.47,6.42,3.95,5.46,6.41,3.95,5.46,6.41
1982-01-01,57.87,-116.71,3.55,5.12,6.66,3.54,5.13,6.67,3.55,5.13,6.66
1983-01-01,57.87,-116.71,3.40,5.17,6.32,3.40,5.18,6.33,3.40,5.19,6.35
1984-01-01,57.87,-116.71,4.53,6.12,7.09,4.52,6.10,7.08,4.54,6.11,7.08
1985-01-01,57.87,-116.71,4.48,5.60,6.26,4.48,5.58,6.26,4.50,5.56,6.29
1986-01-01,57.87,-116.71,3.82,5.13,7.05,3.84,5.10,7.05,3.83,5.13,7.05
1987-01-01,57.87,-116.71,4.27,5.64,6.65,4.27,5.61,6.65,4.26,5.63,6.66
1988-01-01,57.87,-116.71,3.99,6.05,7.10,3.99,6.05,7.12,3.98,6.02,7.13
1989-01-01,57.87,-116.71,4.37,5.33,7.28,4.37,5.31,7.29,4.39,5.32,7.30
1990-01-01,57.87,-116.71,3.94,5.22,7.41,3.92,5.21,7.42,3.93,5.22,7.45
1991-01-01,57.87,-116.71,4.23,5.17,6.98,4.24,5.19,6.98,4.25,5.17,6.99
1992-01-01,57.87,-116.71,3.54,5.54,6.83,3.57,5.53,6.84,3.57,5.56,6.87
1993-01-01,57.87,-116.71,4.70,5.72,7.09,4.68,5.77,7.09,4.69,5.77,7.10
1994-01-01,57.87,-116.71,4.27,5.69,7.57,4.29,5.69,7.56,4.31,5.68,7.55
1995-01-01,57.87,-116.71,4.61,5.46,6.64,4.61,5.46,6.64,4.63,5.45,6.65
1996-01-01,57.87,-116.71,3.94,5.47,7.26,3.92,5.47,7.28,3.93,5.47,7.30
1997-01-01,57.87,-116.71,4.41,5.89,7.40,4.43,5.84,7.37,4.43,5.85,7.40
1998-01-01,57.87,-116.71,4.68,5.62,7.25,4.66,5.63,7.26,4.68,5.64,7.23
1999-01-01,57.87,-116.71,4.97,5.54,7.34,4.97,5.52,7.33,4.97,5.54,7.36
2000-01-01,57.87,-116.71,4.46,5.92,7.46,4.46,5.93,7.45,4.46,5.93,7.46
2001-01-01,57.87,-116.71,4.53,5.81,7.38,4.52,5.82,7.40,4.55,5.81,7.40
2002-01-01,57.87,-116.71,4.77,5.99,7.29,4.75,6.01,7.28,4.76,6.03,7.30
2003-01-01,57.87,-116.71,4.49,5.90,7.94,4.49,5.95,7.94,4.48,5.95,7.92
2004-01-01,57.87,-116.71,5.03,6.14,7.78,5.02,6.13,7.79,5.04,6.13,7.77
2005-01-01,57.87,-116.71,5.01,6.09,6.74,5.02,6.09,6.74,5.01,6.08,6.77
2006-01-01,57.87,-116.71,4.97,6.20,8.05,5.33,6.63,8.65,5.00,6.46,7.86
2007-01-01,57.87,-116.71,4.75,6.83,8.03,5.22,5.99,7.77,4.89,6.75,8.14
2008-01-01,57.87,-116.71,5.50,6.29,7.88,4.68,5.89,8.19,4.37,6.02,7.97
2009-01-01,57.87,-116.71,4.76,6.60,8.30,4.99,6.62,7.76,5.05,6.56,7.90
2010-01-01,57.87,-116.71,5.13,6.33,7.58,5.01,6.01,8.60,4.45,6.53,8.09
2011-01-01,57.87,-116.71,4.19,6.50,8.26,4.83,6.57,7.76,5.00,5.92,7.98
2012-01-01,57.87,-116.71,5.11,6.90,7.83,5.04,5.99,7.49,4.83,6.37,8.11
2013-01-01,57.87,-116.71,4.62,6.76,8.30,5.13,5.95,7.76,5.07,6.34,7.40
2014-01-01,57.87,-116.71,4.68,6.44,7.96,5.09,6.73,8.18,5.12,6.71,8.48
2015-01-01,57.87,-116.71,5.34,7.02,7.92,5.50,6.60,8.01,5.49,6.81,8.33
2016-01-01,57.87,-116.71,4.60,7.23,9.51,4.53,6.06,7.68,5.55,6.78,8.30
2017-01-01,57.87,-116.71,4.79,6.74,7.57,5.16,6.47,8.16,5.22,7.73,8.70
2018-01-01,57.87,-116.71,5.18,7.23,8.32,5.05,6.79,8.05,5.09,6.92,8.16
2019-01-01,57.87,-116.71,5.72,6.56,8.15,5.28,6.53,8.27,5.71,6.89,8.29
2020-01-01,57.87,-116.71,5.14,6.71,8.29,5.12,6.42,7.95,5.60,7.16,8.64
2021-01-01,57.87,-116.71,5.30,7.16,8.20,5.78,7.14,8.34,5.79,6.84,8.20
2022-01-01,57.87,-116.71,5.69,6.91,8.40,4.62,6.47,7.97,5.94,7.33,9.03
2023-01-01,57.87,-116.71,5.79,7.13,8.53,4.51,7.50,8.70,5.81,7.55,9.08
2024-01-01,57.87,-116.71,5.21,7.08,8.46,6.18,7.57,8.90,5.55,6.93,7.92
2025-01-01,57.87,-116.71,4.93,6.44,8.07,5.52,6.81,8.21,5.43,6.84,8.85
2026-01-01,57.87,-116.71,5.30,7.29,8.30,5.69,7.21,8.58,6.07,7.27,8.44
2027-01-01,57.87,-116.71,5.39,7.28,8.84,5.55,6.91,8.47,5.68,7.19,9.12
2028-01-01,57.87,-116.71,5.84,7.42,8.67,5.37,7.26,9.09,6.42,7.45,9.32
2029-01-01,57.87,-116.71,5.92,7.42,9.14,4.97,6.38,8.32,6.24,7.49,8.85
2030-01-01,57.87,-116.71,5.91,7.30,8.83,6.33,6.91,8.24,5.82,7.37,8.78
2031-01-01,57.87,-116.71,5.16,6.65,8.52,5.37,7.29,9.16,5.56,7.16,8.60
2032-01-01,57.87,-116.71,5.57,7.25,8.57,5.53,7.04,9.02,5.78,7.41,9.03
2033-01-01,57.87,-116.71,5.63,7.25,8.12,5.65,7.52,9.22,6.63,7.43,9.89
2034-01-01,57.87,-116.71,6.33,7.66,8.67,6.26,7.75,9.03,6.84,7.45,9.66
2035-01-01,57.87,-116.71,5.58,6.42,8.96,5.79,7.29,8.50,6.53,8.11,9.85
2036-01-01,57.87,-116.71,5.60,7.65,8.79,6.06,7.31,8.63,5.59,7.23,8.58
2037-01-01,57.87,-116.71,5.54,7.33,8.81,6.67,7.93,9.90,6.82,7.98,10.35
2038-01-01,57.87,-116.71,5.85,7.22,8.78,6.13,7.56,9.57,6.80,7.80,9.71
2039-01-01,57.87,-116.71,5.59,7.15,9.57,5.88,7.28,9.55,5.40,7.75,9.32
2040-01-01,57.87,-116.71,5.92,7.47,10.00,6.17,7.45,8.94,5.55,7.53,9.78
2041-01-01,57.87,-116.71,5.49,7.43,9.30,6.70,7.65,8.89,6.53,8.12,9.30
2042-01-01,57.87,-116.71,5.99,7.14,9.21,6.28,7.52,8.83,6.40,7.60,10.22
2043-01-01,57.87,-116.71,6.30,7.27,8.94,5.94,8.08,10.28,6.22,8.03,10.15
2044-01-01,57.87,-116.71,6.14,7.16,8.73,6.81,8.26,9.97,6.49,8.08,9.71
2045-01-01,57.87,-116.71,6.27,7.19,8.91,6.09,8.31,9.90,6.84,8.00,9.23
2046-01-01,57.87,-116.71,5.87,7.55,8.89,6.21,7.36,9.43,6.81,8.14,9.72
2047-01-01,57.87,-116.71,5.93,7.38,9.46,6.94,8.06,9.77,6.69,8.38,9.50
2048-01-01,57.87,-116.71,5.84,7.44,9.14,5.85,7.61,9.60,6.64,8.46,10.55
2049-01-01,57.87,-116.71,6.04,7.39,8.85,6.46,8.31,9.85,6.83,8.57,10.04
2050-01-01,57.87,-116.71,5.24,7.34,8.91,6.63,7.81,9.94,7.16,8.62,9.89
2051-01-01,57.87,-116.71,5.77,7.38,8.84,6.67,8.29,9.38,7.24,8.34,9.99
2052-01-01,57.87,-116.71,5.80,7.30,9.41,7.32,8.32,9.60,6.62,8.70,9.94
2053-01-01,57.87,-116.71,6.14,6.97,8.68,6.50,8.54,9.45,7.19,9.04,10.58
2054-01-01,57.87,-116.71,6.24,7.40,8.79,6.44,7.74,9.64,7.01,8.44,10.18
2055-01-01,57.87,-116.71,6.22,8.03,9.47,6.69,8.23,9.98,7.69,9.37,11.41
2056-01-01,57.87,-116.71,6.85,7.99,9.75,7.24,8.41,9.70,7.81,9.53,11.03
2057-01-01,57.87,-116.71,6.28,7.50,8.86,6.25,8.00,9.57,7.14,9.39,10.78
2058-01-01,57.87,-116.71,5.31,7.54,9.27,6.78,8.69,10.44,8.09,9.58,11.57
2059-01-01,57.87,-116.71,6.04,7.32,9.53,6.64,8.41,10.04,7.40,8.87,11.71
2060-01-01,57.87,-116.71,6.92,7.94,9.70,6.79,8.58,10.53,7.00,9.38,12.11
2061-01-01,57.87,-116.71,6.24,7.64,10.01,6.76,8.10,9.91,7.75,9.15,11.21
2062-01-01,57.87,-116.71,6.06,7.65,10.34,6.28,8.43,10.66,7.68,9.15,11.52
2063-01-01,57.87,-116.71,5.61,7.23,8.75,6.56,8.53,11.30,7.98,10.12,12.21
2064-01-01,57.87,-116.71,5.82,7.19,9.94,7.29,8.89,10.43,8.00,9.78,11.55
2065-01-01,57.87,-116.71,5.85,7.59,8.92,6.95,8.48,10.24,7.57,9.54,11.66
2066-01-01,57.87,-116.71,6.13,7.90,8.58,7.47,9.11,10.50,7.17,10.21,12.77
2067-01-01,57.87,-116.71,5.70,7.24,8.71,7.54,8.61,10.89,8.05,10.11,12.95
2068-01-01,57.87,-116.71,6.25,7.43,9.44,6.63,8.52,11.32,8.32,10.15,12.79
2069-01-01,57.87,-116.71,5.95,7.19,9.30,6.53,8.84,10.19,9.52,10.51,12.11
2070-01-01,57.87,-116.71,6.45,7.81,9.60,7.50,8.60,9.53,8.08,10.01,12.67
2071-01-01,57.87,-116.71,6.09,7.31,10.17,6.77,9.17,10.09,8.07,9.95,12.17
2072-01-01,57.87,-116.71,5.61,7.33,8.64,7.00,8.88,10.79,8.11,9.99,12.38
2073-01-01,57.87,-116.71,5.77,6.99,9.12,6.26,8.96,11.12,8.08,10.63,12.32
2074-01-01,57.87,-116.71,6.40,7.82,8.94,6.56,8.76,9.46,8.25,10.20,12.58
2075-01-01,57.87,-116.71,6.21,7.68,9.80,7.36,8.66,10.14,8.91,10.46,12.31
2076-01-01,57.87,-116.71,6.60,8.02,10.16,6.76,8.55,10.07,9.16,10.76,12.09
2077-01-01,57.87,-116.71,5.39,6.88,8.37,7.24,8.44,10.17,8.76,11.11,12.86
2078-01-01,57.87,-116.71,5.86,7.18,9.22,7.03,8.85,11.12,8.75,11.09,13.26
2079-01-01,57.87,-116.71,5.89,7.99,9.25,6.56,8.87,10.74,9.07,10.76,12.92
2080-01-01,57.87,-116.71,5.93,7.54,9.47,6.95,8.84,10.22,8.82,10.75,12.89
2081-01-01,57.87,-116.71,5.87,7.34,8.58,7.44,9.10,11.16,8.65,10.94,13.56
2082-01-01,57.87,-116.71,6.53,8.17,8.93,6.80,8.78,10.68,9.47,11.56,14.07
2083-01-01,57.87,-116.71,5.42,7.86,9.50,7.11,8.90,10.54,8.91,11.56,13.57
2084-01-01,57.87,-116.71,5.95,7.71,9.02,7.26,9.45,11.17,9.14,11.31,12.80
2085-01-01,57.87,-116.71,6.17,7.61,9.83,6.23,8.82,10.71,8.85,11.41,13.52
2086-01-01,57.87,-116.71,6.67,7.71,9.30,7.18,8.58,10.92,8.75,11.09,13.25
2087-01-01,57.87,-116.71,6.29,7.38,9.66,6.05,8.36,10.68,8.94,11.62,12.72
2088-01-01,57.87,-116.71,6.77,7.78,9.33,6.60,8.71,10.80,9.22,11.28,12.88
2089-01-01,57.87,-116.71,6.26,8.28,9.40,7.21,9.51,11.21,9.53,11.61,13.70
2090-01-01,57.87,-116.71,5.47,7.69,9.10,8.24,9.49,10.97,9.10,11.35,13.73
2091-01-01,57.87,-116.71,6.36,7.29,9.27,7.53,8.59,10.60,9.73,11.49,14.86
2092-01-01,57.87,-116.71,5.95,7.31,9.51,7.11,8.44,11.12,9.33,11.72,13.56
2093-01-01,57.87,-116.71,6.09,7.43,9.54,6.60,8.56,10.21,9.19,12.30,14.06
2094-01-01,57.87,-116.71,6.01,7.72,9.09,7.02,8.93,10.30,9.83,11.88,13.82
2095-01-01,57.87,-116.71,5.85,7.54,9.34,7.93,9.05,10.78,9.40,11.53,14.47
2096-01-01,57.87,-116.71,5.86,7.60,9.44,8.06,9.39,10.69,9.46,12.28,14.70
2097-01-01,57.87,-116.71,6.48,8.12,9.35,7.11,8.84,11.79,11.09,12.23,14.22
2098-01-01,57.87,-116.71,5.41,7.08,8.68,7.10,8.82,11.07,10.39,12.70,15.54
2099-01-01,57.87,-116.71,5.70,8.09,9.35,7.57,9.04,10.82,9.79,12.49,15.24
2100-01-01,57.87,-116.71,6.39,8.04,9.22,7.33,9.10,11.13,10.23,12.22,14.66
1950-01-01,57.87,-115.21,3.96,6.23,7.60,3.96,6.23,7.60,3.96,6.23,7.60
1951-01-01,57.87,-115.21,4.01,5.82,7.20,4.01,5.82,7.20,4.01,5.82,7.20
1952-01-01,57.87,-115.21,4.07,5.07,6.85,4.07,5.07,6.85,4.07,5.07,6.85
1953-01-01,57.87,-115.21,3.77,5.11,6.76,3.77,5.11,6.76,3.77,5.11,6.76
1954-01-01,57.87,-115.21,4.20,5.78,7.06,4.20,5.78,7.06,4.21,5.78,7.06
1955-01-01,57.87,-115.21,3.81,5.47,6.99,3.81,5.47,6.99,3.81,5.47,6.99
1956-01-01,57.87,-115.21,4.34,5.82,7.02,4.34,5.82,7.02,4.34,5.82,7.03
1957-01-01,57.87,-115.21,3.37,5.08,6.71,3.37,5.08,6.71,3.38,5.08,6.71
1958-01-01,57.87,-115.21,4.11,5.41,6.35,4.11,5.41,6.35,4.11,5.41,6.35
1959-01-01,57.87,-115.21,3.40,5.37,6.70,3.40,5.37,6.70,3.40,5.37,6.70
1960-01-01,57.87,-115.21,4.10,5.69,6.29,4.10,5.69,6.29,4.10,5.69,6.29
1961-01-01,57.87,-115.21,3.75,5.95,7.37,3.75,5.95,7.37,3.75,5.95,7.37
1962-01-01,57.87,-115.21,3.33,5.25,6.49,3.33,5.25,6.49,3.33,5.25,6.49
1963-01-01,57.87,-115.21,4.10,5.43,6.28,4.10,5.43,6.28,4.10,5.43,6.28
1964-01-01,57.87,-115.21,2.76,4.71,6.19,2.76,4.71,6.19,2.76,4.71,6.19
1965-01-01,57.87,-115.21,4.22,4.82,6.44,4.22,4.82,6.44,4.22,4.82,6.44
1966-01-01,57.87,-115.21,3.86,5.29,6.74,3.86,5.29,6.74,3.86,5.29,6.74
1967-01-01,57.87,-115.21,3.95,5.76,6.85,3.95,5.76,6.85,3.95,5.76,6.85
1968-01-01,57.87,-115.21,4.20,5.11,6.06,4.20,5.11,6.06,4.20,5.11,6.06
1969-01-01,57.87,-115.21,3.01,4.98,6.20,3.01,4.98,6.20,3.01,4.98,6.20
1970-01-01,57.87,-115.21,4.20,5.83,7.52,4.20,5.83,7.52,4.20,5.83,7.52
1971-01-01,57.87,-115.21,4.08,5.36,7.00,4.08,5.36,7.00,4.08,5.36,7.00
1972-01-01,57.87,-115.21,4.33,5.44,6.34,4.33,5.44,6.34,4.34,5.44,6.34
1973-01-01,57.87,-115.21,3.43,5.24,7.16,3.43,5.24,7.16,3.43,5.24,7.16
1974-01-01,57.87,-115.21,3.35,5.49,6.62,3.35,5.49,6.62,3.35,5.49,6.62
1975-01-01,57.87,-115.21,4.11,5.62,6.71,4.11,5.62,6.71,4.11,5.62,6.71
1976-01-01,57.87,-115.21,4.00,5.29,7.06,4.00,5.29,7.06,4.00,5.29,7.06
1977-01-01,57.87,-115.21,4.62,5.65,6.79,4.62,5.65,6.79,4.62,5.65,6.79
1978-01-01,57.87,-115.21,4.97,5.92,6.47,4.97,5.92,6.47,4.97,5.92,6.47
1979-01-01,57.87,-115.21,3.83,6.01,7.06,3.83,6.01,7.06,3.83,6.01,7.06
1980-01-01,57.87,-115.21,3.42,5.20,6.44,3.43,5.17,6.43,3.44,5.17,6.46
1981-01-01,57.87,-115.21,3.90,5.56,6.27,3.91,5.54,6.25,3.90,5.54,6.25
1982-01-01,57.87,-115.21,3.57,5.03,6.57,3.56,5.03,6.58,3.56,5.05,6.56
1983-01-01,57.87,-115.21,3.51,5.24,6.28,3.51,5.23,6.28,3.51,5.23,6.26
1984-01-01,57.87,-115.21,4.46,6.10,7.09,4.44,6.09,7.08,4.46,6.10,7.07
1985-01-01,57.87,-115.21,4.41,5.61,6.24,4.41,5.61,6.22,4.42,5.59,6.22
1986-01-01,57.87,-115.21,3.90,5.11,7.25,3.91,5.11,7.25,3.90,5.12,7.26
1987-01-01,57.87,-115.21,4.30,5.59,6.74,4.29,5.57,6.73,4.29,5.58,6.75
1988-01-01,57.87,-115.21,4.08,6.07,7.21,4.08,6.08,7.20,4.07,6.05,7.20
1989-01-01,57.87,-115.21,4.23,5.45,7.42,4.25,5.44,7.44,4.24,5.43,7.43
1990-01-01,57.87,-115.21,4.05,5.09,7.41,4.04,5.08,7.42,4.05,5.10,7.44
1991-01-01,57.87,-115.21,4.19,5.20,6.86,4.19,5.24,6.86,4.20,5.21,6.87
1992-01-01,57.87,-115.21,3.68,5.56,6.80,3.69,5.54,6.81,3.70,5.56,6.81
1993-01-01,57.87,-115.21,4.71,5.90,7.10,4.69,5.93,7.09,4.70,5.92,7.10
1994-01-01,57.87,-115.21,4.35,5.74,7.46,4.36,5.74,7.45,4.36,5.74,7.45
1995-01-01,57.87,-115.21,4.67,5.51,6.66,4.68,5.51,6.66,4.68,5.50,6.67
1996-01-01,57.87,-115.21,4.04,5.35,7.32,4.03,5.35,7.31,4.02,5.36,7.30
1997-01-01,57.87,-115.21,4.46,5.93,7.31,4.49,5.87,7.30,4.48,5.89,7.33
1998-01-01,57.87,-115.21,4.73,5.59,7.26,4.72,5.59,7.27,4.73,5.59,7.25
1999-01-01,57.87,-115.21,4.96,5.66,7.20,4.95,5.63,7.24,4.95,5.66,7.22
2000-01-01,57.87,-115.21,4.62,5.97,7.48,4.57,5.97,7.47,4.60,5.98,7.48
2001-01-01,57.87,-115.21,4.59,5.80,7.32,4.58,5.81,7.32,4.59,5.79,7.33
2002-01-01,57.87,-115.21,4.71,5.97,7.33,4.71,5.98,7.32,4.71,5.98,7.34
2003-01-01,57.87,-115.21,4.63,5.84,7.96,4.64,5.86,7.96,4.62,5.86,7.95
2004-01-01,57.87,-115.21,4.96,6.11,7.75,4.95,6.08,7.77,4.96,6.09,7.75
2005-01-01,57.87,-115.21,5.00,6.21,6.72,5.01,6.21,6.73,5.01,6.20,6.72
2006-01-01,57.87,-115.21,5.00,6.26,8.05,5.43,6.66,8.58,5.04,6.48,7.93
2007-01-01,57.87,-115.21,4.76,6.80,7.95,5.28,6.08,7.76,4.97,6.66,8.18
2008-01-01,57.87,-115.21,5.38,6.27,7.85,4.74,5.87,8.12,4.46,6.22,7.95
2009-01-01,57.87,-115.21,4.84,6.66,8.28,4.87,6.58,7.69,5.09,6.69,7.84
2010-01-01,57.87,-115.21,5.21,6.34,7.67,4.97,6.11,8.51,4.45,6.50,8.18
2011-01-01,57.87,-115.21,4.41,6.51,8.30,5.00,6.49,7.88,4.93,6.00,8.01
2012-01-01,57.87,-115.21,5.15,6.94,7.85,5.31,6.06,7.60,4.87,6.41,8.13
2013-01-01,57.87,-115.21,4.84,6.76,8.16,5.19,6.02,7.76,5.18,6.39,7.44
2014-01-01,57.87,-115.21,4.75,6.44,7.88,5.20,6.79,8.29,5.25,6.72,8.61
2015-01-01,57.87,-115.21,5.49,7.01,7.95,5.49,6.66,8.19,5.62,6.77,8.34
2016-01-01,57.87,-115.21,4.81,7.21,9.61,4.53,6.10,7.58,5.62,6.88,8.20
2017-01-01,57.87,-115.21,4.74,6.78,7.63,5.25,6.46,8.15,5.38,7.73,8.64
2018-01-01,57.87,-115.21,5.24,7.18,8.35,5.24,6.77,8.07,5.32,7.00,8.14
2019-01-01,57.87,-115.21,5.78,6.67,8.13,5.41,6.58,8.52,5.72,6.99,8.28
2020-01-01,57.87,-115.21,5.10,6.73,8.18,5.16,6.33,7.89,5.63,7.14,8.61
2021-01-01,57.87,-115.21,5.34,7.09,8.15,5.83,7.13,8.35,5.78,6.91,8.19
2022-01-01,57.87,-115.21,5.67,6.96,8.28,4.77,6.57,7.91,5.95,7.52,9.01
2023-01-01,57.87,-115.21,5.84,7.15,8.57,4.52,7.58,8.62,5.85,7.58,9.05
2024-01-01,57.87,-115.21,5.21,7.12,8.40,6.24,7.60,8.90,5.64,6.96,7.95
2025-01-01,57.87,-115.21,5.06,6.45,8.18,5.64,6.83,8.47,5.51,6.93,8.98
2026-01-01,57.87,-115.21,5.36,7.33,8.33,5.74,7.26,8.52,6.20,7.27,8.43
2027-01-01,57.87,-115.21,5.37,7.48,8.87,5.67,6.91,8.51,5.68,7.27,9.10
2028-01-01,57.87,-115.21,5.84,7.52,8.60,5.44,7.19,9.16,6.32,7.47,9.31
2029-01-01,57.87,-115.21,6.07,7.42,9.06,4.97,6.41,8.32,6.29,7.51,8.88
2030-01-01,57.87,-115.21,5.94,7.37,8.69,6.36,6.85,8.32,6.00,7.48,8.81
2031-01-01,57.87,-115.21,5.30,6.69,8.51,5.44,7.29,9.14,5.66,7.33,8.53
2032-01-01,57.87,-115.21,5.45,7.35,8.66,5.48,7.04,9.09,5.91,7.57,9.03
2033-01-01,57.87,-115.21,5.66,7.21,8.15,5.77,7.38,9.24,6.65,7.43,9.94
2034-01-01,57.87,-115.21,6.38,7.65,8.77,6.24,7.68,8.84,6.89,7.58,9.71
2035-01-01,57.87,-115.21,5.66,6.43,8.92,5.82,7.24,8.57,6.53,8.17,9.81
2036-01-01,57.87,-115.21,5.62,7.73,8.92,6.10,7.22,8.65,5.65,7.28,8.61
2037-01-01,57.87,-115.21,5.47,7.33,8.66,6.76,7.92,9.88,6.79,8.05,10.29
2038-01-01,57.87,-115.21,6.02,7.16,8.87,6.02,7.51,9.59,6.80,7.84,9.81
2039-01-01,57.87,-115.21,5.70,7.14,9.68,6.09,7.30,9.50,5.33,7.71,9.15
2040-01-01,57.87,-115.21,6.07,7.49,9.95,6.11,7.51,8.99,5.62,7.69,9.77
2041-01-01,57.87,-115.21,5.60,7.47,9.39,6.77,7.67,8.90,6.73,8.19,9.26
2042-01-01,57.87,-115.21,6.01,7.11,9.30,6.40,7.43,8.84,6.58,7.72,10.30
2043-01-01,57.87,-115.21,6.46,7.35,8.87,6.16,8.06,10.26,6.22,8.10,10.26
2044-01-01,57.87,-115.21,6.17,7.24,8.76,6.89,8.32,9.82,6.54,8.23,9.99
2045-01-01,57.87,-115.21,6.39,7.29,8.87,6.42,8.42,9.86,6.73,7.97,9.29
2046-01-01,57.87,-115.21,6.00,7.81,8.92,6.14,7.36,9.28,6.92,8.16,9.68
2047-01-01,57.87,-115.21,6.08,7.38,9.37,6.98,7.92,9.77,6.74,8.37,9.56
2048-01-01,57.87,-115.21,5.89,7.41,9.12,5.87,7.52,9.50,6.66,8.45,10.54
2049-01-01,57.87,-115.21,6.18,7.49,8.79,6.46,8.36,9.73,6.94,8.59,10.13
2050-01-01,57.87,-115.21,5.31,7.45,8.92,6.63,7.76,9.83,7.21,8.78,9.90
2051-01-01,57.87,-115.21,5.75,7.49,8.79,6.76,8.16,9.29,7.32,8.42,10.08
2052-01-01,57.87,-115.21,5.96,7.30,9.55,7.42,8.28,9.69,6.51,8.52,10.09
2053-01-01,57.87,-115.21,6.18,7.00,8.71,6.60,8.41,9.48,7.20,9.12,10.69
2054-01-01,57.87,-115.21,6.25,7.37,8.97,6.46,7.73,9.61,6.89,8.67,10.19
2055-01-01,57.87,-115.21,6.27,8.15,9.47,6.83,8.26,9.91,7.74,9.42,11.40
2056-01-01,57.87,-115.21,6.82,8.08,9.85,7.33,8.42,9.83,7.95,9.54,11.15
2057-01-01,57.87,-115.21,6.27,7.48,8.86,6.25,7.99,9.56,7.09,9.51,10.77
2058-01-01,57.87,-115.21,5.39,7.62,9.43,6.88,8.70,10.40,8.27,9.59,11.41
2059-01-01,57.87,-115.21,6.05,7.40,9.67,6.60,8.41,9.98,7.49,9.05,11.80
2060-01-01,57.87,-115.21,6.87,7.98,9.70,6.81,8.76,10.56,7.15,9.22,12.07
2061-01-01,57.87,-115.21,6.19,7.80,9.87,6.73,7.98,9.84,7.89,9.14,11.32
2062-01-01,57.87,-115.21,6.16,7.75,10.32,6.41,8.42,10.67,7.74,9.25,11.50
2063-01-01,57.87,-115.21,5.65,7.30,8.70,6.60,8.42,11.18,8.03,10.10,12.40
2064-01-01,57.87,-115.21,5.78,7.28,9.82,7.38,8.91,10.39,8.00,9.69,11.76
2065-01-01,57.87,-115.21,5.92,7.63,8.99,6.98,8.57,10.28,7.70,9.61,11.67
2066-01-01,57.87,-115.21,6.18,7.79,8.72,7.49,9.05,10.61,7.27,10.16,12.77
2067-01-01,57.87,-115.21,5.76,7.35,8.75,7.70,8.51,10.77,8.25,10.09,13.10
2068-01-01,57.87,-115.21,6.24,7.46,9.53,6.75,8.56,11.24,8.43,10.21,12.85
2069-01-01,57.87,-115.21,6.13,7.30,9.39,6.64,8.88,9.96,9.41,10.60,12.10
2070-01-01,57.87,-115.21,6.38,7.81,9.67,7.55,8.66,9.61,8.27,10.02,12.73
2071-01-01,57.87,-115.21,6.19,7.33,10.17,6.95,9.11,10.26,8.17,10.10,12.36
2072-01-01,57.87,-115.21,5.73,7.44,8.59,7.04,8.92,10.74,8.21,9.96,12.43
2073-01-01,57.87,-115.21,5.90,7.02,9.23,6.36,8.96,11.19,8.17,10.65,12.49
2074-01-01,57.87,-115.21,6.48,7.85,8.97,6.67,8.69,9.56,8.14,10.35,12.74
2075-01-01,57.87,-115.21,6.27,7.82,9.70,7.53,8.70,10.09,9.02,10.54,12.52
2076-01-01,57.87,-115.21,6.62,8.02,10.21,6.94,8.47,9.97,9.30,10.87,12.27
2077-01-01,57.87,-115.21,5.42,6.84,8.46,7.28,8.43,10.27,8.91,11.34,12.93
2078-01-01,57.87,-115.21,5.71,7.25,9.13,6.98,8.98,11.23,8.81,11.21,13.37
2079-01-01,57.87,-115.21,5.96,8.05,9.21,6.65,8.96,10.82,9.04,10.86,13.18
2080-01-01,57.87,-115.21,6.03,7.55,9.58,7.06,8.85,10.26,8.81,10.94,12.84
2081-01-01,57.87,-115.21,6.01,7.33,8.82,7.55,9.05,11.09,8.89,11.02,13.72
2082-01-01,57.87,-115.21,6.65,8.22,8.98,6.88,8.85,10.77,9.63,11.66,14.29
2083-01-01,57.87,-115.21,5.57,7.86,9.54,7.13,9.06,10.47,9.05,11.69,13.73
2084-01-01,57.87,-115.21,5.89,7.70,9.16,7.47,9.46,11.24,9.26,11.42,12.94
2085-01-01,57.87,-115.21,6.13,7.54,9.78,6.38,8.91,10.69,8.89,11.47,13.63
2086-01-01,57.87,-115.21,6.69,7.80,9.28,7.15,8.65,10.91,8.91,11.24,13.44
2087-01-01,57.87,-115.21,6.26,7.38,9.81,6.10,8.50,10.61,9.04,11.67,12.83
2088-01-01,57.87,-115.21,6.78,7.84,9.40,6.70,8.53,10.84,9.28,11.38,13.12
2089-01-01,57.87,-115.21,6.30,8.31,9.63,7.18,9.53,11.36,9.70,11.65,13.83
2090-01-01,57.87,-115.21,5.54,7.68,9.10,8.23,9.43,11.09,9.29,11.45,13.79
2091-01-01,57.87,-115.21,6.37,7.35,8.99,7.63,8.69,10.53,9.92,11.57,14.87
2092-01-01,57.87,-115.21,5.95,7.31,9.56,7.17,8.50,11.24,9.33,11.84,13.62
2093-01-01,57.87,-115.21,6.11,7.49,9.58,6.72,8.58,10.31,9.32,12.37,14.13
2094-01-01,57.87,-115.21,5.98,7.61,9.00,7.03,9.04,10.41,9.80,11.90,13.98
2095-01-01,57.87,-115.21,5.95,7.44,9.48,7.91,9.11,10.76,9.45,11.69,14.51
2096-01-01,57.87,-115.21,6.06,7.60,9.53,8.10,9.37,10.68,9.48,12.21,14.77
2097-01-01,57.87,-115.21,6.60,8.11,9.39,7.03,8.92,11.76,11.13,12.38,14.40
2098-01-01,57.87,-115.21,5.41,7.22,8.74,7.33,8.80,11.07,10.48,12.79,15.57
2099-01-01,57.87,-115.21,5.83,8.23,9.36,7.59,9.11,11.04,9.90,12.66,15.42
2100-01-01,57.87,-115.21,6.38,8.10,9.20,7.26,9.11,10.92,10.39,12.16,14.86
1950-01-01,58.21,-116.04,3.78,6.15,7.49,3.78,6.15,7.49,3.78,6.15,7.49
1951-01-01,58.21,-116.04,3.92,5.77,7.06,3.92,5.77,7.06,3.92,5.77,7.06
1952-01-01,58.21,-116.04,3.86,5.01,6.79,3.86,5.01,6.79,3.86,5.01,6.79
1953-01-01,58.21,-116.04,3.58,5.05,6.65,3.58,5.05,6.65,3.58,5.05,6.65
1954-01-01,58.21,-116.04,4.21,5.67,6.92,4.21,5.67,6.92,4.21,5.67,6.92
1955-01-01,58.21,-116.04,3.73,5.32,6.84,3.73,5.32,6.84,3.73,5.32,6.84
1956-01-01,58.21,-116.04,4.23,5.65,6.87,4.23,5.65,6.87,4.23,5.65,6.88
1957-01-01,58.21,-116.04,3.23,4.93,6.47,3.23,4.93,6.47,3.23,4.93,6.47
1958-01-01,58.21,-116.04,4.04,5.17,6.25,4.04,5.17,6.25,4.04,5.17,6.25
1959-01-01,58.21,-116.04,3.34,5.29,6.63,3.34,5.29,6.63,3.34,5.29,6.63
1960-01-01,58.21,-116.04,4.05,5.57,6.18,4.05,5.57,6.18,4.05,5.57,6.18
1961-01-01,58.21,-116.04,3.56,5.74,7.27,3.56,5.74,7.27,3.56,5.74,7.27
1962-01-01,58.21,-116.04,3.17,5.05,6.39,3.17,5.05,6.39,3.17,5.05,6.39
1963-01-01,58.21,-116.04,4.05,5.31,6.12,4.05,5.31,6.12,4.05,5.31,6.12
1964-01-01,58.21,-116.04,2.72,4.63,6.13,2.72,4.63,6.13,2.72,4.63,6.13
1965-01-01,58.21,-116.04,4.09,4.72,6.45,4.09,4.72,6.45,4.09,4.73,6.45
1966-01-01,58.21,-116.04,3.77,5.08,6.65,3.77,5.08,6.65,3.77,5.08,6.65
1967-01-01,58.21,-116.04,3.88,5.67,6.74,3.88,5.67,6.74,3.88,5.67,6.74
1968-01-01,58.21,-116.04,4.06,4.95,5.75,4.06,4.95,5.75,4.06,4.95,5.75
1969-01-01,58.21,-116.04,2.86,4.87,6.10,2.86,4.87,6.10,2.86,4.87,6.10
1970-01-01,58.21,-116.04,4.09,5.66,7.32,4.09,5.66,7.32,4.09,5.66,7.32
1971-01-01,58.21,-116.04,3.99,5.28,6.97,3.99,5.28,6.97,3.99,5.28,6.97
1972-01-01,58.21,-116.04,4.03,5.29,6.29,4.03,5.29,6.29,4.04,5.29,6.29
1973-01-01,58.21,-116.04,3.43,5.26,6.92,3.43,5.26,6.92,3.43,5.26,6.92
1974-01-01,58.21,-116.04,3.27,5.39,6.50,3.27,5.39,6.50,3.27,5.39,6.50
1975-01-01,58.21,-116.04,3.95,5.50,6.50,3.95,5.50,6.50,3.95,5.50,6.50
1976-01-01,58.21,-116.04,3.78,5.19,7.01,3.78,5.19,7.01,3.78,5.19,7.01
1977-01-01,58.21,-116.04,4.42,5.51,6.72,4.42,5.51,6.72,4.42,5.52,6.72
1978-01-01,58.21,-116.04,4.82,5.77,6.30,4.82,5.77,6.30,4.82,5.77,6.30
1979-01-01,58.21,-116.04,3.78,5.93,6.91,3.78,5.93,6.91,3.78,5.93,6.91
1980-01-01,58.21,-116.04,3.36,5.15,6.40,3.38,5.12,6.39,3.39,5.12,6.42
1981-01-01,58.21,-116.04,3.84,5.48,6.20,3.85,5.48,6.18,3.85,5.48,6.19
1982-01-01,58.21,-116.04,3.49,4.94,6.52,3.48,4.93,6.53,3.49,4.96,6.53
1983-01-01,58.21,-116.04,3.26,5.08,6.25,3.26,5.08,6.24,3.26,5.08,6.24
1984-01-01,58.21,-116.04,4.41,5.94,7.00,4.39,5.93,6.99,4.41,5.93,6.99
1985-01-01,58.21,-116.04,4.37,5.49,6.24,4.38,5.48,6.25,4.39,5.46,6.26
1986-01-01,58.21,-116.04,3.78,5.01,7.01,3.79,5.00,7.02,3.78,5.04,7.02
1987-01-01,58.21,-116.04,4.20,5.51,6.60,4.20,5.48,6.60,4.19,5.50,6.62
1988-01-01,58.21,-116.04,3.89,5.95,6.98,3.90,5.93,6.99,3.89,5.91,7.00
1989-01-01,58.21,-116.04,4.15,5.24,7.24,4.17,5.22,7.26,4.17,5.23,7.26
1990-01-01,58.21,-116.04,3.98,5.05,7.27,3.99,5.05,7.28,3.99,5.04,7.29
1991-01-01,58.21,-116.04,4.09,5.11,6.74,4.10,5.13,6.75,4.11,5.11,6.75
1992-01-01,58.21,-116.04,3.59,5.45,6.72,3.61,5.43,6.73,3.61,5.47,6.74
1993-01-01,58.21,-116.04,4.59,5.71,7.03,4.57,5.74,7.03,4.58,5.73,7.04
1994-01-01,58.21,-116.04,4.20,5.62,7.44,4.21,5.63,7.43,4.22,5.64,7.43
1995-01-01,58.21,-116.04,4.51,5.43,6.53,4.52,5.43,6.54,4.52,5.43,6.55
1996-01-01,58.21,-116.04,3.91,5.29,7.26,3.91,5.29,7.25,3.90,5.28,7.24
1997-01-01,58.21,-116.04,4.31,5.82,7.27,4.33,5.76,7.27,4.31,5.78,7.28
1998-01-01,58.21,-116.04,4.64,5.49,7.12,4.64,5.51,7.13,4.65,5.51,7.11
1999-01-01,58.21,-116.04,4.84,5.54,7.11,4.84,5.52,7.15,4.84,5.54,7.13
2000-01-01,58.21,-116.04,4.46,5.82,7.38,4.46,5.83,7.37,4.45,5.84,7.37
2001-01-01,58.21,-116.04,4.56,5.74,7.27,4.56,5.75,7.28,4.57,5.73,7.29
2002-01-01,58.21,-116.04,4.69,5.84,7.19,4.67,5.86,7.18,4.69,5.86,7.19
2003-01-01,58.21,-116.04,4.48,5.79,7.87,4.49,5.79,7.88,4.47,5.79,7.86
2004-01-01,58.21,-116.04,4.93,5.96,7.69,4.93,5.94,7.70,4.95,5.94,7.68
2005-01-01,58.21,-116.04,4.92,6.03,6.65,4.93,6.04,6.66,4.93,6.03,6.67
2006-01-01,58.21,-116.04,4.92,6.22,7.90,5.33,6.58,8.48,4.95,6.37,7.74
2007-01-01,58.21,-116.04,4.70,6.62,7.77,5.13,5.82,7.67,4.82,6.64,7.99
2008-01-01,58.21,-116.04,5.27,6.18,7.80,4.62,5.75,8.07,4.33,6.04,7.89
2009-01-01,58.21,-116.04,4.63,6.52,8.21,4.87,6.54,7.60,4.98,6.57,7.79
2010-01-01,58.21,-116.04,5.13,6.26,7.53,4.87,5.94,8.42,4.48,6.45,8.06
2011-01-01,58.21,-116.04,4.30,6.46,8.25,4.87,6.41,7.76,4.87,5.94,7.90
2012-01-01,58.21,-116.04,5.09,6.78,7.76,5.04,5.93,7.43,4.79,6.29,8.02
2013-01-01,58.21,-116.04,4.67,6.63,8.13,5.15,5.89,7.70,4.98,6.29,7.31
2014-01-01,58.21,-116.04,4.71,6.37,7.84,5.02,6.70,8.20,5.07,6.58,8.36
2015-01-01,58.21,-116.04,5.35,6.92,7.69,5.37,6.58,8.05,5.48,6.68,8.35
2016-01-01,58.21,-116.04,4.64,7.10,9.44,4.66,5.98,7.50,5.53,6.79,8.11
2017-01-01,58.21,-116.04,4.76,6.58,7.48,5.16,6.34,8.10,5.26,7.61,8.61
2018-01-01,58.21,-116.04,5.17,7.10,8.21,5.02,6.63,7.96,5.06,6.85,8.05
2019-01-01,58.21,-116.04,5.72,6.58,8.05,5.22,6.49,8.24,5.69,6.87,8.18
2020-01-01,58.21,-116.04,4.99,6.69,8.08,5.02,6.26,7.79,5.50,7.05,8.57
2021-01-01,58.21,-116.04,5.25,7.05,8.06,5.76,6.95,8.33,5.72,6.80,8.11
2022-01-01,58.21,-116.04,5.67,6.84,8.29,4.64,6.47,7.90,5.81,7.25,8.89
2023-01-01,58.21,-116.04,5.73,7.07,8.46,4.53,7.43,8.48,5.77,7.55,8.93
2024-01-01,58.21,-116.04,5.18,6.99,8.34,6.12,7.45,8.73,5.57,6.81,7.80
2025-01-01,58.21,-116.04,4.93,6.34,8.08,5.61,6.72,8.21,5.40,6.86,8.83
2026-01-01,58.21,-116.04,5.24,7.23,8.32,5.61,7.17,8.36,6.04,7.20,8.32
2027-01-01,58.21,-116.04,5.34,7.28,8.75,5.55,6.84,8.45,5.52,7.18,9.06
2028-01-01,58.21,-116.04,5.74,7.34,8.50,5.39,7.13,9.03,6.29,7.37,9.24
2029-01-01,58.21,-116.04,5.89,7.34,8.96,4.92,6.28,8.38,6.23,7.36,8.76
2030-01-01,58.21,-116.04,5.76,7.24,8.70,6.25,6.83,8.23,5.83,7.37,8.68
2031-01-01,58.21,-116.04,5.14,6.57,8.42,5.36,7.14,9.07,5.46,7.17,8.49
2032-01-01,58.21,-116.04,5.44,7.19,8.54,5.45,6.92,8.97,5.78,7.43,8.95
2033-01-01,58.21,-116.04,5.56,7.08,8.05,5.59,7.29,9.10,6.50,7.36,9.86
2034-01-01,58.21,-116.04,6.26,7.58,8.67,6.18,7.54,8.84,6.75,7.42,9.60
2035-01-01,58.21,-116.04,5.54,6.29,8.77,5.70,7.19,8.45,6.46,8.01,9.81
2036-01-01,58.21,-116.04,5.43,7.64,8.70,5.99,7.12,8.55,5.56,7.15,8.49
2037-01-01,58.21,-116.04,5.40,7.28,8.63,6.53,7.86,9.82,6.71,7.88,10.15
2038-01-01,58.21,-116.04,5.75,7.12,8.77,6.04,7.53,9.51,6.62,7.70,9.65
2039-01-01,58.21,-116.04,5.55,7.03,9.54,5.85,7.29,9.38,5.32,7.64,9.10
2040-01-01,58.21,-116.04,6.01,7.41,9.90,6.15,7.40,8.94,5.47,7.57,9.71
2041-01-01,58.21,-116.04,5.46,7.45,9.24,6.67,7.62,8.81,6.64,8.06,9.15
2042-01-01,58.21,-116.04,5.92,7.01,9.23,6.33,7.42,8.63,6.47,7.58,10.14
2043-01-01,58.21,-116.04,6.36,7.13,8.81,5.96,8.00,10.17,6.17,8.00,10.05
2044-01-01,58.21,-116.04,6.03,7.01,8.71,6.84,8.20,9.82,6.47,8.14,9.67
2045-01-01,58.21,-116.04,6.33,7.15,8.76,6.13,8.27,9.79,6.74,7.91,9.19
2046-01-01,58.21,-116.04,5.89,7.50,8.86,6.07,7.27,9.26,6.89,8.08,9.60
2047-01-01,58.21,-116.04,5.89,7.34,9.29,6.92,7.91,9.72,6.59,8.34,9.41
2048-01-01,58.21,-116.04,5.80,7.30,8.95,5.82,7.53,9.49,6.63,8.39,10.49
2049-01-01,58.21,-116.04,6.13,7.38,8.80,6.41,8.24,9.66,6.82,8.44,9.97
2050-01-01,58.21,-116.04,5.25,7.35,8.89,6.55,7.71,9.84,7.24,8.63,9.81
2051-01-01,58.21,-116.04,5.68,7.38,8.62,6.67,8.15,9.28,7.18,8.26,9.90
2052-01-01,58.21,-116.04,5.78,7.12,9.41,7.33,8.25,9.45,6.51,8.60,9.95
2053-01-01,58.21,-116.04,6.05,6.90,8.60,6.37,8.42,9.37,7.13,9.00,10.51
2054-01-01,58.21,-116.04,6.15,7.26,8.72,6.41,7.70,9.68,6.89,8.45,10.11
2055-01-01,58.21,-116.04,6.23,8.07,9.36,6.70,8.10,9.86,7.63,9.40,11.35
2056-01-01,58.21,-116.04,6.69,7.91,9.65,7.27,8.35,9.76,7.86,9.50,11.02
2057-01-01,58.21,-116.04,6.23,7.38,8.72,6.23,7.95,9.41,7.03,9.45,10.66
2058-01-01,58.21,-116.04,5.34,7.45,9.18,6.70,8.60,10.28,8.09,9.51,11.40
2059-01-01,58.21,-116.04,5.96,7.26,9.43,6.60,8.31,9.76,7.34,8.93,11.73
2060-01-01,58.21,-116.04,6.81,7.89,9.65,6.69,8.52,10.52,7.03,9.27,12.02
2061-01-01,58.21,-116.04,6.12,7.65,9.88,6.68,8.00,9.78,7.74,9.09,11.18
2062-01-01,58.21,-116.04,6.04,7.66,10.22,6.25,8.34,10.59,7.66,9.18,11.38
2063-01-01,58.21,-116.04,5.53,7.14,8.65,6.57,8.36,11.13,8.09,10.02,12.23
2064-01-01,58.21,-116.04,5.79,7.17,9.78,7.23,8.76,10.31,7.92,9.57,11.55
2065-01-01,58.21,-116.04,5.86,7.54,8.90,6.91,8.45,10.24,7.56,9.50,11.55
2066-01-01,58.21,-116.04,6.04,7.75,8.61,7.47,8.98,10.38,7.13,10.07,12.73
2067-01-01,58.21,-116.04,5.63,7.20,8.67,7.54,8.50,10.78,8.20,9.98,13.00
2068-01-01,58.21,-116.04,6.19,7.35,9.44,6.60,8.51,11.22,8.32,10.06,12.70
2069-01-01,58.21,-116.04,5.97,7.19,9.26,6.53,8.71,9.96,9.33,10.47,11.97
2070-01-01,58.21,-116.04,6.38,7.77,9.51,7.52,8.55,9.47,8.10,9.94,12.66
2071-01-01,58.21,-116.04,6.03,7.21,10.08,6.70,9.01,9.96,8.01,9.99,12.10
2072-01-01,58.21,-116.04,5.57,7.31,8.49,6.97,8.82,10.63,8.09,9.88,12.35
2073-01-01,58.21,-116.04,5.71,6.89,9.16,6.26,8.90,11.01,8.02,10.65,12.27
2074-01-01,58.21,-116.04,6.34,7.77,8.78,6.52,8.63,9.47,8.20,10.29,12.66
2075-01-01,58.21,-116.04,6.18,7.63,9.65,7.32,8.60,10.00,8.89,10.52,12.32
2076-01-01,58.21,-116.04,6.54,7.92,10.11,6.79,8.40,9.98,9.16,10.77,12.13
2077-01-01,58.21,-116.04,5.39,6.82,8.33,7.16,8.40,10.03,8.83,11.18,12.80
2078-01-01,58.21,-116.04,5.62,7.20,9.11,6.99,8.79,11.11,8.74,11.13,13.38
2079-01-01,58.21,-116.04,5.82,7.99,9.11,6.56,8.81,10.77,9.05,10.72,12.97
2080-01-01,58.21,-116.04,5.84,7.43,9.37,6.91,8.75,10.03,8.74,10.82,12.76
2081-01-01,58.21,-116.04,5.87,7.26,8.60,7.40,8.99,11.03,8.79,10.96,13.57
2082-01-01,58.21,-116.04,6.54,8.03,8.87,6.82,8.79,10.60,9.46,11.55,14.06
2083-01-01,58.21,-116.04,5.36,7.76,9.41,7.12,8.94,10.46,8.94,11.56,13.58
2084-01-01,58.21,-116.04,5.95,7.56,8.99,7.31,9.38,11.09,9.10,11.36,12.81
2085-01-01,58.21,-116.04,6.05,7.55,9.72,6.38,8.83,10.62,8.89,11.41,13.53
2086-01-01,58.21,-116.04,6.54,7.65,9.20,7.11,8.56,10.78,8.77,11.13,13.41
2087-01-01,58.21,-116.04,6.15,7.23,9.66,6.03,8.34,10.49,8.92,11.51,12.75
2088-01-01,58.21,-116.04,6.73,7.69,9.15,6.55,8.56,10.77,9.21,11.29,12.84
2089-01-01,58.21,-116.04,6.16,8.17,9.49,7.09,9.44,11.17,9.49,11.57,13.80
2090-01-01,58.21,-116.04,5.46,7.58,8.99,8.11,9.41,11.03,9.09,11.37,13.78
2091-01-01,58.21,-116.04,6.27,7.15,9.01,7.47,8.58,10.45,9.80,11.38,14.79
2092-01-01,58.21,-116.04,5.86,7.22,9.43,7.08,8.36,11.06,9.33,11.73,13.53
2093-01-01,58.21,-116.04,6.04,7.39,9.55,6.58,8.54,10.25,9.23,12.26,13.98
2094-01-01,58.21,-116.04,5.94,7.60,8.93,6.90,8.98,10.20,9.86,11.85,13.78
2095-01-01,58.21,-116.04,5.85,7.43,9.33,7.84,9.01,10.59,9.37,11.59,14.46
2096-01-01,58.21,-116.04,5.92,7.50,9.41,7.97,9.31,10.61,9.45,12.24,14.71
2097-01-01,58.21,-116.04,6.49,7.99,9.28,6.91,8.82,11.65,11.06,12.22,14.20
2098-01-01,58.21,-116.04,5.28,7.08,8.67,7.12,8.78,11.02,10.36,12.76,15.48
2099-01-01,58.21,-116.04,5.72,8.16,9.25,7.45,9.02,10.94,9.78,12.55,15.35
2100-01-01,58.21,-116.04,6.33,8.03,9.06,7.26,9.05,11.02,10.18,12.10,14.61
1950-01-01,58.46,-116.79,3.39,5.83,7.18,3.39,5.83,7.18,3.39,5.83,7.18
1951-01-01,58.46,-116.79,3.63,5.39,6.68,3.63,5.39,6.68,3.63,5.39,6.68
1952-01-01,58.46,-116.79,3.38,4.78,6.52,3.38,4.78,6.52,3.38,4.78,6.52
1953-01-01,58.46,-116.79,3.18,4.75,6.33,3.18,4.75,6.33,3.18,4.75,6.33
1954-01-01,58.46,-116.79,3.96,5.29,6.56,3.96,5.29,6.56,3.97,5.29,6.56
1955-01-01,58.46,-116.79,3.38,4.99,6.50,3.38,4.99,6.50,3.38,4.99,6.50
1956-01-01,58.46,-116.79,3.88,5.25,6.53,3.88,5.25,6.53,3.88,5.25,6.54
1957-01-01,58.46,-116.79,2.87,4.60,6.16,2.87,4.60,6.16,2.87,4.60,6.16
1958-01-01,58.46,-116.79,3.67,4.75,5.93,3.67,4.75,5.93,3.67,4.75,5.93
1959-01-01,58.46,-116.79,3.03,5.01,6.40,3.03,5.01,6.40,3.03,5.01,6.40
1960-01-01,58.46,-116.79,3.68,5.19,5.86,3.68,5.19,5.86,3.68,5.19,5.86
1961-01-01,58.46,-116.79,3.28,5.40,6.87,3.28,5.40,6.87,3.28,5.40,6.87
1962-01-01,58.46,-116.79,2.87,4.75,6.07,2.87,4.75,6.07,2.87,4.75,6.07
1963-01-01,58.46,-116.79,3.70,4.95,5.71,3.70,4.95,5.71,3.70,4.95,5.71
1964-01-01,58.46,-116.79,2.51,4.31,5.80,2.51,4.31,5.80,2.51,4.31,5.80
1965-01-01,58.46,-116.79,3.82,4.45,6.02,3.82,4.45,6.02,3.82,4.45,6.02
1966-01-01,58.46,-116.79,3.44,4.69,6.34,3.44,4.69,6.34,3.44,4.69,6.34
1967-01-01,58.46,-116.79,3.60,5.41,6.45,3.60,5.41,6.45,3.60,5.41,6.45
1968-01-01,58.46,-116.79,3.70,4.56,5.29,3.70,4.56,5.29,3.70,4.56,5.29
1969-01-01,58.46,-116.79,2.57,4.55,5.78,2.57,4.55,5.78,2.57,4.55,5.78
1970-01-01,58.46,-116.79,3.77,5.22,6.92,3.77,5.22,6.92,3.77,5.22,6.92
1971-01-01,58.46,-116.79,3.69,4.90,6.69,3.69,4.90,6.69,3.69,4.90,6.69
1972-01-01,58.46,-116.79,3.56,5.04,6.02,3.56,5.04,6.02,3.57,5.04,6.02
1973-01-01,58.46,-116.79,3.18,5.02,6.51,3.18,5.02,6.51,3.18,5.02,6.51
1974-01-01,58.46,-116.79,2.90,5.03,6.15,2.90,5.03,6.15,2.90,5.03,6.15
1975-01-01,58.46,-116.79,3.71,5.18,6.08,3.71,5.18,6.08,3.71,5.18,6.08
1976-01-01,58.46,-116.79,3.35,4.97,6.74,3.35,4.97,6.74,3.35,4.97,6.74
1977-01-01,58.46,-116.79,4.01,5.16,6.48,4.01,5.16,6.48,4.01,5.17,6.48
1978-01-01,58.46,-116.79,4.43,5.45,5.96,4.43,5.45,5.96,4.43,5.45,5.96
1979-01-01,58.46,-116.79,3.48,5.60,6.63,3.48,5.60,6.63,3.48,5.60,6.63
1980-01-01,58.46,-116.79,3.06,4.89,6.10,3.08,4.89,6.10,3.09,4.89,6.12
1981-01-01,58.46,-116.79,3.52,5.20,5.92,3.53,5.19,5.90,3.53,5.18,5.90
1982-01-01,58.46,-116.79,3.19,4.62,6.24,3.19,4.64,6.27,3.19,4.64,6.27
1983-01-01,58.46,-116.79,2.84,4.71,5.96,2.87,4.73,5.96,2.84,4.73,5.97
1984-01-01,58.46,-116.79,4.09,5.49,6.68,4.07,5.49,6.67,4.09,5.49,6.67
1985-01-01,58.46,-116.79,4.09,5.09,5.88,4.06,5.08,5.90,4.09,5.08,5.91
1986-01-01,58.46,-116.79,3.45,4.68,6.63,3.47,4.67,6.64,3.46,4.71,6.64
1987-01-01,58.46,-116.79,3.82,5.20,6.22,3.82,5.16,6.22,3.82,5.18,6.23
1988-01-01,58.46,-116.79,3.48,5.59,6.53,3.50,5.58,6.53,3.48,5.56,6.55
1989-01-01,58.46,-116.79,3.77,4.90,6.86,3.78,4.88,6.88,3.79,4.89,6.88
1990-01-01,58.46,-116.79,3.63,4.78,6.94,3.65,4.78,6.96,3.64,4.79,6.98
1991-01-01,58.46,-116.79,3.73,4.81,6.43,3.75,4.83,6.43,3.75,4.81,6.43
1992-01-01,58.46,-116.79,3.32,5.13,6.32,3.31,5.12,6.33,3.32,5.15,6.36
1993-01-01,58.46,-116.79,4.24,5.31,6.74,4.23,5.34,6.75,4.23,5.35,6.74
1994-01-01,58.46,-116.79,3.85,5.35,7.17,3.87,5.36,7.16,3.88,5.34,7.16
1995-01-01,58.46,-116.79,4.12,5.14,6.23,4.13,5.14,6.22,4.14,5.13,6.25
1996-01-01,58.46,-116.79,3.55,5.03,6.94,3.54,5.02,6.97,3.53,4.99,6.97
1997-01-01,58.46,-116.79,3.97,5.51,6.99,3.98,5.46,6.98,3.97,5.48,7.00
1998-01-01,58.46,-116.79,4.31,5.16,6.74,4.32,5.17,6.75,4.32,5.17,6.74
1999-01-01,58.46,-116.79,4.50,5.20,6.82,4.51,5.18,6.86,4.50,5.20,6.85
2000-01-01,58.46,-116.79,4.19,5.49,7.06,4.19,5.49,7.05,4.18,5.49,7.03
2001-01-01,58.46,-116.79,4.27,5.36,6.99,4.26,5.37,7.00,4.29,5.36,7.01
2002-01-01,58.46,-116.79,4.43,5.49,6.89,4.42,5.51,6.89,4.44,5.53,6.90
2003-01-01,58.46,-116.79,4.12,5.50,7.57,4.12,5.48,7.58,4.11,5.48,7.55
2004-01-01,58.46,-116.79,4.64,5.70,7.37,4.65,5.66,7.38,4.67,5.67,7.36
2005-01-01,58.46,-116.79,4.60,5.71,6.36,4.61,5.72,6.37,4.61,5.71,6.38
2006-01-01,58.46,-116.79,4.60,5.88,7.57,4.98,6.28,8.16,4.62,6.04,7.35
2007-01-01,58.46,-116.79,4.44,6.25,7.42,4.76,5.52,7.37,4.47,6.40,7.68
2008-01-01,58.46,-116.79,4.94,5.84,7.54,4.36,5.45,7.79,3.97,5.61,7.54
2009-01-01,58.46,-116.79,4.28,6.18,7.91,4.57,6.17,7.29,4.71,6.18,7.55
2010-01-01,58.46,-116.79,4.84,5.95,7.16,4.57,5.58,8.14,4.24,6.08,7.79
2011-01-01,58.46,-116.79,3.95,6.19,7.98,4.48,6.15,7.41,4.54,5.65,7.59
2012-01-01,58.46,-116.79,4.79,6.44,7.44,4.57,5.62,7.13,4.40,5.94,7.69
2013-01-01,58.46,-116.79,4.31,6.37,7.88,4.78,5.53,7.40,4.53,5.88,6.97
2014-01-01,58.46,-116.79,4.42,5.99,7.52,4.75,6.40,7.88,4.77,6.25,8.03
2015-01-01,58.46,-116.79,5.02,6.51,7.29,5.02,6.22,7.75,5.15,6.33,8.13
2016-01-01,58.46,-116.79,4.27,6.73,9.07,4.56,5.66,7.20,5.23,6.45,7.83
2017-01-01,58.46,-116.79,4.43,6.24,7.17,4.83,5.96,7.86,4.90,7.31,8.37
2018-01-01,58.46,-116.79,4.83,6.85,7.90,4.56,6.28,7.63,4.58,6.52,7.73
2019-01-01,58.46,-116.79,5.34,6.30,7.76,4.82,6.17,7.79,5.32,6.49,7.89
2020-01-01,58.46,-116.79,4.68,6.41,7.75,4.65,5.95,7.49,5.03,6.68,8.29
2021-01-01,58.46,-116.79,4.93,6.70,7.76,5.46,6.49,7.93,5.32,6.44,7.82
2022-01-01,58.46,-116.79,5.42,6.55,8.07,4.30,6.13,7.64,5.51,6.82,8.55
2023-01-01,58.46,-116.79,5.41,6.80,8.07,4.26,7.03,8.09,5.51,7.25,8.58
2024-01-01,58.46,-116.79,4.92,6.67,8.02,5.80,7.10,8.23,5.19,6.44,7.44
2025-01-01,58.46,-116.79,4.52,6.06,7.80,5.25,6.35,7.77,5.06,6.56,8.51
2026-01-01,58.46,-116.79,4.88,6.94,8.06,5.29,6.85,7.99,5.65,6.91,7.96
2027-01-01,58.46,-116.79,5.08,6.91,8.41,5.21,6.62,8.19,5.14,6.82,8.76
2028-01-01,58.46,-116.79,5.39,7.01,8.23,5.00,6.86,8.67,6.01,7.14,8.88
2029-01-01,58.46,-116.79,5.51,6.94,8.65,4.50,5.95,8.16,5.92,7.03,8.41
2030-01-01,58.46,-116.79,5.33,6.93,8.41,5.88,6.54,7.90,5.45,7.06,8.31
2031-01-01,58.46,-116.79,4.73,6.22,8.13,5.03,6.80,8.76,5.08,6.78,8.20
2032-01-01,58.46,-116.79,5.16,6.84,8.14,5.13,6.56,8.67,5.39,7.09,8.62
2033-01-01,58.46,-116.79,5.25,6.75,7.73,5.30,7.01,8.77,6.17,7.07,9.53
2034-01-01,58.46,-116.79,5.98,7.26,8.36,5.74,7.22,8.57,6.34,7.05,9.28
2035-01-01,58.46,-116.79,5.16,5.93,8.37,5.35,6.82,8.10,6.11,7.67,9.56
2036-01-01,58.46,-116.79,5.13,7.29,8.33,5.62,6.78,8.25,5.21,6.82,8.18
2037-01-01,58.46,-116.79,5.03,7.00,8.37,6.19,7.59,9.49,6.35,7.44,9.85
2038-01-01,58.46,-116.79,5.34,6.86,8.44,5.71,7.24,9.14,6.23,7.37,9.31
2039-01-01,58.46,-116.79,5.20,6.70,8.98,5.41,7.02,9.04,5.11,7.40,8.82
2040-01-01,58.46,-116.79,5.71,7.11,9.66,5.87,7.16,8.58,5.07,7.18,9.39
2041-01-01,58.46,-116.79,5.13,7.17,8.88,6.30,7.32,8.53,6.29,7.73,8.91
2042-01-01,58.46,-116.79,5.58,6.61,8.93,5.98,7.05,8.21,6.16,7.24,9.85
2043-01-01,58.46,-116.79,6.01,6.82,8.50,5.50,7.70,9.93,5.92,7.66,9.64
2044-01-01,58.46,-116.79,5.70,6.63,8.38,6.61,7.90,9.53,6.11,7.82,9.16
2045-01-01,58.46,-116.79,5.97,6.74,8.41,5.68,7.93,9.47,6.53,7.59,8.85
2046-01-01,58.46,-116.79,5.56,7.07,8.55,5.71,6.97,9.00,6.54,7.79,9.29
2047-01-01,58.46,-116.79,5.46,7.05,8.98,6.58,7.63,9.37,6.27,8.04,9.06
2048-01-01,58.46,-116.79,5.47,6.97,8.57,5.55,7.24,9.26,6.36,8.01,10.26
2049-01-01,58.46,-116.79,5.78,7.02,8.58,6.09,7.88,9.39,6.51,8.11,9.56
2050-01-01,58.46,-116.79,4.90,7.02,8.57,6.14,7.44,9.61,6.96,8.31,9.49
2051-01-01,58.46,-116.79,5.33,6.99,8.25,6.32,7.89,8.94,6.83,7.97,9.54
2052-01-01,58.46,-116.79,5.39,6.71,9.06,7.06,7.92,9.01,6.27,8.44,9.58
2053-01-01,58.46,-116.79,5.68,6.63,8.25,5.94,8.21,9.06,6.79,8.64,10.15
2054-01-01,58.46,-116.79,5.80,6.95,8.29,6.13,7.47,9.37,6.61,8.05,9.79
2055-01-01,58.46,-116.79,5.91,7.73,9.10,6.34,7.75,9.57,7.39,9.01,11.08
2056-01-01,58.46,-116.79,6.37,7.56,9.36,6.92,8.01,9.40,7.53,9.15,10.68
2057-01-01,58.46,-116.79,5.87,7.05,8.41,5.89,7.62,9.08,6.77,9.14,10.32
2058-01-01,58.46,-116.79,5.06,7.07,8.80,6.33,8.30,9.98,7.71,9.16,11.09
2059-01-01,58.46,-116.79,5.64,6.95,9.06,6.28,7.98,9.40,7.01,8.56,11.47
2060-01-01,58.46,-116.79,6.51,7.58,9.36,6.30,8.11,10.26,6.64,9.08,11.69
2061-01-01,58.46,-116.79,5.81,7.27,9.55,6.31,7.73,9.48,7.36,8.74,10.93
2062-01-01,58.46,-116.79,5.64,7.36,9.90,5.89,8.04,10.28,7.39,8.91,11.04
2063-01-01,58.46,-116.79,5.19,6.79,8.31,6.26,8.05,10.82,7.73,9.75,11.85
2064-01-01,58.46,-116.79,5.39,6.82,9.54,6.86,8.40,10.07,7.61,9.24,11.26
2065-01-01,58.46,-116.79,5.58,7.22,8.64,6.56,8.09,9.92,7.19,9.16,11.27
2066-01-01,58.46,-116.79,5.68,7.33,8.38,7.17,8.68,10.03,6.83,9.68,12.47
2067-01-01,58.46,-116.79,5.31,6.80,8.31,7.15,8.23,10.53,7.85,9.69,12.71
2068-01-01,58.46,-116.79,5.94,7.02,9.14,6.28,8.22,10.87,7.97,9.70,12.35
2069-01-01,58.46,-116.79,5.55,6.87,8.93,6.23,8.31,9.81,9.00,10.16,11.62
2070-01-01,58.46,-116.79,6.09,7.45,9.14,7.16,8.16,9.06,7.73,9.64,12.26
2071-01-01,58.46,-116.79,5.65,6.84,9.74,6.24,8.73,9.42,7.71,9.64,11.65
2072-01-01,58.46,-116.79,5.29,7.02,8.18,6.68,8.49,10.29,7.77,9.62,12.05
2073-01-01,58.46,-116.79,5.26,6.59,8.84,5.91,8.66,10.59,7.64,10.35,11.92
2074-01-01,58.46,-116.79,5.99,7.42,8.42,6.17,8.25,9.13,7.93,9.98,12.34
2075-01-01,58.46,-116.79,5.87,7.27,9.40,7.03,8.21,9.64,8.55,10.18,11.93
2076-01-01,58.46,-116.79,6.27,7.63,9.71,6.36,8.11,9.79,8.79,10.36,11.88
2077-01-01,58.46,-116.79,5.11,6.55,8.01,6.82,8.11,9.61,8.49,10.82,12.46
2078-01-01,58.46,-116.79,5.27,6.90,8.87,6.76,8.39,10.70,8.41,10.82,13.12
2079-01-01,58.46,-116.79,5.52,7.69,8.71,6.22,8.37,10.40,8.79,10.36,12.55
2080-01-01,58.46,-116.79,5.55,7.13,8.93,6.58,8.50,9.69,8.44,10.50,12.44
2081-01-01,58.46,-116.79,5.51,6.93,8.30,7.01,8.76,10.72,8.45,10.65,13.24
2082-01-01,58.46,-116.79,6.25,7.64,8.54,6.51,8.45,10.26,9.09,11.15,13.55
2083-01-01,58.46,-116.79,4.95,7.42,9.06,6.83,8.53,10.17,8.59,11.25,13.20
2084-01-01,58.46,-116.79,5.68,7.33,8.61,7.00,9.03,10.76,8.70,11.06,12.46
2085-01-01,58.46,-116.79,5.72,7.35,9.41,6.11,8.42,10.35,8.59,11.12,13.19
2086-01-01,58.46,-116.79,6.21,7.31,8.94,6.78,8.24,10.48,8.42,10.81,13.11
2087-01-01,58.46,-116.79,5.84,6.89,9.27,5.71,8.02,10.18,8.57,11.17,12.43
2088-01-01,58.46,-116.79,6.45,7.36,8.76,6.25,8.42,10.46,8.91,11.06,12.40
2089-01-01,58.46,-116.79,5.87,7.83,9.18,6.79,9.12,10.77,9.18,11.22,13.47
2090-01-01,58.46,-116.79,5.09,7.30,8.58,7.82,9.10,10.64,8.68,11.05,13.54
2091-01-01,58.46,-116.79,5.89,6.83,8.83,7.13,8.20,10.15,9.47,11.06,14.53
2092-01-01,58.46,-116.79,5.57,6.89,9.10,6.75,7.98,10.68,9.01,11.38,13.21
2093-01-01,58.46,-116.79,5.71,7.05,9.25,6.24,8.23,9.86,9.00,11.90,13.67
2094-01-01,58.46,-116.79,5.64,7.31,8.64,6.54,8.66,9.74,9.56,11.57,13.37
2095-01-01,58.46,-116.79,5.50,7.14,8.98,7.59,8.64,10.24,9.08,11.23,14.14
2096-01-01,58.46,-116.79,5.57,7.18,9.07,7.57,8.97,10.26,9.21,12.00,14.49
2097-01-01,58.46,-116.79,6.12,7.65,9.07,6.53,8.49,11.28,10.71,11.86,13.81
2098-01-01,58.46,-116.79,4.97,6.72,8.39,6.72,8.54,10.70,10.03,12.43,15.18
2099-01-01,58.46,-116.79,5.34,7.81,8.91,7.13,8.71,10.52,9.55,12.28,15.03
2100-01-01,58.46,-116.79,6.02,7.69,8.75,7.02,8.79,10.81,9.87,11.89,14.20
1950-01-01,58.46,-115.38,3.23,5.61,7.01,3.23,5.61,7.01,3.23,5.61,7.01
1951-01-01,58.46,-115.38,3.45,5.14,6.47,3.45,5.14,6.47,3.45,5.14,6.47
1952-01-01,58.46,-115.38,3.39,4.43,6.29,3.39,4.43,6.29,3.39,4.43,6.29
1953-01-01,58.46,-115.38,3.07,4.48,6.10,3.07,4.48,6.10,3.07,4.48,6.10
1954-01-01,58.46,-115.38,3.83,5.17,6.40,3.83,5.17,6.40,3.84,5.17,6.40
1955-01-01,58.46,-115.38,3.18,4.86,6.26,3.18,4.86,6.26,3.18,4.86,6.26
1956-01-01,58.46,-115.38,3.74,5.17,6.29,3.74,5.17,6.29,3.74,5.17,6.30
1957-01-01,58.46,-115.38,2.75,4.48,5.99,2.75,4.48,5.99,2.75,4.48,5.99
1958-01-01,58.46,-115.38,3.49,4.66,5.78,3.49,4.66,5.78,3.49,4.66,5.78
1959-01-01,58.46,-115.38,2.79,4.78,6.26,2.79,4.78,6.26,2.79,4.78,6.26
1960-01-01,58.46,-115.38,3.55,5.00,5.60,3.55,5.00,5.60,3.55,5.00,5.60
1961-01-01,58.46,-115.38,2.96,5.24,6.76,2.96,5.24,6.76,2.97,5.24,6.76
1962-01-01,58.46,-115.38,2.68,4.56,5.77,2.68,4.56,5.77,2.68,4.56,5.77
1963-01-01,58.46,-115.38,3.51,4.75,5.58,3.51,4.75,5.58,3.51,4.75,5.58
1964-01-01,58.46,-115.38,2.22,4.11,5.55,2.22,4.11,5.55,2.22,4.11,5.55
1965-01-01,58.46,-115.38,3.67,4.29,5.92,3.67,4.29,5.92,3.67,4.29,5.92
1966-01-01,58.46,-115.38,3.32,4.61,6.13,3.32,4.61,6.13,3.32,4.61,6.13
1967-01-01,58.46,-115.38,3.40,5.13,6.19,3.40,5.13,6.19,3.40,5.13,6.19
1968-01-01,58.46,-115.38,3.54,4.35,5.26,3.54,4.35,5.26,3.54,4.35,5.26
1969-01-01,58.46,-115.38,2.31,4.44,5.61,2.31,4.44,5.61,2.31,4.44,5.61
1970-01-01,58.46,-115.38,3.59,5.17,6.74,3.59,5.17,6.74,3.59,5.17,6.74
1971-01-01,58.46,-115.38,3.54,4.72,6.46,3.54,4.72,6.46,3.54,4.72,6.46
1972-01-01,58.46,-115.38,3.50,4.78,5.72,3.50,4.78,5.72,3.50,4.78,5.72
1973-01-01,58.46,-115.38,3.04,4.75,6.42,3.04,4.75,6.42,3.04,4.75,6.42
1974-01-01,58.46,-115.38,2.71,4.88,5.97,2.71,4.88,5.97,2.71,4.88,5.97
1975-01-01,58.46,-115.38,3.41,4.91,5.95,3.41,4.91,5.95,3.41,4.91,5.95
1976-01-01,58.46,-115.38,3.29,4.68,6.45,3.29,4.68,6.45,3.29,4.68,6.45
1977-01-01,58.46,-115.38,3.91,5.03,6.19,3.91,5.03,6.19,3.91,5.03,6.19
1978-01-01,58.46,-115.38,4.34,5.23,5.82,4.34,5.23,5.82,4.34,5.23,5.82
1979-01-01,58.46,-115.38,3.33,5.42,6.43,3.33,5.42,6.43,3.33,5.42,6.43
1980-01-01,58.46,-115.38,2.90,4.67,5.90,2.92,4.67,5.91,2.92,4.68,5.93
1981-01-01,58.46,-115.38,3.31,5.07,5.72,3.32,5.07,5.70,3.32,5.07,5.70
1982-01-01,58.46,-115.38,2.90,4.39,5.88,2.89,4.38,5.90,2.90,4.41,5.89
1983-01-01,58.46,-115.38,2.73,4.60,5.73,2.75,4.56,5.73,2.72,4.59,5.72
1984-01-01,58.46,-115.38,3.88,5.33,6.53,3.85,5.33,6.51,3.87,5.32,6.50
1985-01-01,58.46,-115.38,3.86,4.97,5.76,3.86,4.95,5.78,3.88,4.95,5.79
1986-01-01,58.46,-115.38,3.32,4.45,6.57,3.32,4.44,6.57,3.31,4.47,6.58
1987-01-01,58.46,-115.38,3.68,4.98,6.13,3.67,4.97,6.13,3.68,4.98,6.15
1988-01-01,58.46,-115.38,3.41,5.39,6.45,3.41,5.38,6.45,3.39,5.37,6.47
1989-01-01,58.46,-115.38,3.70,4.80,6.78,3.72,4.79,6.79,3.71,4.80,6.79
1990-01-01,58.46,-115.38,3.58,4.51,6.74,3.58,4.49,6.75,3.58,4.47,6.77
1991-01-01,58.46,-115.38,3.53,4.62,6.16,3.54,4.63,6.17,3.55,4.61,6.16
1992-01-01,58.46,-115.38,3.16,4.94,6.21,3.17,4.92,6.20,3.17,4.96,6.20
1993-01-01,58.46,-115.38,4.02,5.24,6.54,4.01,5.27,6.54,4.01,5.26,6.54
1994-01-01,58.46,-115.38,3.71,5.18,6.93,3.72,5.17,6.92,3.72,5.17,6.93
1995-01-01,58.46,-115.38,3.99,4.96,6.03,3.99,4.96,6.02,3.99,4.96,6.04
1996-01-01,58.46,-115.38,3.46,4.79,6.77,3.45,4.78,6.76,3.43,4.74,6.76
1997-01-01,58.46,-115.38,3.85,5.32,6.75,3.87,5.28,6.75,3.85,5.28,6.76
1998-01-01,58.46,-115.38,4.13,5.00,6.58,4.12,5.00,6.59,4.13,5.00,6.59
1999-01-01,58.46,-115.38,4.32,5.08,6.53,4.32,5.05,6.57,4.31,5.08,6.55
2000-01-01,58.46,-115.38,3.95,5.36,6.96,3.93,5.37,6.95,3.93,5.37,6.95
2001-01-01,58.46,-115.38,4.00,5.18,6.75,3.99,5.20,6.75,4.00,5.19,6.77
2002-01-01,58.46,-115.38,4.13,5.28,6.76,4.13,5.30,6.76,4.14,5.31,6.77
2003-01-01,58.46,-115.38,4.03,5.28,7.41,4.03,5.26,7.42,4.02,5.26,7.40
2004-01-01,58.46,-115.38,4.42,5.42,7.18,4.43,5.39,7.19,4.44,5.40,7.18
2005-01-01,58.46,-115.38,4.40,5.58,6.15,4.40,5.60,6.16,4.40,5.57,6.17
2006-01-01,58.46,-115.38,4.44,5.78,7.37,4.88,6.12,7.93,4.47,5.89,7.24
2007-01-01,58.46,-115.38,4.22,6.15,7.19,4.62,5.34,7.16,4.34,6.16,7.46
2008-01-01,58.46,-115.38,4.67,5.63,7.27,4.11,5.28,7.52,3.84,5.65,7.37
2009-01-01,58.46,-115.38,4.16,5.99,7.72,4.34,5.98,7.06,4.52,6.10,7.29
2010-01-01,58.46,-115.38,4.70,5.77,7.08,4.34,5.52,7.87,4.06,5.96,7.61
2011-01-01,58.46,-115.38,3.91,5.92,7.84,4.44,5.97,7.36,4.29,5.50,7.44
2012-01-01,58.46,-115.38,4.63,6.26,7.22,4.60,5.45,7.09,4.31,5.85,7.55
2013-01-01,58.46,-115.38,4.25,6.12,7.57,4.70,5.40,7.24,4.43,5.70,6.81
2014-01-01,58.46,-115.38,4.32,5.83,7.30,4.54,6.18,7.77,4.60,6.08,7.97
2015-01-01,58.46,-115.38,4.97,6.29,7.13,4.84,6.13,7.66,5.07,6.18,7.88
2016-01-01,58.46,-115.38,4.24,6.49,8.99,4.26,5.52,6.98,5.07,6.26,7.57
2017-01-01,58.46,-115.38,4.23,6.10,7.01,4.72,5.81,7.61,4.89,7.09,8.14
2018-01-01,58.46,-115.38,4.67,6.57,7.74,4.55,6.11,7.45,4.62,6.33,7.54
2019-01-01,58.46,-115.38,5.26,6.15,7.54,4.76,6.03,7.81,5.20,6.41,7.66
2020-01-01,58.46,-115.38,4.43,6.23,7.47,4.51,5.69,7.27,4.98,6.49,8.06
2021-01-01,58.46,-115.38,4.76,6.61,7.51,5.30,6.36,7.87,5.24,6.33,7.60
2022-01-01,58.46,-115.38,5.15,6.36,7.77,4.21,6.03,7.39,5.31,6.78,8.34
2023-01-01,58.46,-115.38,5.27,6.61,7.99,4.07,6.93,7.86,5.31,7.11,8.41
2024-01-01,58.46,-115.38,4.73,6.49,7.81,5.67,6.95,8.19,5.10,6.28,7.29
2025-01-01,58.46,-115.38,4.53,5.83,7.59,5.14,6.20,7.76,4.95,6.46,8.35
2026-01-01,58.46,-115.38,4.72,6.73,7.75,5.12,6.67,7.77,5.56,6.70,7.86
2027-01-01,58.46,-115.38,4.84,6.86,8.26,5.13,6.40,8.06,4.98,6.72,8.52
2028-01-01,58.46,-115.38,5.22,6.89,8.05,4.91,6.62,8.50,5.72,6.98,8.73
2029-01-01,58.46,-115.38,5.36,6.85,8.41,4.33,5.85,7.95,5.79,6.85,8.27
2030-01-01,58.46,-115.38,5.17,6.70,8.18,5.67,6.29,7.75,5.42,6.97,8.20
2031-01-01,58.46,-115.38,4.67,6.06,7.94,4.87,6.64,8.58,4.96,6.74,7.98
2032-01-01,58.46,-115.38,4.91,6.70,8.07,4.88,6.40,8.54,5.36,6.96,8.42
2033-01-01,58.46,-115.38,5.07,6.51,7.58,5.13,6.69,8.60,5.92,6.84,9.31
2034-01-01,58.46,-115.38,5.76,7.07,8.26,5.50,7.01,8.27,6.16,6.87,9.17
2035-01-01,58.46,-115.38,5.07,5.80,8.20,5.16,6.66,8.00,5.98,7.52,9.23
2036-01-01,58.46,-115.38,4.92,7.18,8.24,5.48,6.55,8.08,5.09,6.67,8.01
2037-01-01,58.46,-115.38,4.84,6.78,8.03,6.03,7.34,9.28,6.14,7.34,9.64
2038-01-01,58.46,-115.38,5.26,6.55,8.29,5.51,7.05,9.04,6.04,7.28,9.22
2039-01-01,58.46,-115.38,5.10,6.53,9.07,5.41,6.81,8.84,4.85,7.09,8.56
2040-01-01,58.46,-115.38,5.63,6.97,9.45,5.61,6.96,8.48,4.97,7.15,9.32
2041-01-01,58.46,-115.38,4.96,7.03,8.77,6.13,7.13,8.36,6.29,7.59,8.72
2042-01-01,58.46,-115.38,5.38,6.55,8.83,5.90,6.96,8.10,6.14,7.14,9.68
2043-01-01,58.46,-115.38,5.95,6.67,8.29,5.52,7.44,9.69,5.68,7.55,9.58
2044-01-01,58.46,-115.38,5.58,6.56,8.20,6.48,7.69,9.22,5.99,7.75,9.21
2045-01-01,58.46,-115.38,5.90,6.69,8.23,5.70,7.78,9.27,6.30,7.37,8.70
2046-01-01,58.46,-115.38,5.42,7.01,8.41,5.52,6.79,8.68,6.46,7.61,9.07
2047-01-01,58.46,-115.38,5.42,6.86,8.72,6.47,7.30,9.23,6.08,7.88,8.96
2048-01-01,58.46,-115.38,5.30,6.79,8.40,5.31,7.01,8.96,6.21,7.87,10.02
2049-01-01,58.46,-115.38,5.70,6.96,8.34,5.92,7.77,9.09,6.45,8.03,9.49
2050-01-01,58.46,-115.38,4.75,6.91,8.41,6.03,7.23,9.32,6.81,8.22,9.34
2051-01-01,58.46,-115.38,5.15,6.93,8.04,6.19,7.66,8.75,6.62,7.83,9.42
2052-01-01,58.46,-115.38,5.31,6.55,9.01,6.88,7.72,8.88,5.95,8.07,9.52
2053-01-01,58.46,-115.38,5.53,6.47,8.11,5.84,7.88,8.89,6.64,8.54,10.08
2054-01-01,58.46,-115.38,5.61,6.74,8.24,5.93,7.32,9.26,6.27,8.01,9.61
2055-01-01,58.46,-115.38,5.79,7.61,8.85,6.28,7.58,9.38,7.23,8.94,10.88
2056-01-01,58.46,-115.38,6.16,7.45,9.19,6.79,7.80,9.20,7.48,9.01,10.55
2057-01-01,58.46,-115.38,5.69,6.86,8.23,5.74,7.44,8.84,6.55,9.01,10.17
2058-01-01,58.46,-115.38,4.92,6.97,8.73,6.21,8.15,9.73,7.67,9.11,10.82
2059-01-01,58.46,-115.38,5.46,6.82,8.95,6.11,7.81,9.23,6.90,8.54,11.38
2060-01-01,58.46,-115.38,6.27,7.39,9.18,6.15,8.05,10.07,6.57,8.73,11.58
2061-01-01,58.46,-115.38,5.54,7.20,9.31,6.20,7.48,9.27,7.31,8.62,10.78
2062-01-01,58.46,-115.38,5.59,7.25,9.77,5.79,7.86,10.12,7.20,8.74,10.85
2063-01-01,58.46,-115.38,5.01,6.64,8.13,6.11,7.76,10.59,7.69,9.68,11.81
2064-01-01,58.46,-115.38,5.26,6.68,9.28,6.77,8.27,9.74,7.42,9.13,11.19
2065-01-01,58.46,-115.38,5.41,7.04,8.49,6.44,7.99,9.77,7.14,9.04,11.10
2066-01-01,58.46,-115.38,5.60,7.22,8.28,7.03,8.47,9.92,6.71,9.54,12.33
2067-01-01,58.46,-115.38,5.15,6.74,8.17,7.12,7.95,10.17,7.82,9.48,12.58
2068-01-01,58.46,-115.38,5.69,6.87,9.00,6.11,8.04,10.69,7.87,9.54,12.14
2069-01-01,58.46,-115.38,5.50,6.73,8.82,6.04,8.18,9.51,8.76,10.01,11.59
2070-01-01,58.46,-115.38,5.84,7.24,8.98,7.05,8.03,8.99,7.66,9.46,12.22
2071-01-01,58.46,-115.38,5.54,6.69,9.53,6.23,8.51,9.52,7.59,9.58,11.64
2072-01-01,58.46,-115.38,5.19,6.88,7.95,6.51,8.37,10.08,7.62,9.44,11.98
2073-01-01,58.46,-115.38,5.19,6.39,8.72,5.77,8.42,10.48,7.51,10.23,11.86
2074-01-01,58.46,-115.38,5.83,7.26,8.22,6.05,8.13,9.03,7.69,9.94,12.29
2075-01-01,58.46,-115.38,5.72,7.19,9.14,6.89,8.15,9.46,8.41,10.04,11.96
2076-01-01,58.46,-115.38,6.11,7.41,9.64,6.38,7.86,9.45,8.74,10.32,11.74
2077-01-01,58.46,-115.38,4.91,6.32,7.89,6.63,7.93,9.51,8.42,10.79,12.35
2078-01-01,58.46,-115.38,4.96,6.74,8.62,6.56,8.30,10.69,8.29,10.74,13.04
2079-01-01,58.46,-115.38,5.40,7.53,8.66,6.15,8.31,10.28,8.53,10.33,12.61
2080-01-01,58.46,-115.38,5.40,6.99,8.84,6.49,8.28,9.58,8.25,10.44,12.25
2081-01-01,58.46,-115.38,5.40,6.74,8.26,6.93,8.48,10.50,8.42,10.54,13.32
2082-01-01,58.46,-115.38,6.15,7.51,8.41,6.41,8.34,10.05,9.02,11.11,13.66
2083-01-01,58.46,-115.38,4.90,7.24,8.95,6.66,8.47,9.91,8.55,11.12,13.21
2084-01-01,58.46,-115.38,5.53,7.05,8.53,6.93,8.88,10.62,8.65,10.97,12.40
2085-01-01,58.46,-115.38,5.51,7.10,9.20,6.03,8.36,10.16,8.42,10.98,13.08
2086-01-01,58.46,-115.38,6.05,7.15,8.74,6.61,8.13,10.28,8.38,10.73,13.19
2087-01-01,58.46,-115.38,5.59,6.71,9.25,5.58,7.91,9.93,8.55,11.05,12.54
2088-01-01,58.46,-115.38,6.24,7.22,8.71,6.10,8.00,10.32,8.81,10.91,12.43
2089-01-01,58.46,-115.38,5.63,7.64,9.23,6.68,8.95,10.72,9.02,11.11,13.44
2090-01-01,58.46,-115.38,4.98,7.07,8.43,7.58,8.85,10.73,8.63,10.95,13.40
2091-01-01,58.46,-115.38,5.74,6.71,8.36,6.97,8.08,10.07,9.37,10.94,14.60
2092-01-01,58.46,-115.38,5.36,6.75,9.03,6.59,7.88,10.53,8.90,11.33,13.07
2093-01-01,58.46,-115.38,5.57,6.91,9.07,6.13,8.05,9.83,8.86,11.81,13.52
2094-01-01,58.46,-115.38,5.47,7.14,8.38,6.40,8.49,9.72,9.40,11.40,13.34
2095-01-01,58.46,-115.38,5.37,6.86,8.86,7.32,8.53,10.03,8.89,11.23,14.06
2096-01-01,58.46,-115.38,5.54,6.99,8.91,7.44,8.83,10.09,9.03,11.76,14.48
2097-01-01,58.46,-115.38,5.92,7.44,8.87,6.32,8.35,11.14,10.60,11.76,13.75
2098-01-01,58.46,-115.38,4.89,6.63,8.27,6.68,8.34,10.58,9.91,12.36,15.00
2099-01-01,58.46,-115.38,5.22,7.75,8.75,6.84,8.67,10.59,9.31,12.20,15.13
2100-01-01,58.46,-115.38,5.81,7.60,8.59,6.68,8.52,10.37,9.77,11.60,14.18
