time,lon,lat,rcp26_prcptot_p10,rcp26_prcptot_p50,rcp26_prcptot_p90,rcp45_prcptot_p10,rcp45_prcptot_p50,rcp45_prcptot_p90,rcp85_prcptot_p10,rcp85_prcptot_p50,rcp85_prcptot_p90
1950-01-01,-113.46,49.54,303.23,441.85,588.63,301.10,440.26,590.03,300.48,440.84,589.54
1951-01-01,-113.46,49.54,314.52,494.93,658.55,314.52,494.96,655.86,314.52,495.33,655.86
1952-01-01,-113.46,49.54,375.04,488.79,622.39,376.45,484.06,626.27,375.03,483.88,626.34
1953-01-01,-113.46,49.54,362.39,455.88,629.61,357.24,453.22,628.51,357.24,458.10,629.67
1954-01-01,-113.46,49.54,364.46,481.94,599.59,364.46,481.93,601.11,364.46,481.94,593.64
1955-01-01,-113.46,49.54,348.69,420.58,580.78,347.91,421.86,580.77,347.92,421.63,580.78
1956-01-01,-113.46,49.54,326.51,461.62,553.99,326.52,461.61,559.99,326.52,461.61,555.15
1957-01-01,-113.46,49.54,380.95,485.67,599.15,380.95,486.91,598.98,380.95,486.66,598.98
1958-01-01,-113.46,49.54,376.81,514.43,673.56,376.81,514.43,675.71,376.81,514.43,673.97
1959-01-01,-113.46,49.54,358.01,485.10,660.56,358.01,483.10,666.43,358.01,487.13,669.52
1960-01-01,-113.46,49.54,353.37,471.43,624.84,352.84,471.43,635.17,354.27,471.43,635.17
1961-01-01,-113.46,49.54,378.70,492.52,615.26,377.30,494.16,615.74,372.99,492.64,614.43
1962-01-01,-113.46,49.54,341.21,461.70,595.40,341.21,458.51,595.40,341.21,458.51,595.39
1963-01-01,-113.46,49.54,378.11,527.43,641.00,378.11,527.44,641.01,378.11,527.43,641.00
1964-01-01,-113.46,49.54,335.13,448.31,572.03,337.65,451.16,572.03,336.37,451.16,572.03
1965-01-01,-113.46,49.54,383.92,482.41,565.73,383.91,482.41,565.73,383.91,482.41,565.73
1966-01-01,-113.46,49.54,354.81,460.38,598.90,353.67,460.37,604.07,353.65,460.38,597.44
1967-01-01,-113.46,49.54,300.47,430.80,554.62,301.25,430.80,552.26,301.44,430.80,552.34
1968-01-01,-113.46,49.54,327.58,469.20,609.68,327.57,469.20,611.93,327.57,469.20,610.50
1969-01-01,-113.46,49.54,336.05,482.93,622.57,336.04,483.73,622.57,336.04,483.73,622.57
1970-01-01,-113.46,49.54,355.91,422.22,586.49,352.95,426.16,588.93,353.74,421.88,588.93
1971-01-01,-113.46,49.54,322.61,445.99,589.90,322.73,453.26,587.35,322.83,450.82,587.80
1972-01-01,-113.46,49.54,345.28,475.58,584.59,344.86,475.60,584.59,344.86,475.59,584.59
1973-01-01,-113.46,49.54,359.49,459.89,586.25,359.49,461.16,586.25,359.49,460.81,586.25
1974-01-01,-113.46,49.54,355.28,456.31,604.49,356.73,458.16,604.72,353.93,458.16,604.62
1975-01-01,-113.46,49.54,405.30,514.89,629.67,403.78,514.78,628.73,403.78,514.77,629.44
1976-01-01,-113.46,49.54,321.03,467.27,613.32,321.43,467.26,615.45,316.20,467.26,615.44
1977-01-01,-113.46,49.54,360.04,475.54,552.61,360.04,475.54,553.03,360.04,475.54,553.53
1978-01-01,-113.46,49.54,355.62,445.57,610.74,354.86,442.89,610.75,356.70,442.89,610.74
1979-01-01,-113.46,49.54,347.75,446.20,573.47,347.74,435.80,575.08,347.75,435.80,574.64
1980-01-01,-113.46,49.54,343.16,481.63,688.68,343.69,476.14,694.69,341.03,475.62,691.01
1981-01-01,-113.46,49.54,366.95,457.25,550.76,369.82,457.57,544.53,368.03,455.20,552.55
1982-01-01,-113.46,49.54,380.35,497.94,622.76,381.73,498.97,627.00,381.24,498.63,625.74
1983-01-01,-113.46,49.54,369.07,491.31,649.14,370.86,493.39,648.11,373.58,491.17,646.00
1984-01-01,-113.46,49.54,378.73,441.12,559.34,375.54,443.66,557.08,375.87,439.59,561.58
1985-01-01,-113.46,49.54,363.87,470.71,633.41,362.05,470.43,639.53,362.03,470.16,630.93
1986-01-01,-113.46,49.54,327.22,450.11,627.03,329.83,451.33,622.96,324.77,456.65,621.57
1987-01-01,-113.46,49.54,366.41,474.62,646.27,359.84,480.97,646.21,360.50,477.49,641.29
1988-01-01,-113.46,49.54,386.60,466.71,621.10,388.03,469.99,621.55,384.71,470.34,613.14
1989-01-01,-113.46,49.54,300.18,448.60,660.80,299.70,449.03,667.68,304.43,452.52,664.47
1990-01-01,-113.46,49.54,347.78,491.20,641.88,346.61,487.25,643.90,350.33,488.48,643.45
1991-01-01,-113.46,49.54,395.45,498.51,662.28,391.73,497.82,666.07,391.84,500.31,664.26
1992-01-01,-113.46,49.54,315.76,514.23,603.40,319.72,515.96,607.77,318.78,515.20,603.36
1993-01-01,-113.46,49.54,373.61,485.56,627.07,376.70,484.31,633.16,373.02,484.78,629.12
1994-01-01,-113.46,49.54,363.12,437.91,512.93,364.39,443.73,517.82,363.41,439.64,522.32
1995-01-01,-113.46,49.54,328.39,474.75,648.94,324.28,477.70,649.90,322.72,477.06,650.55
1996-01-01,-113.46,49.54,386.35,491.82,690.40,389.59,489.06,688.24,386.94,495.05,690.55
1997-01-01,-113.46,49.54,382.87,488.60,701.18,386.12,494.01,700.68,385.57,494.58,704.66
1998-01-01,-113.46,49.54,309.89,461.78,587.89,311.36,458.20,587.64,313.05,458.31,587.24
1999-01-01,-113.46,49.54,315.28,459.05,619.93,318.83,461.14,618.78,318.04,459.78,615.69
2000-01-01,-113.46,49.54,349.18,478.91,599.42,345.49,478.12,600.70,349.15,479.17,597.89
2001-01-01,-113.46,49.54,360.91,499.90,642.48,359.46,501.94,639.35,357.10,505.05,639.85
2002-01-01,-113.46,49.54,388.09,497.41,595.97,386.14,496.89,592.27,385.25,492.75,594.22
2003-01-01,-113.46,49.54,308.50,482.78,633.86,309.26,489.08,634.43,309.77,488.11,631.62
2004-01-01,-113.46,49.54,378.67,485.68,601.43,382.68,488.73,599.56,386.35,487.06,597.40
2005-01-01,-113.46,49.54,386.58,504.41,660.46,390.81,509.10,658.23,391.35,500.85,659.10
2006-01-01,-113.46,49.54,361.62,510.44,627.21,381.07,523.75,679.05,404.71,469.86,588.89
2007-01-01,-113.46,49.54,348.36,529.73,663.63,359.18,432.77,592.63,328.97,446.34,643.30
2008-01-01,-113.46,49.54,398.67,473.50,573.53,385.46,450.66,638.34,358.94,492.31,655.05
2009-01-01,-113.46,49.54,310.95,497.70,649.85,369.40,467.93,626.19,364.66,511.27,691.03
2010-01-01,-113.46,49.54,383.20,493.25,607.31,358.32,469.68,645.61,352.38,479.81,609.20
2011-01-01,-113.46,49.54,349.00,508.23,642.07,355.27,472.17,619.06,346.40,481.39,628.79
2012-01-01,-113.46,49.54,368.79,458.34,590.21,305.60,469.51,637.78,397.78,511.16,659.91
2013-01-01,-113.46,49.54,367.26,462.05,621.36,338.27,457.76,668.27,361.79,542.33,704.53
2014-01-01,-113.46,49.54,379.06,487.14,657.08,353.20,503.09,643.03,371.09,461.35,608.53
2015-01-01,-113.46,49.54,308.05,447.98,592.84,337.52,469.47,586.76,385.04,491.75,629.98
2016-01-01,-113.46,49.54,353.46,498.15,676.03,374.15,488.27,714.93,386.41,477.18,664.30
2017-01-01,-113.46,49.54,349.43,468.82,629.39,355.29,448.48,629.83,359.62,466.20,640.09
2018-01-01,-113.46,49.54,409.78,529.92,658.00,329.43,461.16,559.47,274.20,421.79,552.46
2019-01-01,-113.46,49.54,386.12,481.08,602.80,369.52,500.22,669.37,368.25,479.98,649.56
2020-01-01,-113.46,49.54,351.67,486.60,619.44,397.60,477.94,578.28,342.14,472.33,634.22
2021-01-01,-113.46,49.54,326.07,485.70,622.62,396.69,490.80,642.83,389.36,532.94,709.75
2022-01-01,-113.46,49.54,350.05,519.54,690.05,380.25,493.08,661.17,331.31,509.73,612.26
2023-01-01,-113.46,49.54,375.11,484.14,571.93,391.01,498.78,717.48,347.88,441.67,591.60
2024-01-01,-113.46,49.54,317.92,508.31,725.75,363.65,499.90,637.05,386.46,521.17,630.43
2025-01-01,-113.46,49.54,403.45,478.21,629.92,412.09,469.83,635.35,411.25,476.51,592.97
2026-01-01,-113.46,49.54,352.76,537.60,631.24,375.88,526.90,647.04,377.21,533.18,675.69
2027-01-01,-113.46,49.54,364.70,501.60,842.47,355.79,499.25,694.13,410.84,535.99,677.37
2028-01-01,-113.46,49.54,343.13,541.77,699.83,449.03,545.15,698.29,355.04,506.79,633.00
2029-01-01,-113.46,49.54,325.99,437.68,598.88,385.30,501.65,620.85,399.98,524.68,709.29
2030-01-01,-113.46,49.54,364.54,476.11,644.87,360.09,505.63,589.75,346.60,497.97,699.88
2031-01-01,-113.46,49.54,379.03,512.46,705.30,384.17,513.99,682.63,358.36,492.44,648.15
2032-01-01,-113.46,49.54,341.88,478.94,698.40,365.84,495.96,660.46,437.95,509.18,671.92
2033-01-01,-113.46,49.54,418.18,553.88,675.14,358.47,481.68,605.18,361.89,505.88,715.68
2034-01-01,-113.46,49.54,370.05,466.44,590.32,413.44,507.67,680.68,414.91,520.16,741.47
2035-01-01,-113.46,49.54,335.28,447.95,610.16,409.75,503.64,657.14,395.30,484.33,665.60
2036-01-01,-113.46,49.54,350.78,483.98,645.82,388.81,477.93,571.36,412.85,553.41,744.34
2037-01-01,-113.46,49.54,328.56,528.79,620.24,353.81,502.82,611.81,370.40,514.87,612.80
2038-01-01,-113.46,49.54,432.05,517.21,628.22,359.68,490.67,709.58,385.77,493.28,645.81
2039-01-01,-113.46,49.54,380.20,545.79,672.13,397.26,529.64,660.79,372.91,467.41,615.31
2040-01-01,-113.46,49.54,380.16,539.81,677.12,419.80,486.11,695.97,360.47,505.18,694.36
2041-01-01,-113.46,49.54,348.13,475.01,671.81,341.35,456.98,620.85,314.40,443.19,640.90
2042-01-01,-113.46,49.54,374.43,543.89,670.02,328.27,450.11,613.59,327.41,442.59,703.27
2043-01-01,-113.46,49.54,308.17,501.05,593.62,342.22,458.29,599.18,374.89,511.44,590.92
2044-01-01,-113.46,49.54,314.08,506.36,753.47,401.06,513.44,677.34,431.20,532.17,669.85
2045-01-01,-113.46,49.54,353.98,498.41,654.27,342.82,459.55,710.56,372.01,488.70,659.83
2046-01-01,-113.46,49.54,410.49,525.64,640.45,328.52,484.86,658.22,373.67,465.49,753.42
2047-01-01,-113.46,49.54,430.90,509.22,693.03,403.09,539.46,631.31,379.25,485.32,668.63
2048-01-01,-113.46,49.54,437.47,520.53,673.78,326.15,497.03,592.15,366.07,532.97,644.30
2049-01-01,-113.46,49.54,371.31,496.51,590.20,411.32,532.95,718.27,292.19,480.92,690.50
2050-01-01,-113.46,49.54,362.12,480.96,666.05,398.43,505.62,684.66,417.26,484.34,701.38
2051-01-01,-113.46,49.54,370.86,489.36,635.99,327.80,464.82,639.37,411.68,510.04,704.30
2052-01-01,-113.46,49.54,326.56,492.30,716.52,389.96,529.15,683.77,353.17,508.07,681.90
2053-01-01,-113.46,49.54,407.55,523.00,713.27,379.82,493.70,635.18,299.58,474.03,642.90
2054-01-01,-113.46,49.54,332.72,468.54,621.89,384.27,502.71,657.50,353.71,530.85,632.31
2055-01-01,-113.46,49.54,386.61,456.79,595.25,395.24,553.00,707.58,393.23,520.63,651.98
2056-01-01,-113.46,49.54,384.16,522.08,665.92,385.31,485.72,648.46,363.41,447.54,593.90
2057-01-01,-113.46,49.54,335.80,484.34,604.36,275.04,477.63,684.40,309.42,454.75,641.47
2058-01-01,-113.46,49.54,344.83,499.24,675.16,378.10,491.25,696.49,387.99,561.68,756.96
2059-01-01,-113.46,49.54,371.01,553.59,697.42,359.43,535.94,679.94,358.21,496.46,630.30
2060-01-01,-113.46,49.54,369.47,447.25,669.75,387.54,522.19,691.89,441.98,544.67,775.95
2061-01-01,-113.46,49.54,357.68,516.45,711.66,345.42,527.87,777.02,465.16,575.31,790.81
2062-01-01,-113.46,49.54,355.06,499.46,671.69,405.78,508.24,626.53,392.34,497.56,769.83
2063-01-01,-113.46,49.54,344.43,513.98,649.19,386.12,491.76,712.90,393.87,544.60,760.17
2064-01-01,-113.46,49.54,331.35,456.08,669.35,370.95,554.39,648.55,450.80,544.01,613.40
2065-01-01,-113.46,49.54,401.34,543.50,668.80,429.42,518.85,728.69,320.75,486.02,642.04
2066-01-01,-113.46,49.54,389.84,541.15,688.92,424.18,492.94,729.98,439.31,568.35,683.91
2067-01-01,-113.46,49.54,421.87,549.51,697.16,394.95,523.19,731.19,426.45,573.39,707.22
2068-01-01,-113.46,49.54,364.71,528.53,741.06,400.29,495.74,725.13,369.62,547.26,752.43
2069-01-01,-113.46,49.54,379.22,488.31,653.68,356.41,515.00,668.58,431.85,552.58,720.58
2070-01-01,-113.46,49.54,363.31,536.02,712.47,432.36,522.55,661.85,340.87,517.78,670.67
2071-01-01,-113.46,49.54,354.78,536.53,630.07,341.35,479.22,637.26,374.20,502.81,669.69
2072-01-01,-113.46,49.54,400.22,512.61,683.19,339.83,511.82,601.63,361.72,503.87,740.28
2073-01-01,-113.46,49.54,390.17,482.69,646.66,413.87,523.56,710.24,366.17,496.84,709.86
2074-01-01,-113.46,49.54,360.61,499.72,680.24,357.51,510.29,657.51,401.72,546.33,659.81
2075-01-01,-113.46,49.54,337.08,480.34,582.92,329.35,451.68,550.10,375.31,575.41,717.41
2076-01-01,-113.46,49.54,373.44,472.88,565.93,346.99,457.38,690.86,433.49,564.07,759.19
2077-01-01,-113.46,49.54,403.58,535.84,710.20,336.64,506.30,630.11,374.84,509.05,657.62
2078-01-01,-113.46,49.54,441.77,541.66,661.22,408.52,496.70,639.74,402.56,530.75,654.23
2079-01-01,-113.46,49.54,378.68,469.30,640.27,335.59,482.98,706.61,349.69,601.02,730.15
2080-01-01,-113.46,49.54,340.79,466.76,634.26,382.79,503.61,645.46,357.75,511.21,723.36
2081-01-01,-113.46,49.54,321.43,492.98,694.56,406.99,576.34,805.06,421.71,511.24,715.49
2082-01-01,-113.46,49.54,361.39,558.51,702.92,354.97,551.88,719.61,332.34,440.20,720.95
2083-01-01,-113.46,49.54,390.98,495.56,677.90,418.60,520.67,654.65,368.68,536.51,691.52
2084-01-01,-113.46,49.54,403.42,477.65,559.97,377.78,526.20,672.98,404.95,537.72,734.04
2085-01-01,-113.46,49.54,379.11,497.99,607.54,366.52,554.60,715.03,432.06,575.02,708.15
2086-01-01,-113.46,49.54,420.47,507.05,599.64,385.92,471.60,723.43,414.64,507.60,627.58
2087-01-01,-113.46,49.54,397.27,505.41,704.36,366.31,510.39,710.04,405.73,548.06,710.24
2088-01-01,-113.46,49.54,374.86,527.70,681.57,397.68,502.21,636.78,364.16,527.78,659.16
2089-01-01,-113.46,49.54,397.63,490.04,672.55,384.37,559.20,719.59,381.04,549.16,686.49
2090-01-01,-113.46,49.54,387.40,500.69,727.74,489.00,537.47,710.57,396.90,516.48,764.27
2091-01-01,-113.46,49.54,418.21,504.06,564.16,331.65,502.21,746.29,395.16,593.47,785.29
2092-01-01,-113.46,49.54,334.27,510.19,663.63,347.42,428.51,651.56,403.15,541.56,825.40
2093-01-01,-113.46,49.54,364.05,537.77,696.99,381.61,542.71,673.57,381.50,481.94,723.59
2094-01-01,-113.46,49.54,406.23,525.73,696.93,417.67,524.49,689.78,401.51,548.34,711.54
2095-01-01,-113.46,49.54,384.75,489.59,634.18,355.73,466.77,703.76,391.64,554.65,762.89
2096-01-01,-113.46,49.54,344.80,489.54,673.01,342.02,577.88,735.52,399.10,593.68,781.79
2097-01-01,-113.46,49.54,377.94,539.71,718.63,363.41,464.55,633.20,420.82,513.54,696.10
2098-01-01,-113.46,49.54,373.38,510.99,640.69,370.82,515.60,714.95,398.59,498.63,662.52
2099-01-01,-113.46,49.54,369.56,485.62,610.87,399.22,510.22,643.29,358.46,536.35,748.31
2100-01-01,-113.46,49.54,362.71,488.13,640.92,411.55,510.72,688.77,301.00,485.89,733.84
1950-01-01,-112.38,49.54,253.08,358.00,506.73,251.77,357.78,506.91,252.36,357.02,506.80
1951-01-01,-112.38,49.54,234.88,389.88,562.40,234.88,387.91,559.18,234.88,387.96,560.86
1952-01-01,-112.38,49.54,293.93,374.69,503.41,295.65,371.93,507.78,293.86,371.93,504.42
1953-01-01,-112.38,49.54,288.48,360.63,513.27,287.39,362.91,508.82,287.20,362.94,512.37
1954-01-01,-112.38,49.54,277.09,384.18,519.26,276.57,385.91,509.05,277.09,385.91,508.76
1955-01-01,-112.38,49.54,269.99,360.66,460.26,269.99,360.65,460.26,269.99,360.66,460.26
1956-01-01,-112.38,49.54,263.77,364.28,434.36,263.77,365.24,435.08,263.77,365.04,433.12
1957-01-01,-112.38,49.54,322.93,393.03,500.61,322.93,394.73,503.09,322.93,394.78,502.06
1958-01-01,-112.38,49.54,288.61,424.58,544.01,288.61,424.58,548.71,288.61,424.58,548.72
1959-01-01,-112.38,49.54,279.64,391.45,533.26,279.64,389.35,541.87,279.64,392.42,541.87
1960-01-01,-112.38,49.54,284.55,384.74,484.15,284.54,381.48,495.98,284.54,387.14,495.99
1961-01-01,-112.38,49.54,294.28,411.14,468.21,293.20,411.14,468.21,293.20,411.14,468.21
1962-01-01,-112.38,49.54,280.12,405.84,490.06,280.08,403.30,490.18,280.03,403.31,490.62
1963-01-01,-112.38,49.54,286.49,399.50,549.96,286.49,399.50,549.96,286.49,399.50,549.96
1964-01-01,-112.38,49.54,264.84,367.93,501.09,262.09,367.95,501.09,262.92,368.70,501.09
1965-01-01,-112.38,49.54,322.27,398.79,476.44,322.30,398.80,476.44,322.30,398.79,476.44
1966-01-01,-112.38,49.54,287.08,388.88,461.58,285.47,388.88,470.11,285.35,388.88,480.01
1967-01-01,-112.38,49.54,275.92,364.69,454.85,277.22,364.13,454.80,279.48,364.75,452.90
1968-01-01,-112.38,49.54,271.33,379.32,506.16,271.33,379.32,508.37,271.33,379.32,502.31
1969-01-01,-112.38,49.54,271.47,405.81,497.49,271.47,406.78,497.49,271.47,406.79,497.49
1970-01-01,-112.38,49.54,287.00,330.96,493.83,287.00,332.05,494.70,287.00,331.14,494.71
1971-01-01,-112.38,49.54,245.47,365.88,502.61,245.87,365.75,502.61,244.43,365.75,502.61
1972-01-01,-112.38,49.54,268.97,373.15,448.55,267.18,372.53,447.93,267.18,372.92,447.94
1973-01-01,-112.38,49.54,282.02,360.35,485.32,282.02,362.88,482.66,282.02,362.30,482.66
1974-01-01,-112.38,49.54,274.98,362.82,500.26,275.39,361.31,500.67,274.15,361.31,500.30
1975-01-01,-112.38,49.54,296.60,408.37,525.14,295.80,408.37,525.57,295.79,408.35,526.24
1976-01-01,-112.38,49.54,253.29,372.82,502.78,253.74,372.76,502.00,251.86,372.76,502.00
1977-01-01,-112.38,49.54,289.35,367.84,458.55,289.36,372.17,458.56,289.36,368.94,458.56
1978-01-01,-112.38,49.54,272.06,366.05,477.79,272.06,366.05,482.78,272.06,366.04,476.55
1979-01-01,-112.38,49.54,283.68,362.94,481.14,283.68,357.83,479.09,283.68,357.83,482.62
1980-01-01,-112.38,49.54,285.80,365.59,559.52,288.21,362.68,567.54,289.56,362.53,563.85
1981-01-01,-112.38,49.54,242.51,359.87,450.33,244.48,358.70,451.58,241.01,359.23,455.11
1982-01-01,-112.38,49.54,301.14,411.13,521.69,302.75,409.54,522.75,304.63,410.89,521.77
1983-01-01,-112.38,49.54,295.32,385.29,520.52,292.02,385.81,536.48,291.98,385.23,543.05
1984-01-01,-112.38,49.54,288.57,362.15,440.51,292.04,365.62,438.46,294.89,359.98,440.49
1985-01-01,-112.38,49.54,296.78,391.11,516.33,298.67,392.27,522.60,296.59,393.05,514.99
1986-01-01,-112.38,49.54,233.03,343.52,492.12,233.61,341.15,495.03,232.03,347.21,493.91
1987-01-01,-112.38,49.54,294.41,378.24,510.39,294.34,379.92,510.32,293.76,379.76,504.26
1988-01-01,-112.38,49.54,295.07,367.68,486.72,294.34,376.08,488.43,294.96,373.20,483.33
1989-01-01,-112.38,49.54,258.74,340.47,574.27,258.90,344.47,575.36,261.57,341.75,573.19
1990-01-01,-112.38,49.54,275.95,406.89,516.71,280.28,406.42,521.69,281.81,408.09,518.50
1991-01-01,-112.38,49.54,321.50,378.47,521.47,320.44,380.29,519.49,320.65,382.66,524.21
1992-01-01,-112.38,49.54,254.53,428.01,517.99,257.51,431.42,520.72,258.84,435.06,519.30
1993-01-01,-112.38,49.54,290.08,383.93,534.22,289.49,384.90,536.24,288.08,389.11,538.68
1994-01-01,-112.38,49.54,291.55,343.60,409.80,292.72,345.47,413.40,291.89,342.31,416.26
1995-01-01,-112.38,49.54,259.55,373.32,559.69,255.66,375.74,564.77,260.44,375.75,562.45
1996-01-01,-112.38,49.54,305.38,391.76,573.94,310.31,383.15,573.90,310.21,392.68,573.84
1997-01-01,-112.38,49.54,311.43,400.06,532.34,318.25,402.99,538.03,314.52,404.05,533.51
1998-01-01,-112.38,49.54,238.25,357.58,470.35,241.18,356.37,470.61,243.80,354.58,479.25
1999-01-01,-112.38,49.54,258.97,386.59,491.64,259.40,384.10,495.00,262.12,390.76,490.10
2000-01-01,-112.38,49.54,287.19,370.06,460.67,286.08,370.80,466.53,290.06,373.20,462.95
2001-01-01,-112.38,49.54,289.87,401.41,508.21,288.35,402.72,506.48,287.30,402.95,504.55
2002-01-01,-112.38,49.54,331.88,378.89,476.87,333.10,378.46,476.97,336.06,376.82,476.12
2003-01-01,-112.38,49.54,245.61,384.64,514.58,244.96,385.90,515.32,245.73,385.54,516.44
2004-01-01,-112.38,49.54,295.00,385.81,504.92,297.79,390.95,510.10,300.67,388.78,507.45
2005-01-01,-112.38,49.54,309.99,399.92,513.51,309.03,400.55,514.09,312.93,392.91,510.24
2006-01-01,-112.38,49.54,302.97,440.02,551.56,305.15,430.63,561.29,311.07,376.09,474.72
2007-01-01,-112.38,49.54,279.81,406.76,554.38,280.40,343.95,500.68,264.66,369.73,493.65
2008-01-01,-112.38,49.54,323.24,399.58,507.63,315.12,374.81,553.00,296.11,383.08,554.02
2009-01-01,-112.38,49.54,264.74,417.69,523.44,285.69,386.13,508.68,285.32,425.85,539.97
2010-01-01,-112.38,49.54,313.85,406.93,494.68,298.43,388.36,551.03,276.82,395.76,531.32
2011-01-01,-112.38,49.54,273.96,405.27,538.30,273.23,379.81,495.72,288.51,382.83,533.07
2012-01-01,-112.38,49.54,273.48,365.51,475.08,237.86,381.84,495.26,314.76,400.49,547.39
2013-01-01,-112.38,49.54,308.63,383.69,505.13,298.52,376.68,546.60,278.58,434.95,574.93
2014-01-01,-112.38,49.54,305.76,377.26,512.88,272.68,402.69,495.91,286.23,382.61,471.50
2015-01-01,-112.38,49.54,240.55,375.41,474.19,282.09,373.56,502.45,298.07,390.57,489.67
2016-01-01,-112.38,49.54,285.58,404.42,540.22,312.24,380.47,568.82,301.00,400.60,537.82
2017-01-01,-112.38,49.54,269.62,383.77,493.02,276.29,346.72,470.98,275.46,370.20,521.71
2018-01-01,-112.38,49.54,320.52,429.20,595.96,253.48,361.47,451.37,213.30,338.48,439.34
2019-01-01,-112.38,49.54,309.89,380.00,506.81,280.43,400.91,544.41,298.97,394.38,525.85
2020-01-01,-112.38,49.54,292.87,387.64,509.89,316.78,374.59,470.54,273.12,373.21,492.22
2021-01-01,-112.38,49.54,255.68,384.71,510.35,307.98,401.29,530.47,305.15,445.40,584.88
2022-01-01,-112.38,49.54,282.08,416.73,606.30,302.02,381.43,517.43,295.82,399.35,495.70
2023-01-01,-112.38,49.54,294.45,401.41,472.26,294.99,414.63,567.04,261.33,357.01,502.14
2024-01-01,-112.38,49.54,242.86,407.35,591.85,282.52,393.21,524.55,315.63,417.69,537.32
2025-01-01,-112.38,49.54,338.64,402.87,521.96,324.65,384.96,521.00,312.69,378.96,469.51
2026-01-01,-112.38,49.54,288.18,429.40,535.37,296.98,417.73,525.12,304.16,431.53,517.27
2027-01-01,-112.38,49.54,286.72,408.36,673.48,280.32,406.81,564.54,321.02,431.93,563.99
2028-01-01,-112.38,49.54,269.74,426.96,532.39,313.63,433.96,542.91,279.76,405.91,513.04
2029-01-01,-112.38,49.54,273.02,355.51,485.50,284.18,398.37,505.20,280.64,415.27,535.76
2030-01-01,-112.38,49.54,279.06,377.02,521.11,272.03,397.40,497.82,277.32,410.00,593.25
2031-01-01,-112.38,49.54,310.94,418.36,559.31,313.58,410.20,558.55,299.80,374.20,541.32
2032-01-01,-112.38,49.54,273.77,368.70,598.93,285.28,407.36,504.61,331.22,442.97,544.68
2033-01-01,-112.38,49.54,364.33,431.01,535.43,289.40,391.92,457.72,289.59,415.76,584.64
2034-01-01,-112.38,49.54,320.52,387.50,498.06,336.26,407.68,552.38,323.87,432.76,638.30
2035-01-01,-112.38,49.54,264.82,356.83,466.76,340.00,414.01,544.57,298.44,388.76,522.28
2036-01-01,-112.38,49.54,269.12,395.80,521.54,303.27,384.48,473.92,332.96,446.18,602.23
2037-01-01,-112.38,49.54,258.87,427.64,493.79,297.91,397.45,490.12,303.53,413.72,501.14
2038-01-01,-112.38,49.54,353.88,422.55,508.53,284.82,398.62,583.17,313.31,387.01,517.42
2039-01-01,-112.38,49.54,306.74,452.34,549.79,314.44,417.11,559.76,275.32,363.16,494.68
2040-01-01,-112.38,49.54,297.51,428.00,563.82,318.97,402.74,587.62,292.88,407.90,575.63
2041-01-01,-112.38,49.54,276.49,389.62,569.32,278.59,377.96,503.05,254.52,354.53,535.26
2042-01-01,-112.38,49.54,314.64,449.15,500.14,261.39,372.34,550.13,262.77,364.79,539.99
2043-01-01,-112.38,49.54,239.85,409.13,507.77,289.68,362.22,497.29,298.10,379.98,511.28
2044-01-01,-112.38,49.54,266.82,400.92,591.20,336.70,424.94,550.34,342.86,444.39,555.46
2045-01-01,-112.38,49.54,290.00,402.43,530.87,276.46,362.51,567.79,298.30,400.54,541.74
2046-01-01,-112.38,49.54,329.18,431.39,518.55,248.23,378.32,547.16,281.15,366.91,630.95
2047-01-01,-112.38,49.54,334.64,413.82,567.53,288.59,420.99,513.87,296.18,400.17,540.60
2048-01-01,-112.38,49.54,327.92,428.66,542.22,268.79,382.12,488.25,303.27,425.97,553.36
2049-01-01,-112.38,49.54,303.70,381.82,470.13,327.52,420.32,589.51,242.19,386.29,573.14
2050-01-01,-112.38,49.54,287.81,399.31,547.84,326.38,392.09,537.63,328.67,413.03,548.80
2051-01-01,-112.38,49.54,280.68,371.71,542.41,258.94,380.91,511.31,329.55,397.09,559.30
2052-01-01,-112.38,49.54,257.39,388.77,602.83,302.22,429.37,555.37,287.72,407.49,542.42
2053-01-01,-112.38,49.54,320.89,417.70,588.95,273.01,389.53,518.58,253.84,362.72,501.94
2054-01-01,-112.38,49.54,257.41,391.23,496.09,313.54,399.18,519.80,293.10,422.72,551.38
2055-01-01,-112.38,49.54,301.82,389.54,480.94,340.52,457.33,569.76,290.51,422.46,518.14
2056-01-01,-112.38,49.54,325.84,418.77,532.91,310.67,390.48,516.24,281.69,372.67,476.71
2057-01-01,-112.38,49.54,264.79,389.74,491.68,221.81,371.83,581.78,257.42,355.87,508.37
2058-01-01,-112.38,49.54,282.72,400.07,559.47,300.29,386.61,563.14,323.43,424.05,630.21
2059-01-01,-112.38,49.54,287.53,441.53,550.08,303.52,421.76,535.20,285.12,399.78,506.99
2060-01-01,-112.38,49.54,307.21,385.83,541.69,304.66,413.11,581.64,366.97,464.55,635.24
2061-01-01,-112.38,49.54,314.20,430.71,579.26,271.59,415.75,583.95,355.89,461.30,645.18
2062-01-01,-112.38,49.54,301.24,390.46,531.35,324.34,401.22,504.85,314.49,400.75,610.94
2063-01-01,-112.38,49.54,288.39,405.44,538.68,311.81,387.59,556.04,307.06,430.91,643.62
2064-01-01,-112.38,49.54,261.23,369.22,542.15,265.81,449.19,554.27,349.11,437.80,498.19
2065-01-01,-112.38,49.54,313.73,429.02,571.30,334.37,411.60,599.87,269.53,385.32,516.48
2066-01-01,-112.38,49.54,313.35,435.29,583.21,330.64,384.68,606.38,342.02,452.35,543.65
2067-01-01,-112.38,49.54,319.66,427.60,564.08,307.89,426.57,583.57,327.08,471.59,589.09
2068-01-01,-112.38,49.54,287.89,403.45,586.13,318.43,407.78,628.79,291.37,433.87,592.18
2069-01-01,-112.38,49.54,306.89,378.38,528.81,270.51,402.23,569.08,326.75,451.09,587.48
2070-01-01,-112.38,49.54,292.60,435.47,551.13,351.78,429.76,626.03,269.73,412.36,535.37
2071-01-01,-112.38,49.54,290.93,419.17,516.25,291.00,374.42,519.64,288.07,388.17,529.14
2072-01-01,-112.38,49.54,328.94,425.44,572.18,274.02,404.42,464.35,273.02,409.77,579.03
2073-01-01,-112.38,49.54,333.77,367.37,571.86,338.06,448.84,572.56,292.40,428.29,572.07
2074-01-01,-112.38,49.54,275.23,410.88,554.87,292.56,407.72,558.09,329.47,427.62,506.26
2075-01-01,-112.38,49.54,270.46,375.35,462.73,284.68,368.99,445.77,294.29,466.39,598.50
2076-01-01,-112.38,49.54,309.33,382.58,466.48,298.78,379.59,579.87,337.01,461.79,605.24
2077-01-01,-112.38,49.54,328.33,436.19,577.26,255.11,398.97,549.55,316.20,400.00,515.31
2078-01-01,-112.38,49.54,354.20,437.74,531.27,324.09,430.99,531.29,316.27,432.87,548.81
2079-01-01,-112.38,49.54,298.24,382.70,488.61,264.95,390.21,561.60,268.98,476.87,596.48
2080-01-01,-112.38,49.54,279.42,372.87,500.93,290.28,417.76,503.60,270.46,409.41,616.40
2081-01-01,-112.38,49.54,254.28,399.80,556.44,338.18,453.75,648.88,347.53,409.18,604.08
2082-01-01,-112.38,49.54,288.51,422.42,579.11,309.15,456.28,606.75,254.89,364.54,583.12
2083-01-01,-112.38,49.54,318.55,398.97,560.71,331.12,410.36,518.92,298.12,432.08,578.11
2084-01-01,-112.38,49.54,326.71,392.64,461.03,307.40,419.74,582.45,320.20,436.47,584.25
2085-01-01,-112.38,49.54,309.65,380.88,492.75,291.41,436.03,585.13,339.28,436.90,604.94
2086-01-01,-112.38,49.54,343.54,419.85,486.25,302.49,375.98,597.49,350.81,418.63,489.00
2087-01-01,-112.38,49.54,300.34,414.88,573.33,297.83,430.20,592.66,304.70,439.68,622.40
2088-01-01,-112.38,49.54,291.13,437.49,547.52,323.88,383.91,486.38,309.75,413.99,552.60
2089-01-01,-112.38,49.54,338.58,402.28,550.34,305.66,462.91,548.84,288.85,431.33,555.08
2090-01-01,-112.38,49.54,304.66,405.62,608.25,377.92,444.35,561.38,322.44,418.96,614.60
2091-01-01,-112.38,49.54,335.86,398.37,459.22,284.67,400.56,602.94,326.72,494.73,626.67
2092-01-01,-112.38,49.54,272.37,420.65,490.20,264.06,337.33,524.25,325.87,440.91,674.71
2093-01-01,-112.38,49.54,300.49,429.53,606.31,297.88,435.73,551.56,309.10,393.07,612.10
2094-01-01,-112.38,49.54,327.09,411.76,556.96,310.11,407.26,574.17,324.01,466.05,607.71
2095-01-01,-112.38,49.54,306.82,397.62,517.51,260.27,388.30,564.96,319.58,443.62,600.28
2096-01-01,-112.38,49.54,285.26,386.10,539.79,285.60,455.83,554.37,351.93,514.93,692.73
2097-01-01,-112.38,49.54,299.89,438.91,575.00,283.21,392.86,507.70,342.96,416.07,549.56
2098-01-01,-112.38,49.54,286.56,413.80,518.05,288.53,407.30,579.20,299.26,400.48,528.03
2099-01-01,-112.38,49.54,289.38,377.68,517.13,298.56,415.96,521.94,288.66,438.13,569.37
2100-01-01,-112.38,49.54,322.88,388.50,510.20,323.83,415.21,522.68,240.94,372.54,585.44
1950-01-01,-112.79,49.79,236.33,344.05,449.84,236.50,342.53,449.84,236.75,344.06,449.84
1951-01-01,-112.79,49.79,229.43,372.39,557.26,229.43,372.67,556.57,229.43,371.68,556.57
1952-01-01,-112.79,49.79,285.77,366.98,498.04,286.74,366.20,511.61,286.52,366.63,499.90
1953-01-01,-112.79,49.79,288.52,361.44,488.77,286.82,358.25,485.89,286.73,362.67,489.02
1954-01-01,-112.79,49.79,268.64,370.32,517.75,268.64,373.71,513.23,268.64,372.65,511.40
1955-01-01,-112.79,49.79,261.99,347.41,451.98,261.99,347.41,451.98,261.99,347.41,451.98
1956-01-01,-112.79,49.79,247.06,357.91,429.15,247.06,357.91,429.54,247.06,357.91,429.71
1957-01-01,-112.79,49.79,303.72,390.37,499.37,303.72,394.25,498.26,303.72,391.92,498.97
1958-01-01,-112.79,49.79,284.67,399.19,533.81,284.67,399.19,536.79,284.67,399.19,536.80
1959-01-01,-112.79,49.79,281.29,388.61,523.48,281.29,385.95,527.84,281.29,386.76,528.15
1960-01-01,-112.79,49.79,280.80,374.54,478.83,280.80,369.71,488.67,280.80,377.49,488.68
1961-01-01,-112.79,49.79,280.09,401.37,458.52,278.80,401.36,458.52,278.80,401.36,458.51
1962-01-01,-112.79,49.79,266.83,396.81,455.99,266.72,394.82,457.10,266.72,394.82,455.45
1963-01-01,-112.79,49.79,276.87,397.21,532.51,276.88,397.21,532.51,276.87,397.21,532.51
1964-01-01,-112.79,49.79,261.86,351.87,503.39,261.88,351.86,503.39,261.32,353.38,503.39
1965-01-01,-112.79,49.79,314.28,387.25,472.24,314.29,387.78,472.24,314.28,388.06,472.23
1966-01-01,-112.79,49.79,285.93,378.20,452.90,285.32,376.39,456.49,285.26,378.54,466.94
1967-01-01,-112.79,49.79,248.05,347.21,456.32,248.50,346.67,451.88,249.55,347.62,454.60
1968-01-01,-112.79,49.79,260.10,371.84,483.89,260.10,371.84,486.18,260.10,371.84,483.01
1969-01-01,-112.79,49.79,264.38,389.34,490.80,264.38,389.57,490.80,264.38,389.57,490.79
1970-01-01,-112.79,49.79,285.31,326.14,479.49,282.93,326.75,479.93,285.14,325.77,479.93
1971-01-01,-112.79,49.79,234.30,354.06,493.04,234.42,354.07,492.39,233.83,354.07,491.40
1972-01-01,-112.79,49.79,258.27,359.88,450.45,259.89,361.15,450.00,258.68,361.14,449.99
1973-01-01,-112.79,49.79,268.58,367.56,464.47,268.57,368.70,463.97,268.58,368.60,463.88
1974-01-01,-112.79,49.79,268.65,361.02,490.53,268.65,361.99,490.09,268.65,362.00,491.08
1975-01-01,-112.79,49.79,283.91,408.88,522.37,282.74,408.88,525.39,282.74,408.88,523.60
1976-01-01,-112.79,49.79,248.71,363.36,488.07,248.61,363.36,487.39,247.46,363.36,487.38
1977-01-01,-112.79,49.79,285.39,362.08,442.24,285.63,362.08,442.24,284.64,362.08,442.24
1978-01-01,-112.79,49.79,262.77,358.44,480.31,262.78,358.43,487.86,262.77,358.43,486.34
1979-01-01,-112.79,49.79,272.81,343.78,473.36,272.81,342.83,472.86,272.81,342.83,475.49
1980-01-01,-112.79,49.79,286.26,366.27,543.13,288.15,361.58,549.03,287.33,360.96,546.12
1981-01-01,-112.79,49.79,246.39,349.89,442.50,247.27,350.34,443.33,244.45,348.18,447.43
1982-01-01,-112.79,49.79,297.52,406.12,503.97,302.88,409.04,505.67,304.79,407.97,506.80
1983-01-01,-112.79,49.79,288.49,383.03,531.76,283.47,384.54,530.42,284.16,383.62,527.23
1984-01-01,-112.79,49.79,278.21,351.08,432.43,280.95,356.78,428.61,281.74,346.83,429.37
1985-01-01,-112.79,49.79,295.63,379.40,504.06,295.63,380.80,507.03,295.27,381.16,504.89
1986-01-01,-112.79,49.79,234.02,339.41,479.67,235.33,347.98,479.49,232.89,344.03,477.18
1987-01-01,-112.79,49.79,283.90,373.48,495.20,284.52,375.27,497.37,282.34,378.84,493.76
1988-01-01,-112.79,49.79,291.84,359.16,483.33,294.91,362.49,490.13,292.52,362.56,483.25
1989-01-01,-112.79,49.79,256.30,339.25,568.63,257.92,341.21,572.93,259.68,339.74,570.07
1990-01-01,-112.79,49.79,260.27,389.43,500.16,261.86,387.72,504.30,263.35,388.36,499.64
1991-01-01,-112.79,49.79,301.14,383.14,517.77,304.55,387.52,517.38,306.00,386.40,518.94
1992-01-01,-112.79,49.79,250.30,410.73,508.68,254.00,417.01,519.93,254.77,415.62,513.12
1993-01-01,-112.79,49.79,290.40,379.09,513.97,285.56,380.12,517.40,285.41,382.75,516.92
1994-01-01,-112.79,49.79,283.65,337.99,411.25,284.31,340.23,413.00,282.97,337.23,409.67
1995-01-01,-112.79,49.79,255.12,362.87,525.83,251.03,365.48,537.30,255.31,362.59,530.19
1996-01-01,-112.79,49.79,295.07,376.71,592.81,297.67,374.68,594.17,291.14,374.39,585.30
1997-01-01,-112.79,49.79,294.47,391.30,533.85,297.91,396.57,537.07,296.10,390.72,541.15
1998-01-01,-112.79,49.79,229.66,349.12,447.94,231.20,347.87,451.10,234.41,345.86,450.63
1999-01-01,-112.79,49.79,246.70,371.49,499.84,250.34,369.58,502.90,251.71,371.19,502.13
2000-01-01,-112.79,49.79,266.99,370.94,436.65,266.21,368.62,437.45,267.78,373.43,436.79
2001-01-01,-112.79,49.79,273.89,400.07,504.95,276.27,402.28,502.29,273.02,404.57,504.75
2002-01-01,-112.79,49.79,315.55,374.98,477.25,316.42,374.78,477.85,317.95,377.94,475.60
2003-01-01,-112.79,49.79,237.23,371.40,516.29,236.71,374.78,519.56,236.13,374.76,519.96
2004-01-01,-112.79,49.79,285.41,384.90,488.59,288.38,384.23,492.94,291.27,385.90,489.07
2005-01-01,-112.79,49.79,310.04,400.12,543.62,312.57,405.22,541.73,313.06,397.13,539.32
2006-01-01,-112.79,49.79,295.52,436.06,530.91,289.22,414.26,538.99,298.56,361.35,471.01
2007-01-01,-112.79,49.79,260.98,393.25,527.66,267.18,332.02,461.04,256.84,354.53,501.31
2008-01-01,-112.79,49.79,305.86,380.03,483.46,307.20,362.28,524.26,285.95,384.34,536.02
2009-01-01,-112.79,49.79,258.90,403.60,521.41,294.52,380.06,506.97,287.13,408.28,565.45
2010-01-01,-112.79,49.79,302.16,392.45,480.03,293.43,371.18,542.15,260.43,384.23,542.39
2011-01-01,-112.79,49.79,266.79,401.31,526.70,265.04,364.73,490.08,272.45,377.24,510.41
2012-01-01,-112.79,49.79,271.25,355.86,462.88,239.45,366.48,481.49,293.02,395.16,530.01
2013-01-01,-112.79,49.79,289.33,370.85,493.52,277.30,356.53,542.23,271.24,415.74,542.94
2014-01-01,-112.79,49.79,296.26,374.80,513.46,269.11,396.44,475.91,279.77,368.08,467.96
2015-01-01,-112.79,49.79,232.06,355.66,455.41,268.24,361.31,486.36,289.22,387.25,492.16
2016-01-01,-112.79,49.79,278.49,394.25,524.45,314.54,372.57,596.11,309.65,379.17,524.54
2017-01-01,-112.79,49.79,264.71,363.05,497.29,278.47,347.18,471.14,266.88,372.70,496.79
2018-01-01,-112.79,49.79,318.96,405.78,584.27,251.44,364.37,433.04,202.67,319.12,421.20
2019-01-01,-112.79,49.79,302.92,374.15,523.23,268.51,403.87,534.34,283.66,388.88,516.75
2020-01-01,-112.79,49.79,282.90,383.88,480.26,305.24,370.83,449.37,272.77,358.38,483.40
2021-01-01,-112.79,49.79,251.49,369.10,512.27,301.95,404.87,518.67,287.07,447.61,564.93
2022-01-01,-112.79,49.79,277.91,406.76,584.09,287.46,372.13,514.39,280.42,379.29,489.58
2023-01-01,-112.79,49.79,278.10,383.70,452.64,283.44,405.56,574.05,250.89,350.36,485.66
2024-01-01,-112.79,49.79,242.25,398.24,576.17,275.02,398.31,510.28,323.02,410.28,519.44
2025-01-01,-112.79,49.79,314.30,393.56,503.14,320.56,381.11,515.93,306.90,373.69,474.85
2026-01-01,-112.79,49.79,271.88,423.78,523.23,290.21,408.27,521.18,286.50,420.44,507.90
2027-01-01,-112.79,49.79,287.93,387.09,697.14,281.49,388.89,547.24,319.39,424.01,560.97
2028-01-01,-112.79,49.79,265.98,422.27,519.34,310.73,421.30,533.79,279.65,402.85,492.49
2029-01-01,-112.79,49.79,252.46,346.35,463.43,275.93,385.42,504.45,286.86,403.12,518.11
2030-01-01,-112.79,49.79,273.67,363.24,527.15,268.56,381.52,482.91,268.35,399.86,579.79
2031-01-01,-112.79,49.79,296.17,421.93,569.63,299.19,392.37,542.07,283.79,384.90,533.62
2032-01-01,-112.79,49.79,259.32,363.27,574.46,276.73,403.62,516.21,324.83,433.91,546.86
2033-01-01,-112.79,49.79,334.50,428.84,529.66,275.59,376.97,453.60,271.48,402.22,588.07
2034-01-01,-112.79,49.79,299.05,370.49,499.12,329.66,402.33,545.80,327.35,417.15,616.48
2035-01-01,-112.79,49.79,254.16,357.22,470.35,326.48,406.55,546.66,291.26,381.11,532.47
2036-01-01,-112.79,49.79,261.86,387.84,504.31,299.20,372.95,459.98,327.56,436.22,586.37
2037-01-01,-112.79,49.79,245.65,415.49,485.87,280.69,388.66,485.90,295.31,391.61,486.62
2038-01-01,-112.79,49.79,339.94,410.72,501.02,277.84,406.17,582.42,286.93,383.24,526.78
2039-01-01,-112.79,49.79,307.45,440.50,534.68,308.87,418.67,532.19,280.47,347.21,492.10
2040-01-01,-112.79,49.79,284.38,424.76,574.68,303.13,397.41,557.16,273.66,393.88,550.20
2041-01-01,-112.79,49.79,259.72,377.75,556.45,260.96,370.69,515.08,241.42,338.35,532.14
2042-01-01,-112.79,49.79,295.99,429.95,494.88,257.61,350.70,528.12,252.47,362.86,535.64
2043-01-01,-112.79,49.79,225.18,413.86,488.16,277.36,363.00,480.58,287.62,395.91,489.60
2044-01-01,-112.79,49.79,253.65,391.81,594.45,313.84,410.48,522.18,330.44,441.01,549.70
2045-01-01,-112.79,49.79,283.73,403.08,513.02,281.10,355.98,567.91,304.08,389.82,534.16
2046-01-01,-112.79,49.79,314.75,413.68,510.80,232.86,367.73,536.73,274.97,355.00,592.44
2047-01-01,-112.79,49.79,320.53,399.09,558.11,285.99,418.90,493.19,288.52,387.52,541.12
2048-01-01,-112.79,49.79,328.30,428.93,536.60,245.47,379.79,486.85,288.23,428.45,530.25
2049-01-01,-112.79,49.79,292.26,375.76,483.92,323.59,397.73,562.22,238.58,364.57,565.82
2050-01-01,-112.79,49.79,272.31,388.67,520.42,323.88,391.29,524.05,311.98,401.23,551.71
2051-01-01,-112.79,49.79,281.63,375.76,528.22,254.32,378.36,520.88,309.32,377.95,555.24
2052-01-01,-112.79,49.79,248.88,375.34,589.30,292.90,414.65,565.10,279.10,401.72,546.73
2053-01-01,-112.79,49.79,301.53,412.14,565.02,269.68,382.19,520.25,240.95,365.20,489.59
2054-01-01,-112.79,49.79,257.04,381.84,494.39,313.88,390.49,511.14,276.99,411.04,542.24
2055-01-01,-112.79,49.79,288.74,366.01,462.52,316.59,454.14,562.93,277.18,424.25,520.53
2056-01-01,-112.79,49.79,310.36,404.17,523.02,307.20,383.32,512.33,272.93,368.10,470.50
2057-01-01,-112.79,49.79,252.48,387.74,491.37,204.17,370.79,579.70,233.76,353.15,514.77
2058-01-01,-112.79,49.79,271.73,394.93,535.35,288.71,379.47,548.34,315.41,405.23,614.82
2059-01-01,-112.79,49.79,275.52,436.06,534.13,282.20,415.05,533.97,284.38,382.86,492.70
2060-01-01,-112.79,49.79,298.32,375.81,534.09,291.48,407.84,584.37,359.39,439.37,624.63
2061-01-01,-112.79,49.79,319.68,414.21,556.74,260.20,409.27,596.06,360.15,447.21,631.89
2062-01-01,-112.79,49.79,289.09,382.07,530.69,302.52,394.99,499.39,306.12,391.02,615.10
2063-01-01,-112.79,49.79,267.98,403.95,544.87,306.75,387.17,557.75,311.41,421.98,637.68
2064-01-01,-112.79,49.79,255.86,358.65,531.96,274.81,435.85,524.33,345.82,430.71,487.60
2065-01-01,-112.79,49.79,307.36,415.76,534.98,326.81,393.99,589.14,264.67,371.79,508.23
2066-01-01,-112.79,49.79,313.29,423.96,557.88,325.39,378.75,599.40,343.05,444.94,535.81
2067-01-01,-112.79,49.79,307.12,417.06,538.38,297.89,422.40,590.79,327.63,464.77,586.25
2068-01-01,-112.79,49.79,284.40,397.43,580.40,312.72,399.83,607.37,278.69,433.90,586.40
2069-01-01,-112.79,49.79,302.49,386.06,519.11,249.42,391.39,568.06,314.23,436.12,617.50
2070-01-01,-112.79,49.79,281.96,434.25,546.24,341.58,418.56,527.97,267.83,412.20,541.68
2071-01-01,-112.79,49.79,285.25,408.91,495.55,280.84,366.04,499.53,278.29,391.46,521.83
2072-01-01,-112.79,49.79,310.16,419.93,547.17,260.90,395.23,458.64,267.27,404.00,578.52
2073-01-01,-112.79,49.79,307.06,369.05,548.88,327.03,421.80,571.99,287.25,420.35,582.13
2074-01-01,-112.79,49.79,272.86,404.14,559.36,275.96,405.51,539.06,322.17,418.06,507.80
2075-01-01,-112.79,49.79,260.03,383.58,450.86,271.72,360.63,434.60,281.07,458.93,599.95
2076-01-01,-112.79,49.79,304.46,381.56,450.66,294.92,368.23,569.37,329.06,454.02,612.67
2077-01-01,-112.79,49.79,312.00,420.69,558.64,242.14,392.83,514.52,303.56,387.33,510.90
2078-01-01,-112.79,49.79,352.66,431.16,533.10,311.26,418.97,528.88,310.89,416.68,522.54
2079-01-01,-112.79,49.79,285.96,367.54,498.93,259.82,380.01,548.94,260.04,458.85,568.85
2080-01-01,-112.79,49.79,274.58,350.57,501.57,279.74,409.60,505.77,261.35,402.66,616.45
2081-01-01,-112.79,49.79,236.18,397.49,548.12,326.88,458.30,652.73,337.89,411.26,583.64
2082-01-01,-112.79,49.79,284.54,411.63,562.96,300.96,449.78,603.48,248.03,352.65,586.98
2083-01-01,-112.79,49.79,311.39,400.75,568.58,324.83,394.20,544.12,292.46,428.02,595.35
2084-01-01,-112.79,49.79,313.19,378.98,459.41,294.68,415.75,576.80,312.26,430.95,584.27
2085-01-01,-112.79,49.79,293.30,371.93,478.79,282.69,423.50,588.02,323.91,420.50,576.39
2086-01-01,-112.79,49.79,335.88,391.38,480.88,302.34,366.37,607.44,332.11,406.14,485.67
2087-01-01,-112.79,49.79,299.10,394.30,567.78,290.12,433.79,582.25,291.56,429.18,601.86
2088-01-01,-112.79,49.79,283.08,414.49,556.50,313.53,376.02,486.66,290.22,390.34,540.66
2089-01-01,-112.79,49.79,320.75,403.09,556.81,296.44,457.30,554.66,279.09,424.83,559.63
2090-01-01,-112.79,49.79,294.18,377.22,620.26,355.81,442.24,555.77,318.47,406.00,603.97
2091-01-01,-112.79,49.79,317.65,401.93,449.87,275.30,391.73,601.32,315.29,490.89,597.26
2092-01-01,-112.79,49.79,271.73,415.63,478.10,259.12,325.92,519.73,305.68,430.62,651.43
2093-01-01,-112.79,49.79,294.17,421.75,575.57,294.25,428.23,513.43,307.31,386.61,583.91
2094-01-01,-112.79,49.79,316.72,420.57,518.42,301.42,396.69,555.64,315.76,438.83,590.69
2095-01-01,-112.79,49.79,293.41,371.81,497.56,257.11,368.28,534.12,305.16,432.21,612.76
2096-01-01,-112.79,49.79,276.02,395.14,532.04,279.58,438.90,543.89,331.82,485.29,701.70
2097-01-01,-112.79,49.79,287.70,431.35,566.87,279.76,375.64,476.59,323.19,411.91,527.89
2098-01-01,-112.79,49.79,282.67,405.91,494.50,281.26,402.54,570.66,308.83,402.10,516.01
2099-01-01,-112.79,49.79,277.51,365.36,514.97,282.66,406.90,504.76,282.39,427.57,569.84
2100-01-01,-112.79,49.79,309.15,390.40,492.47,326.26,395.18,514.56,233.44,350.33,562.43
1950-01-01,-113.54,50.04,251.95,392.79,517.23,251.17,392.11,515.89,251.02,392.79,515.89
1951-01-01,-113.54,50.04,279.55,431.74,621.39,279.54,429.09,620.47,279.54,429.97,620.48
1952-01-01,-113.54,50.04,330.92,433.62,573.07,331.98,432.99,573.06,330.76,432.99,573.06
1953-01-01,-113.54,50.04,333.90,397.01,557.57,327.38,394.55,556.23,324.79,397.84,558.05
1954-01-01,-113.54,50.04,316.92,418.41,542.12,316.91,420.46,543.56,316.93,420.12,542.53
1955-01-01,-113.54,50.04,312.01,374.50,509.76,311.86,376.51,509.76,311.86,375.19,509.76
1956-01-01,-113.54,50.04,280.30,410.74,513.63,280.30,410.75,510.92,280.30,410.74,511.33
1957-01-01,-113.54,50.04,331.77,454.05,586.74,331.76,459.08,585.75,331.77,455.57,583.92
1958-01-01,-113.54,50.04,327.55,439.27,613.10,324.06,438.51,613.09,327.04,439.39,613.09
1959-01-01,-113.54,50.04,337.67,459.26,594.88,337.67,453.88,600.32,337.67,457.59,605.83
1960-01-01,-113.54,50.04,326.07,418.41,564.01,326.07,418.39,572.68,326.07,418.39,572.68
1961-01-01,-113.54,50.04,328.40,450.81,535.06,325.46,450.81,535.06,322.13,450.81,535.06
1962-01-01,-113.54,50.04,315.90,409.84,544.61,315.91,409.84,544.60,315.91,409.84,544.60
1963-01-01,-113.54,50.04,332.76,461.12,577.24,332.75,463.09,576.61,332.75,464.54,577.09
1964-01-01,-113.54,50.04,280.06,401.83,542.08,281.09,402.41,542.07,279.92,402.41,542.07
1965-01-01,-113.54,50.04,358.46,431.67,518.92,358.45,429.59,518.92,358.45,434.31,518.93
1966-01-01,-113.54,50.04,316.38,432.15,549.43,316.98,432.32,550.72,316.98,433.22,546.86
1967-01-01,-113.54,50.04,271.91,381.49,514.52,273.94,380.10,514.73,274.28,380.10,511.86
1968-01-01,-113.54,50.04,300.45,415.38,550.84,300.45,415.36,553.53,300.44,415.37,555.79
1969-01-01,-113.54,50.04,296.84,435.23,569.23,296.84,436.68,569.23,296.84,436.69,569.23
1970-01-01,-113.54,50.04,328.46,386.31,526.22,327.68,387.36,528.91,328.46,384.54,528.91
1971-01-01,-113.54,50.04,264.25,402.60,552.49,263.74,400.05,552.48,264.12,400.05,552.48
1972-01-01,-113.54,50.04,301.12,412.90,533.19,302.70,412.91,533.19,301.11,412.90,533.19
1973-01-01,-113.54,50.04,322.72,418.77,530.08,322.72,418.61,524.76,322.72,418.08,535.15
1974-01-01,-113.54,50.04,317.00,440.42,559.02,317.01,440.04,559.57,317.00,438.25,559.68
1975-01-01,-113.54,50.04,345.32,463.53,580.47,344.01,463.53,578.60,344.02,463.54,582.48
1976-01-01,-113.54,50.04,279.91,417.45,562.65,279.87,417.45,562.77,276.65,417.45,562.77
1977-01-01,-113.54,50.04,330.86,413.44,514.90,330.80,405.15,514.90,329.21,407.43,514.90
1978-01-01,-113.54,50.04,314.93,408.84,539.82,314.93,407.63,539.82,314.93,407.93,539.83
1979-01-01,-113.54,50.04,303.69,398.64,528.15,303.69,397.59,531.80,303.69,397.59,531.92
1980-01-01,-113.54,50.04,307.19,428.58,616.98,307.75,423.92,621.34,308.04,426.09,619.55
1981-01-01,-113.54,50.04,310.60,402.54,503.04,311.00,403.59,502.31,311.24,404.85,501.78
1982-01-01,-113.54,50.04,346.65,446.99,569.36,351.47,451.23,573.24,347.79,449.85,568.76
1983-01-01,-113.54,50.04,319.53,440.05,622.39,319.96,440.01,604.86,319.84,440.64,590.12
1984-01-01,-113.54,50.04,325.90,401.63,494.43,327.44,403.36,492.75,329.89,400.83,493.27
1985-01-01,-113.54,50.04,311.18,434.39,539.95,309.93,436.06,547.07,308.55,433.35,540.88
1986-01-01,-113.54,50.04,283.80,390.29,562.10,286.40,397.85,559.90,283.27,395.11,556.35
1987-01-01,-113.54,50.04,331.83,434.67,547.67,331.94,433.07,551.23,326.46,437.19,547.56
1988-01-01,-113.54,50.04,344.85,415.94,582.46,343.36,419.42,589.65,344.61,419.51,592.51
1989-01-01,-113.54,50.04,282.13,376.14,641.44,283.89,379.57,643.16,285.59,380.90,647.40
1990-01-01,-113.54,50.04,321.52,446.56,566.76,325.41,445.83,569.68,325.83,444.10,569.13
1991-01-01,-113.54,50.04,342.47,455.99,618.71,340.45,459.42,620.15,338.69,460.56,619.70
1992-01-01,-113.54,50.04,290.03,449.46,548.29,294.47,452.96,548.07,293.43,451.57,548.67
1993-01-01,-113.54,50.04,341.45,443.11,569.07,336.48,446.35,569.65,337.45,446.84,569.19
1994-01-01,-113.54,50.04,336.82,391.84,464.50,336.50,399.91,468.42,336.87,394.13,468.31
1995-01-01,-113.54,50.04,296.94,414.54,585.24,296.47,416.38,588.86,294.29,413.63,587.83
1996-01-01,-113.54,50.04,343.16,443.92,634.79,346.07,440.09,634.51,343.52,440.76,637.35
1997-01-01,-113.54,50.04,327.11,441.89,625.98,330.38,446.00,631.25,328.31,445.55,629.13
1998-01-01,-113.54,50.04,274.20,394.54,516.13,272.76,399.30,517.72,268.74,396.48,516.46
1999-01-01,-113.54,50.04,274.36,408.43,568.90,279.69,413.65,570.56,285.71,411.15,568.71
2000-01-01,-113.54,50.04,290.81,427.95,539.77,289.10,431.19,536.29,291.21,429.37,533.82
2001-01-01,-113.54,50.04,313.88,444.08,589.90,316.85,445.57,590.00,312.51,447.00,593.51
2002-01-01,-113.54,50.04,348.01,440.89,538.45,344.89,447.37,541.83,343.56,447.83,544.04
2003-01-01,-113.54,50.04,285.30,418.97,581.97,285.65,419.05,583.38,284.88,417.08,581.27
2004-01-01,-113.54,50.04,341.64,449.80,542.30,346.17,453.90,544.35,343.04,448.46,540.17
2005-01-01,-113.54,50.04,361.57,453.97,632.79,363.84,455.38,628.83,364.06,457.27,628.79
2006-01-01,-113.54,50.04,347.23,467.91,599.65,332.81,462.32,619.41,335.84,412.85,508.43
2007-01-01,-113.54,50.04,299.84,451.02,569.58,298.07,374.33,507.20,307.65,411.89,584.89
2008-01-01,-113.54,50.04,352.81,421.06,539.32,348.34,398.56,559.31,335.58,454.67,583.07
2009-01-01,-113.54,50.04,276.57,451.40,578.21,328.89,420.47,545.08,337.28,451.36,673.63
2010-01-01,-113.54,50.04,345.24,439.43,549.01,352.67,420.07,616.47,301.38,432.11,567.11
2011-01-01,-113.54,50.04,317.53,448.25,562.82,302.21,419.64,551.42,306.67,433.94,560.24
2012-01-01,-113.54,50.04,311.97,389.29,560.33,303.87,422.89,547.01,328.17,454.27,584.08
2013-01-01,-113.54,50.04,317.90,420.80,572.38,292.69,386.40,617.85,321.60,476.12,614.10
2014-01-01,-113.54,50.04,355.61,437.20,596.22,309.69,456.29,600.14,324.79,412.47,520.05
2015-01-01,-113.54,50.04,279.40,391.07,528.60,330.10,397.92,540.28,317.87,436.33,580.36
2016-01-01,-113.54,50.04,330.07,443.76,609.81,334.06,444.29,684.85,347.79,424.28,599.68
2017-01-01,-113.54,50.04,311.43,421.74,572.75,306.62,383.27,574.99,307.99,442.01,550.93
2018-01-01,-113.54,50.04,376.83,478.95,583.13,301.47,427.81,481.86,236.02,359.96,476.71
2019-01-01,-113.54,50.04,347.32,427.99,570.93,321.24,479.05,592.44,325.87,449.09,586.77
2020-01-01,-113.54,50.04,305.22,452.60,547.05,338.81,430.65,516.44,313.23,421.89,546.04
2021-01-01,-113.54,50.04,282.61,445.90,591.76,347.69,467.08,574.82,330.19,506.60,650.42
2022-01-01,-113.54,50.04,329.66,439.80,608.84,318.46,438.40,573.47,318.72,444.55,551.17
2023-01-01,-113.54,50.04,320.82,437.97,534.22,322.28,462.25,660.34,303.86,407.74,540.49
2024-01-01,-113.54,50.04,300.55,449.21,663.66,324.45,451.85,588.05,361.92,455.59,554.67
2025-01-01,-113.54,50.04,350.75,434.10,557.08,370.48,438.72,584.20,357.00,403.07,594.09
2026-01-01,-113.54,50.04,308.93,456.85,574.41,347.31,467.51,604.39,322.66,469.07,592.81
2027-01-01,-113.54,50.04,328.27,442.80,796.13,332.83,449.93,624.67,374.14,479.28,619.50
2028-01-01,-113.54,50.04,301.23,482.86,632.58,390.22,487.38,617.13,316.16,458.06,567.70
2029-01-01,-113.54,50.04,293.94,388.11,543.67,326.96,443.57,594.35,349.92,471.21,625.87
2030-01-01,-113.54,50.04,306.77,418.45,571.52,319.67,438.43,535.56,308.72,467.80,615.34
2031-01-01,-113.54,50.04,338.68,473.55,668.23,342.59,466.70,615.20,318.79,464.13,590.81
2032-01-01,-113.54,50.04,289.97,434.89,637.95,321.76,460.40,638.60,381.84,445.38,608.67
2033-01-01,-113.54,50.04,369.83,506.66,627.05,305.02,418.81,527.25,305.47,456.02,683.54
2034-01-01,-113.54,50.04,323.55,411.66,583.56,365.96,468.21,654.63,377.85,474.79,671.89
2035-01-01,-113.54,50.04,288.02,416.39,535.41,385.58,457.94,627.37,334.50,449.37,609.66
2036-01-01,-113.54,50.04,309.85,431.46,579.46,330.31,437.41,516.03,361.72,494.85,683.51
2037-01-01,-113.54,50.04,295.70,474.27,556.76,310.79,447.90,560.20,336.31,471.92,576.92
2038-01-01,-113.54,50.04,381.57,459.54,588.99,326.54,452.41,671.14,315.50,446.89,598.92
2039-01-01,-113.54,50.04,362.45,487.70,627.52,366.58,479.42,598.36,337.15,404.01,586.74
2040-01-01,-113.54,50.04,329.47,489.37,615.59,359.71,443.74,607.55,303.33,445.77,601.00
2041-01-01,-113.54,50.04,305.26,425.16,638.10,297.24,412.02,580.62,270.06,392.41,604.90
2042-01-01,-113.54,50.04,320.26,481.19,601.41,291.72,397.36,573.24,308.03,411.03,629.78
2043-01-01,-113.54,50.04,261.52,464.09,537.84,306.60,413.34,544.69,341.62,442.27,539.73
2044-01-01,-113.54,50.04,277.61,445.17,711.33,363.87,463.76,589.51,379.51,491.94,611.03
2045-01-01,-113.54,50.04,321.03,465.57,579.03,319.64,412.49,627.29,325.07,438.35,603.06
2046-01-01,-113.54,50.04,347.48,473.11,585.27,271.86,436.99,589.88,328.36,408.00,627.73
2047-01-01,-113.54,50.04,374.53,466.35,620.92,353.62,470.63,555.78,344.63,435.95,588.09
2048-01-01,-113.54,50.04,378.44,478.39,611.30,265.18,428.68,546.68,323.48,475.73,592.78
2049-01-01,-113.54,50.04,328.83,435.49,562.49,378.37,464.41,639.91,258.10,412.39,625.98
2050-01-01,-113.54,50.04,330.71,412.61,569.05,373.71,446.09,599.88,355.64,440.89,619.66
2051-01-01,-113.54,50.04,345.28,445.55,574.46,272.31,431.06,595.02,354.31,451.29,648.97
2052-01-01,-113.54,50.04,282.04,443.94,629.76,349.24,464.06,624.19,329.38,446.53,588.33
2053-01-01,-113.54,50.04,345.26,471.46,644.35,322.59,434.98,569.23,267.96,429.57,593.76
2054-01-01,-113.54,50.04,296.26,423.67,569.69,335.48,451.04,597.37,304.82,473.06,599.60
2055-01-01,-113.54,50.04,330.26,412.26,533.82,338.13,508.08,623.90,328.59,476.70,556.95
2056-01-01,-113.54,50.04,341.81,469.61,591.14,344.19,440.55,598.99,318.68,403.74,509.08
2057-01-01,-113.54,50.04,298.46,450.90,544.99,245.43,433.76,608.19,258.13,424.81,604.41
2058-01-01,-113.54,50.04,320.56,453.08,596.95,334.12,444.99,625.56,351.96,466.84,730.38
2059-01-01,-113.54,50.04,320.34,516.78,620.58,304.77,471.04,604.10,334.42,450.31,552.20
2060-01-01,-113.54,50.04,326.88,415.16,625.85,331.58,468.96,640.91,405.24,480.81,696.03
2061-01-01,-113.54,50.04,344.15,456.83,637.29,290.42,471.37,717.37,420.32,495.90,686.78
2062-01-01,-113.54,50.04,335.06,449.99,633.04,349.82,458.13,561.14,353.81,457.45,720.11
2063-01-01,-113.54,50.04,291.42,467.84,604.08,328.92,447.21,652.67,369.30,495.94,707.82
2064-01-01,-113.54,50.04,286.27,411.61,610.16,335.88,503.14,580.24,403.14,473.25,587.70
2065-01-01,-113.54,50.04,345.31,492.66,564.42,389.22,458.10,640.15,299.19,421.56,549.47
2066-01-01,-113.54,50.04,356.94,488.65,620.60,379.17,446.39,668.89,385.93,503.94,632.31
2067-01-01,-113.54,50.04,373.58,496.43,599.33,340.45,472.74,692.76,383.10,503.98,658.93
2068-01-01,-113.54,50.04,313.48,457.67,665.23,352.25,448.40,661.40,316.05,489.85,670.39
2069-01-01,-113.54,50.04,346.27,442.75,615.26,293.61,447.86,609.51,393.55,495.00,687.21
2070-01-01,-113.54,50.04,326.64,498.38,646.11,394.03,465.06,591.22,303.46,463.49,624.80
2071-01-01,-113.54,50.04,318.78,482.30,561.46,316.45,409.83,577.25,323.64,458.24,581.26
2072-01-01,-113.54,50.04,330.57,474.22,618.12,304.51,474.21,539.32,321.32,467.01,676.17
2073-01-01,-113.54,50.04,337.54,438.15,590.05,351.77,469.76,666.96,322.10,441.10,632.95
2074-01-01,-113.54,50.04,331.12,458.27,650.35,311.15,463.87,602.15,359.52,488.90,582.05
2075-01-01,-113.54,50.04,310.04,428.84,524.89,301.54,397.31,489.28,330.56,507.21,650.34
2076-01-01,-113.54,50.04,338.61,429.29,528.39,329.80,420.84,633.54,364.96,518.74,673.46
2077-01-01,-113.54,50.04,356.34,486.02,616.12,283.62,454.56,581.56,323.35,437.25,623.10
2078-01-01,-113.54,50.04,385.69,489.10,599.78,360.14,452.08,588.30,365.85,458.92,589.11
2079-01-01,-113.54,50.04,320.97,424.39,570.00,287.35,427.59,625.15,300.36,517.56,642.50
2080-01-01,-113.54,50.04,304.73,421.30,588.17,327.90,438.41,574.74,310.24,473.74,669.38
2081-01-01,-113.54,50.04,282.67,439.87,621.01,354.10,507.86,737.76,383.21,468.22,642.20
2082-01-01,-113.54,50.04,327.51,490.57,648.74,325.25,494.56,656.68,296.12,399.10,645.67
2083-01-01,-113.54,50.04,362.80,463.08,639.52,377.35,445.82,617.76,334.42,495.54,643.17
2084-01-01,-113.54,50.04,358.78,431.92,532.43,320.73,486.09,653.89,351.75,471.41,676.87
2085-01-01,-113.54,50.04,329.42,438.00,546.82,322.99,487.46,646.04,370.44,487.97,624.02
2086-01-01,-113.54,50.04,361.88,452.62,559.70,336.55,427.74,641.94,370.89,445.31,581.53
2087-01-01,-113.54,50.04,364.19,459.91,629.61,338.24,481.03,639.16,335.14,493.28,654.81
2088-01-01,-113.54,50.04,328.11,464.02,638.54,353.42,443.90,568.57,321.18,449.13,608.46
2089-01-01,-113.54,50.04,338.14,442.35,625.17,351.83,510.95,644.28,329.71,484.57,654.89
2090-01-01,-113.54,50.04,337.48,434.66,700.16,392.82,489.13,634.03,361.23,462.75,691.80
2091-01-01,-113.54,50.04,354.06,449.33,521.87,308.41,456.68,674.15,317.93,541.17,663.91
2092-01-01,-113.54,50.04,314.66,466.16,589.94,308.98,385.37,601.27,351.13,477.98,725.50
2093-01-01,-113.54,50.04,346.01,479.95,636.08,364.09,497.33,580.06,351.84,431.69,663.34
2094-01-01,-113.54,50.04,359.33,472.51,576.15,344.79,458.99,603.92,355.27,499.25,647.73
2095-01-01,-113.54,50.04,324.32,427.15,565.11,319.60,404.62,589.45,341.54,496.98,717.96
2096-01-01,-113.54,50.04,322.06,443.87,605.97,317.01,526.67,648.24,366.29,508.48,788.43
2097-01-01,-113.54,50.04,333.45,479.07,652.41,333.46,417.72,554.80,371.30,475.50,600.40
2098-01-01,-113.54,50.04,331.30,452.65,583.19,324.71,466.36,629.78,375.01,470.90,590.04
2099-01-01,-113.54,50.04,319.05,411.69,571.65,342.71,467.85,586.63,316.10,479.52,653.18
2100-01-01,-113.54,50.04,327.79,436.95,554.44,384.20,465.05,608.80,267.80,419.88,632.82
1950-01-01,-112.29,50.04,211.47,303.12,423.58,210.92,303.46,423.58,211.41,302.78,423.58
1951-01-01,-112.29,50.04,206.23,357.41,488.50,206.23,357.83,483.45,206.23,356.57,484.93
1952-01-01,-112.29,50.04,255.86,335.45,450.81,255.86,333.17,452.84,255.86,333.08,452.83
1953-01-01,-112.29,50.04,261.57,312.34,451.42,260.62,312.48,445.62,261.49,312.48,454.15
1954-01-01,-112.29,50.04,244.42,335.49,466.89,243.32,337.45,462.86,244.42,335.87,463.52
1955-01-01,-112.29,50.04,245.05,323.63,406.21,245.54,321.45,406.21,245.55,318.68,406.21
1956-01-01,-112.29,50.04,213.63,319.51,401.42,213.63,319.51,400.59,213.63,319.50,401.42
1957-01-01,-112.29,50.04,271.05,362.51,458.09,271.05,363.19,462.56,271.04,363.19,457.55
1958-01-01,-112.29,50.04,259.89,359.76,495.85,259.88,359.68,497.76,259.89,359.20,497.76
1959-01-01,-112.29,50.04,266.24,362.77,470.70,266.24,362.78,470.70,266.24,362.77,470.70
1960-01-01,-112.29,50.04,255.23,334.08,428.34,253.72,334.26,436.56,255.13,334.26,436.55
1961-01-01,-112.29,50.04,247.49,360.32,426.01,247.49,361.34,426.01,247.49,361.97,426.01
1962-01-01,-112.29,50.04,247.95,360.39,421.72,244.41,358.91,421.59,244.52,358.92,420.74
1963-01-01,-112.29,50.04,247.25,348.47,494.23,247.25,348.47,492.87,247.25,348.47,493.65
1964-01-01,-112.29,50.04,229.73,330.27,484.10,231.30,330.27,484.10,229.41,330.27,484.10
1965-01-01,-112.29,50.04,274.58,351.52,437.20,274.11,352.71,437.20,275.76,352.23,437.20
1966-01-01,-112.29,50.04,261.56,335.86,410.49,262.45,334.43,411.74,262.44,338.18,422.69
1967-01-01,-112.29,50.04,233.61,306.46,424.42,238.43,307.02,424.42,238.44,306.79,424.42
1968-01-01,-112.29,50.04,223.31,343.83,431.41,223.09,343.83,433.46,223.16,343.83,431.08
1969-01-01,-112.29,50.04,239.54,352.88,443.37,239.54,353.90,443.37,239.54,353.90,443.37
1970-01-01,-112.29,50.04,259.96,289.50,432.65,257.90,289.92,432.65,257.66,287.70,432.65
1971-01-01,-112.29,50.04,208.67,324.01,453.30,208.25,327.53,451.42,207.79,324.99,450.24
1972-01-01,-112.29,50.04,237.13,311.24,409.30,238.94,310.46,409.15,237.18,311.21,409.15
1973-01-01,-112.29,50.04,243.19,342.04,432.09,243.19,343.36,427.01,243.19,343.23,429.37
1974-01-01,-112.29,50.04,251.17,324.79,452.39,251.17,321.87,452.24,251.18,320.06,452.85
1975-01-01,-112.29,50.04,252.60,375.15,461.51,252.08,374.94,462.76,252.08,374.26,462.68
1976-01-01,-112.29,50.04,236.85,337.50,441.89,236.42,337.36,439.48,236.34,337.36,438.59
1977-01-01,-112.29,50.04,254.11,327.63,388.47,254.11,325.64,388.47,254.11,326.20,388.47
1978-01-01,-112.29,50.04,243.29,324.07,424.67,244.25,324.07,424.67,243.50,324.07,424.67
1979-01-01,-112.29,50.04,244.26,311.62,429.29,243.37,307.97,429.13,243.95,308.38,429.07
1980-01-01,-112.29,50.04,276.35,345.14,502.27,278.91,342.97,507.49,278.20,341.92,505.52
1981-01-01,-112.29,50.04,206.83,304.35,417.94,207.90,307.60,419.64,207.38,309.46,418.07
1982-01-01,-112.29,50.04,270.99,373.87,486.99,275.15,375.53,486.34,277.94,373.88,490.21
1983-01-01,-112.29,50.04,258.16,341.45,489.93,261.07,344.66,490.20,260.93,342.70,482.56
1984-01-01,-112.29,50.04,249.38,321.11,381.95,250.06,323.31,380.12,248.60,320.97,379.39
1985-01-01,-112.29,50.04,271.59,341.75,455.89,273.09,344.78,460.29,269.55,345.49,458.17
1986-01-01,-112.29,50.04,211.15,310.39,433.40,211.31,315.59,432.72,210.49,311.70,432.72
1987-01-01,-112.29,50.04,260.04,346.81,446.21,259.08,350.27,448.05,258.70,349.59,446.31
1988-01-01,-112.29,50.04,250.16,330.37,426.86,248.96,329.46,435.27,249.30,329.15,430.14
1989-01-01,-112.29,50.04,237.78,315.50,512.04,238.76,316.52,514.24,238.56,311.74,512.68
1990-01-01,-112.29,50.04,235.52,359.74,451.78,238.75,361.76,454.31,238.93,362.34,451.22
1991-01-01,-112.29,50.04,266.99,353.41,461.35,268.09,351.65,459.23,269.89,351.38,460.79
1992-01-01,-112.29,50.04,234.48,361.49,479.89,236.63,367.12,484.09,237.84,363.52,478.25
1993-01-01,-112.29,50.04,261.08,353.82,465.14,261.71,356.35,471.84,260.99,350.36,475.07
1994-01-01,-112.29,50.04,260.47,306.18,373.92,261.33,310.18,375.15,259.51,307.89,377.46
1995-01-01,-112.29,50.04,245.04,335.89,496.56,243.53,338.42,502.77,244.91,336.50,500.87
1996-01-01,-112.29,50.04,264.30,346.69,542.92,267.76,346.27,542.13,265.17,345.28,545.11
1997-01-01,-112.29,50.04,264.42,348.15,472.46,268.17,352.27,475.43,263.37,350.76,475.14
1998-01-01,-112.29,50.04,196.66,313.43,402.44,194.72,313.22,406.24,196.32,313.12,405.67
1999-01-01,-112.29,50.04,225.65,347.43,429.95,226.13,350.04,439.78,228.74,348.49,441.08
2000-01-01,-112.29,50.04,233.31,333.74,405.61,232.08,337.63,412.34,232.52,335.76,412.63
2001-01-01,-112.29,50.04,252.38,364.07,449.28,252.83,366.32,448.39,251.93,367.31,446.30
2002-01-01,-112.29,50.04,289.30,341.87,445.49,288.96,342.66,446.61,291.23,341.69,447.17
2003-01-01,-112.29,50.04,214.12,328.24,477.32,212.55,329.60,479.70,211.81,327.61,476.58
2004-01-01,-112.29,50.04,257.52,345.04,462.63,258.07,346.31,464.77,261.47,344.27,461.87
2005-01-01,-112.29,50.04,288.85,368.12,500.96,291.06,367.51,501.25,291.13,365.66,492.92
2006-01-01,-112.29,50.04,270.73,394.97,512.33,260.61,372.28,488.82,267.82,336.67,430.84
2007-01-01,-112.29,50.04,244.66,355.50,488.35,258.26,303.00,425.28,234.76,337.83,444.52
2008-01-01,-112.29,50.04,273.32,352.95,467.13,271.58,319.51,493.24,254.49,333.37,527.40
2009-01-01,-112.29,50.04,228.99,363.49,475.16,269.53,343.27,483.55,264.93,374.40,489.60
2010-01-01,-112.29,50.04,258.11,352.83,442.94,279.86,355.91,500.09,230.52,340.96,506.63
2011-01-01,-112.29,50.04,230.51,368.80,480.98,237.89,333.17,437.49,250.56,340.48,464.51
2012-01-01,-112.29,50.04,236.97,315.48,408.78,225.87,331.56,423.82,260.41,350.31,485.67
2013-01-01,-112.29,50.04,270.97,337.09,452.35,258.44,332.99,486.33,240.78,370.91,500.32
2014-01-01,-112.29,50.04,270.96,347.16,475.30,236.84,367.46,430.47,246.22,333.90,407.64
2015-01-01,-112.29,50.04,212.88,316.18,424.05,253.44,335.27,442.84,245.00,361.58,435.38
2016-01-01,-112.29,50.04,253.11,368.80,492.49,288.13,335.01,564.65,278.20,341.83,466.04
2017-01-01,-112.29,50.04,230.82,326.88,445.85,253.42,306.84,417.56,238.82,337.16,437.05
2018-01-01,-112.29,50.04,292.32,364.21,527.18,233.53,326.97,402.88,182.67,290.79,402.32
2019-01-01,-112.29,50.04,260.30,351.71,459.80,235.18,377.83,456.93,259.49,350.68,482.15
2020-01-01,-112.29,50.04,258.07,359.90,448.04,265.51,334.44,394.67,252.41,331.19,425.25
2021-01-01,-112.29,50.04,236.15,335.34,475.33,277.69,362.59,468.69,259.64,408.18,510.19
2022-01-01,-112.29,50.04,261.27,351.32,531.22,251.15,348.02,483.81,258.64,353.48,441.37
2023-01-01,-112.29,50.04,259.00,345.46,418.90,253.57,380.05,509.65,217.38,326.44,436.60
2024-01-01,-112.29,50.04,219.72,372.23,519.87,248.78,363.22,477.86,295.08,375.07,481.73
2025-01-01,-112.29,50.04,269.09,362.73,453.84,283.09,363.23,463.06,267.02,329.53,441.12
2026-01-01,-112.29,50.04,254.32,389.28,490.78,269.54,378.41,486.32,257.67,375.57,458.96
2027-01-01,-112.29,50.04,256.86,348.73,615.34,258.03,347.16,500.75,288.58,375.72,496.84
2028-01-01,-112.29,50.04,240.72,382.25,478.78,270.42,374.72,468.59,247.26,357.59,490.51
2029-01-01,-112.29,50.04,240.36,301.18,419.05,248.02,338.82,472.57,252.96,356.12,459.49
2030-01-01,-112.29,50.04,231.48,319.43,475.83,245.19,322.30,455.01,250.56,369.65,537.29
2031-01-01,-112.29,50.04,279.14,370.39,509.10,280.87,356.23,493.12,259.74,352.45,508.84
2032-01-01,-112.29,50.04,235.48,332.03,543.56,257.42,381.17,495.24,284.94,392.85,504.22
2033-01-01,-112.29,50.04,317.37,375.27,486.83,248.65,325.25,405.59,245.40,370.46,530.93
2034-01-01,-112.29,50.04,275.01,347.51,461.97,281.65,372.53,514.72,289.74,374.00,554.67
2035-01-01,-112.29,50.04,231.05,327.22,408.75,309.72,367.13,519.06,261.20,356.72,480.90
2036-01-01,-112.29,50.04,239.63,352.78,447.04,270.24,341.63,425.28,302.62,393.50,508.85
2037-01-01,-112.29,50.04,227.73,352.43,447.02,263.99,347.73,450.45,272.88,362.39,445.77
2038-01-01,-112.29,50.04,311.36,382.96,449.13,247.77,376.21,532.27,260.61,337.50,474.30
2039-01-01,-112.29,50.04,296.87,409.65,488.09,279.05,380.14,486.32,251.09,316.24,453.37
2040-01-01,-112.29,50.04,255.07,383.68,514.10,269.42,374.06,511.80,258.49,362.20,498.22
2041-01-01,-112.29,50.04,244.22,347.05,478.31,236.50,343.48,476.01,226.56,299.69,502.09
2042-01-01,-112.29,50.04,271.15,381.25,457.65,237.65,327.79,510.80,228.73,324.17,466.18
2043-01-01,-112.29,50.04,209.79,382.38,451.60,257.01,323.71,441.58,256.78,347.77,456.12
2044-01-01,-112.29,50.04,244.26,362.97,533.59,281.76,387.72,467.43,300.90,392.13,511.76
2045-01-01,-112.29,50.04,268.02,371.83,475.92,261.21,348.09,516.49,280.65,348.58,493.19
2046-01-01,-112.29,50.04,278.77,373.43,462.18,198.67,332.45,502.80,240.39,332.06,517.72
2047-01-01,-112.29,50.04,297.79,365.38,483.26,257.10,376.63,472.46,260.08,369.01,501.70
2048-01-01,-112.29,50.04,299.00,387.16,482.51,219.49,343.18,464.87,273.00,383.71,487.94
2049-01-01,-112.29,50.04,274.70,334.29,450.91,306.50,355.01,519.36,230.33,336.27,533.98
2050-01-01,-112.29,50.04,251.49,353.73,482.12,292.47,342.13,466.61,280.14,370.80,501.00
2051-01-01,-112.29,50.04,255.68,342.37,472.56,233.99,347.44,463.48,281.32,332.89,500.38
2052-01-01,-112.29,50.04,224.18,331.89,547.52,258.31,387.38,526.11,247.83,372.34,462.48
2053-01-01,-112.29,50.04,275.06,376.63,508.15,226.21,328.66,491.68,223.30,336.71,445.97
2054-01-01,-112.29,50.04,229.38,343.59,448.48,270.77,361.29,459.34,257.54,365.63,497.08
2055-01-01,-112.29,50.04,254.73,329.05,421.90,286.33,430.16,509.12,238.51,389.76,461.98
2056-01-01,-112.29,50.04,289.21,376.25,475.30,274.95,361.06,470.22,251.50,334.19,433.89
2057-01-01,-112.29,50.04,230.46,374.93,461.04,184.87,332.01,512.85,213.70,330.56,477.22
2058-01-01,-112.29,50.04,254.43,346.02,493.83,260.52,348.68,501.81,298.08,358.27,561.13
2059-01-01,-112.29,50.04,254.21,386.84,485.69,258.96,367.21,480.12,251.42,357.17,453.26
2060-01-01,-112.29,50.04,271.95,368.63,486.03,266.62,368.26,547.71,323.13,394.58,580.18
2061-01-01,-112.29,50.04,294.60,381.39,499.95,239.44,359.90,548.87,320.93,396.01,555.88
2062-01-01,-112.29,50.04,276.42,351.16,488.21,280.73,361.94,426.18,285.54,371.12,559.73
2063-01-01,-112.29,50.04,243.78,360.46,501.99,264.44,346.13,479.16,297.29,383.06,584.59
2064-01-01,-112.29,50.04,238.40,348.02,459.64,245.37,411.06,474.19,324.41,395.95,463.15
2065-01-01,-112.29,50.04,289.04,357.20,468.24,303.48,364.44,526.23,245.13,333.25,458.50
2066-01-01,-112.29,50.04,294.09,387.11,505.43,286.56,334.71,563.44,305.22,412.62,468.69
2067-01-01,-112.29,50.04,285.57,376.43,467.94,264.90,378.93,522.73,291.20,420.23,521.32
2068-01-01,-112.29,50.04,251.49,340.30,505.61,289.94,367.59,550.37,253.92,375.42,546.57
2069-01-01,-112.29,50.04,273.60,343.89,464.97,211.73,347.82,533.61,275.73,396.47,576.70
2070-01-01,-112.29,50.04,250.02,410.44,517.96,307.63,388.03,496.38,240.20,369.64,485.67
2071-01-01,-112.29,50.04,259.72,376.61,452.65,245.97,321.90,453.72,245.36,347.50,466.55
2072-01-01,-112.29,50.04,268.90,400.28,516.71,245.08,356.45,406.37,239.98,382.59,503.20
2073-01-01,-112.29,50.04,275.78,334.93,515.82,297.36,384.61,513.35,268.20,362.04,502.59
2074-01-01,-112.29,50.04,241.87,358.52,513.38,247.16,373.60,493.70,293.68,378.45,478.48
2075-01-01,-112.29,50.04,248.88,339.50,414.10,254.60,325.94,405.81,247.28,411.96,540.21
2076-01-01,-112.29,50.04,281.08,352.32,411.14,277.54,340.30,522.78,287.02,415.31,543.56
2077-01-01,-112.29,50.04,290.10,392.41,505.42,211.87,351.62,493.66,279.03,339.64,470.14
2078-01-01,-112.29,50.04,294.26,393.01,499.16,270.55,399.41,479.90,266.94,378.01,476.43
2079-01-01,-112.29,50.04,245.56,327.38,439.94,235.01,337.81,491.80,236.41,408.92,517.13
2080-01-01,-112.29,50.04,242.80,325.67,437.84,256.44,371.24,455.17,233.45,369.39,562.22
2081-01-01,-112.29,50.04,219.74,357.71,489.52,293.08,408.89,576.84,297.94,378.65,538.92
2082-01-01,-112.29,50.04,271.54,379.95,513.94,290.74,409.78,524.43,219.42,320.93,529.91
2083-01-01,-112.29,50.04,284.79,378.81,519.51,295.69,355.05,481.29,269.02,404.42,577.94
2084-01-01,-112.29,50.04,279.00,360.87,418.33,266.34,376.70,550.45,278.05,377.76,541.63
2085-01-01,-112.29,50.04,263.84,329.92,431.48,254.55,389.90,523.79,283.38,375.76,530.81
2086-01-01,-112.29,50.04,301.47,367.78,433.85,274.14,340.51,527.72,302.35,376.85,437.76
2087-01-01,-112.29,50.04,277.31,364.80,475.04,258.79,405.08,561.76,255.03,389.90,549.57
2088-01-01,-112.29,50.04,251.30,380.09,491.54,292.85,329.63,443.29,273.51,364.24,490.84
2089-01-01,-112.29,50.04,289.75,366.80,534.84,263.30,407.18,501.75,252.24,393.75,521.27
2090-01-01,-112.29,50.04,266.21,348.84,574.13,316.36,392.66,501.17,295.03,380.79,531.03
2091-01-01,-112.29,50.04,285.69,368.70,409.06,264.65,369.27,540.78,266.64,448.80,523.51
2092-01-01,-112.29,50.04,263.48,387.91,431.72,240.44,304.73,461.20,281.27,377.96,586.34
2093-01-01,-112.29,50.04,275.11,378.81,524.29,267.84,393.75,469.08,279.20,350.86,526.85
2094-01-01,-112.29,50.04,290.92,376.38,445.27,270.53,357.00,494.23,287.69,406.51,542.80
2095-01-01,-112.29,50.04,262.82,340.34,451.31,228.98,340.45,468.56,280.50,387.42,551.08
2096-01-01,-112.29,50.04,256.89,370.54,479.00,249.57,398.64,477.20,315.87,453.25,667.59
2097-01-01,-112.29,50.04,260.81,376.26,515.69,260.00,344.78,441.71,294.97,367.26,463.19
2098-01-01,-112.29,50.04,255.20,364.96,466.13,247.55,367.03,517.45,271.10,365.23,458.23
2099-01-01,-112.29,50.04,246.73,330.09,472.53,249.95,367.98,470.39,261.11,393.47,506.24
2100-01-01,-112.29,50.04,295.21,357.93,459.99,297.46,356.89,482.13,222.45,323.35,506.24
