time,lat,lon,rcp26_tn_mean_p10,rcp26_tn_mean_p50,rcp26_tn_mean_p90,rcp45_tn_mean_p10,rcp45_tn_mean_p50,rcp45_tn_mean_p90,rcp85_tn_mean_p10,rcp85_tn_mean_p50,rcp85_tn_mean_p90
1950-01-01,49.54,-113.46,-2.44,-1.27,0.15,-2.44,-1.27,0.15,-2.44,-1.27,0.15
1951-01-01,49.54,-113.46,-2.66,-1.44,0.56,-2.66,-1.44,0.56,-2.66,-1.50,0.56
1952-01-01,49.54,-113.46,-3.00,-1.89,-0.90,-3.00,-1.89,-0.90,-3.00,-1.89,-0.90
1953-01-01,49.54,-113.46,-2.77,-1.66,-0.43,-2.77,-1.66,-0.43,-2.77,-1.66,-0.43
1954-01-01,49.54,-113.46,-2.44,-1.55,-0.34,-2.44,-1.55,-0.34,-2.44,-1.55,-0.34
1955-01-01,49.54,-113.46,-2.89,-1.67,-0.70,-2.89,-1.67,-0.70,-2.89,-1.67,-0.70
1956-01-01,49.54,-113.46,-2.86,-1.57,-0.08,-2.86,-1.57,-0.08,-2.87,-1.57,-0.08
1957-01-01,49.54,-113.46,-3.68,-1.67,0.08,-3.68,-1.67,0.08,-3.68,-1.67,0.08
1958-01-01,49.54,-113.46,-3.19,-1.72,-0.83,-3.19,-1.72,-0.83,-3.19,-1.72,-0.83
1959-01-01,49.54,-113.46,-3.19,-1.79,-0.65,-3.19,-1.79,-0.65,-3.19,-1.79,-0.65
1960-01-01,49.54,-113.46,-3.33,-1.76,-0.20,-3.33,-1.76,-0.20,-3.33,-1.76,-0.21
1961-01-01,49.54,-113.46,-2.84,-1.40,0.12,-2.84,-1.40,0.12,-2.84,-1.40,0.12
1962-01-01,49.54,-113.46,-3.06,-1.24,-0.07,-3.06,-1.24,-0.07,-3.06,-1.24,-0.07
1963-01-01,49.54,-113.46,-2.15,-1.48,0.14,-2.15,-1.48,0.14,-2.15,-1.55,0.14
1964-01-01,49.54,-113.46,-3.62,-2.37,-1.01,-3.62,-2.37,-1.01,-3.62,-2.37,-1.01
1965-01-01,49.54,-113.46,-3.20,-1.85,-1.05,-3.20,-1.85,-1.05,-3.27,-1.85,-1.05
1966-01-01,49.54,-113.46,-3.14,-2.23,-0.48,-3.14,-2.23,-0.48,-3.14,-2.23,-0.48
1967-01-01,49.54,-113.46,-2.66,-1.65,-0.32,-2.66,-1.65,-0.32,-2.66,-1.65,-0.32
1968-01-01,49.54,-113.46,-3.67,-1.82,-0.57,-3.67,-1.82,-0.57,-3.67,-1.82,-0.59
1969-01-01,49.54,-113.46,-3.00,-2.04,-0.48,-3.00,-2.04,-0.48,-3.00,-2.04,-0.48
1970-01-01,49.54,-113.46,-3.22,-1.97,-0.52,-3.22,-1.97,-0.52,-3.22,-1.97,-0.52
1971-01-01,49.54,-113.46,-2.35,-1.71,-0.60,-2.35,-1.71,-0.60,-2.35,-1.75,-0.60
1972-01-01,49.54,-113.46,-3.04,-1.86,-1.09,-3.04,-1.86,-1.09,-3.04,-1.86,-1.09
1973-01-01,49.54,-113.46,-2.81,-1.78,-0.23,-2.81,-1.78,-0.23,-2.81,-1.78,-0.23
1974-01-01,49.54,-113.46,-3.63,-1.65,-0.44,-3.63,-1.65,-0.44,-3.63,-1.65,-0.44
1975-01-01,49.54,-113.46,-2.46,-1.81,-0.92,-2.46,-1.81,-0.92,-2.46,-1.81,-0.94
1976-01-01,49.54,-113.46,-2.59,-1.44,-0.17,-2.59,-1.44,-0.17,-2.59,-1.48,-0.17
1977-01-01,49.54,-113.46,-2.54,-1.22,-0.28,-2.54,-1.22,-0.28,-2.54,-1.26,-0.28
1978-01-01,49.54,-113.46,-2.11,-1.15,-0.28,-2.11,-1.15,-0.28,-2.11,-1.15,-0.28
1979-01-01,49.54,-113.46,-2.92,-1.30,-0.06,-2.92,-1.30,-0.06,-2.92,-1.30,-0.06
1980-01-01,49.54,-113.46,-2.86,-1.76,-0.01,-2.86,-1.76,0.00,-2.86,-1.75,-0.03
1981-01-01,49.54,-113.46,-3.25,-1.53,-0.26,-3.26,-1.54,-0.27,-3.37,-1.53,-0.27
1982-01-01,49.54,-113.46,-3.16,-1.72,-0.58,-3.17,-1.72,-0.59,-3.15,-1.74,-0.59
1983-01-01,49.54,-113.46,-2.62,-1.69,-0.52,-2.62,-1.72,-0.54,-2.64,-1.71,-0.53
1984-01-01,49.54,-113.46,-2.50,-1.06,-0.32,-2.49,-1.05,-0.31,-2.49,-1.06,-0.31
1985-01-01,49.54,-113.46,-3.06,-1.82,-0.64,-3.07,-1.80,-0.66,-3.08,-1.81,-0.66
1986-01-01,49.54,-113.46,-1.79,-1.38,-0.08,-1.75,-1.38,-0.08,-1.75,-1.38,-0.08
1987-01-01,49.54,-113.46,-2.60,-1.35,-0.83,-2.60,-1.35,-0.81,-2.59,-1.40,-0.78
1988-01-01,49.54,-113.46,-2.88,-1.39,-0.47,-2.87,-1.38,-0.47,-2.88,-1.40,-0.47
1989-01-01,49.54,-113.46,-2.12,-1.42,-0.02,-2.12,-1.45,-0.06,-2.12,-1.47,-0.06
1990-01-01,49.54,-113.46,-2.73,-1.15,-0.16,-2.73,-1.13,-0.17,-2.74,-1.12,-0.17
1991-01-01,49.54,-113.46,-2.82,-1.05,0.12,-2.83,-1.06,0.12,-2.83,-1.06,0.13
1992-01-01,49.54,-113.46,-3.17,-1.73,0.23,-3.15,-1.75,0.23,-3.13,-1.74,0.22
1993-01-01,49.54,-113.46,-2.62,-1.30,-0.14,-2.62,-1.31,-0.14,-2.62,-1.30,-0.14
1994-01-01,49.54,-113.46,-2.80,-1.36,-0.03,-2.82,-1.34,-0.05,-2.81,-1.35,-0.05
1995-01-01,49.54,-113.46,-3.26,-1.87,0.37,-3.23,-1.87,0.38,-3.21,-1.90,0.38
1996-01-01,49.54,-113.46,-2.66,-1.30,-0.38,-2.63,-1.31,-0.39,-2.62,-1.31,-0.37
1997-01-01,49.54,-113.46,-2.63,-1.09,0.83,-2.63,-1.11,0.84,-2.65,-1.11,0.82
1998-01-01,49.54,-113.46,-2.02,-1.18,0.05,-2.03,-1.19,0.05,-2.02,-1.19,0.04
1999-01-01,49.54,-113.46,-2.08,-0.80,0.10,-2.08,-0.80,0.12,-2.08,-0.82,0.09
2000-01-01,49.54,-113.46,-1.59,-0.67,0.28,-1.57,-0.68,0.32,-1.56,-0.69,0.33
2001-01-01,49.54,-113.46,-1.91,-0.98,0.26,-1.91,-0.95,0.26,-1.93,-0.94,0.26
2002-01-01,49.54,-113.46,-2.36,-0.40,0.49,-2.37,-0.36,0.49,-2.36,-0.37,0.50
2003-01-01,49.54,-113.46,-2.23,-1.04,0.70,-2.20,-0.99,0.70,-2.21,-0.98,0.69
2004-01-01,49.54,-113.46,-1.84,-0.76,0.75,-1.84,-0.76,0.73,-1.83,-0.77,0.74
2005-01-01,49.54,-113.46,-2.32,-0.73,0.95,-2.36,-0.72,0.97,-2.06,-0.73,0.94
2006-01-01,49.54,-113.46,-2.15,-0.55,0.22,-1.44,-0.21,1.07,-1.24,-0.34,0.55
2007-01-01,49.54,-113.46,-1.84,-0.86,0.83,-1.82,-0.82,0.66,-1.63,-0.06,1.12
2008-01-01,49.54,-113.46,-1.39,-0.16,0.49,-2.53,-0.69,0.45,-1.88,-0.52,0.66
2009-01-01,49.54,-113.46,-1.31,-0.01,0.95,-1.07,-0.51,0.70,-1.93,-0.33,1.00
2010-01-01,49.54,-113.46,-2.44,-0.62,0.98,-1.60,-0.51,0.62,-2.27,-0.84,0.67
2011-01-01,49.54,-113.46,-2.24,-0.63,0.57,-1.12,-0.30,0.64,-1.78,-1.06,0.87
2012-01-01,49.54,-113.46,-1.37,-0.26,1.26,-1.45,-0.85,0.24,-1.78,-0.58,1.04
2013-01-01,49.54,-113.46,-1.83,-0.29,0.88,-1.77,-0.82,0.36,-1.93,-0.30,0.66
2014-01-01,49.54,-113.46,-2.04,-0.05,1.12,-1.64,-0.81,1.14,-1.83,-0.20,1.16
2015-01-01,49.54,-113.46,-1.21,-0.10,0.85,-1.93,-0.35,0.62,-2.20,-0.49,0.77
2016-01-01,49.54,-113.46,-1.18,-0.02,1.85,-1.97,-0.46,0.85,-1.33,0.03,0.99
2017-01-01,49.54,-113.46,-2.20,-0.22,0.97,-1.28,-0.19,0.99,-1.50,-0.07,1.55
2018-01-01,49.54,-113.46,-2.09,-0.04,1.14,-2.05,-0.29,1.16,-2.06,-0.02,1.55
2019-01-01,49.54,-113.46,-0.97,-0.35,0.77,-1.43,-0.17,1.50,-2.08,0.25,1.32
2020-01-01,49.54,-113.46,-1.19,-0.33,1.49,-1.79,-0.33,1.47,-1.15,-0.02,0.87
2021-01-01,49.54,-113.46,-1.09,-0.18,1.23,-1.17,-0.02,1.16,-2.09,-0.05,0.96
2022-01-01,49.54,-113.46,-1.71,-0.30,2.03,-1.58,-0.28,0.70,-1.46,0.72,1.78
2023-01-01,49.54,-113.46,-1.61,0.28,1.02,-1.74,0.42,1.45,-0.63,0.31,1.68
2024-01-01,49.54,-113.46,-0.79,0.31,1.45,-0.66,0.72,1.58,-0.94,0.09,1.26
2025-01-01,49.54,-113.46,-1.72,0.08,0.91,-1.16,-0.05,1.53,-0.72,0.24,1.69
2026-01-01,49.54,-113.46,-0.74,0.12,1.13,-0.99,0.57,2.63,-0.90,-0.05,1.36
2027-01-01,49.54,-113.46,-1.66,0.19,2.08,-1.18,0.27,1.46,-1.12,0.35,1.68
2028-01-01,49.54,-113.46,-1.04,0.26,1.83,-1.22,0.60,1.92,-0.65,0.80,2.22
2029-01-01,49.54,-113.46,-1.11,0.43,1.41,-1.53,-0.15,1.37,-0.51,0.53,1.72
2030-01-01,49.54,-113.46,-0.38,0.32,1.35,-0.68,0.04,1.44,-1.07,0.65,1.86
2031-01-01,49.54,-113.46,-1.19,0.17,2.05,-1.13,0.36,1.58,-0.77,0.05,1.62
2032-01-01,49.54,-113.46,-1.68,0.20,1.75,-1.42,0.61,2.35,-1.20,0.41,1.62
2033-01-01,49.54,-113.46,-0.75,0.03,2.04,-0.71,0.36,2.01,-0.90,0.83,2.25
2034-01-01,49.54,-113.46,-1.23,0.52,1.64,-0.40,0.59,1.58,-1.16,1.21,2.49
2035-01-01,49.54,-113.46,-1.15,0.54,1.66,-1.10,0.54,2.09,-0.10,1.34,2.43
2036-01-01,49.54,-113.46,-1.15,0.42,2.19,-1.45,-0.03,1.83,-1.35,0.74,1.91
2037-01-01,49.54,-113.46,-0.85,0.21,1.53,-0.39,1.08,2.47,-0.33,1.13,2.80
2038-01-01,49.54,-113.46,-1.07,0.53,1.48,-0.13,0.87,2.29,-0.18,1.29,2.25
2039-01-01,49.54,-113.46,-0.94,0.06,2.46,-0.63,0.24,1.76,-0.21,1.00,2.93
2040-01-01,49.54,-113.46,-0.75,0.23,2.24,-0.44,0.41,1.76,-0.70,1.19,2.52
2041-01-01,49.54,-113.46,-1.81,0.03,2.16,-0.78,0.81,1.73,-0.35,0.91,2.91
2042-01-01,49.54,-113.46,-0.82,0.17,2.03,-0.13,0.77,1.86,-0.13,0.74,2.57
2043-01-01,49.54,-113.46,-0.73,0.43,1.07,-0.74,0.99,2.20,-0.35,1.73,2.65
2044-01-01,49.54,-113.46,-1.90,0.31,2.28,-0.87,1.36,2.46,-0.51,0.71,2.95
2045-01-01,49.54,-113.46,-0.72,0.92,2.27,-0.49,1.17,2.69,-0.26,1.14,2.39
2046-01-01,49.54,-113.46,-0.49,0.81,2.39,-0.16,1.44,2.69,0.18,1.21,2.67
2047-01-01,49.54,-113.46,-1.35,0.36,2.34,0.30,1.12,2.26,0.48,1.45,2.54
2048-01-01,49.54,-113.46,-0.78,0.64,2.10,-0.90,0.65,2.37,0.23,1.95,3.03
2049-01-01,49.54,-113.46,-1.50,0.30,1.57,-0.33,1.05,2.99,-0.06,1.91,3.48
2050-01-01,49.54,-113.46,-0.86,0.94,1.68,-0.34,0.88,2.54,-0.25,1.50,3.24
2051-01-01,49.54,-113.46,-1.01,1.03,2.15,-0.47,1.06,2.83,0.17,1.92,3.50
2052-01-01,49.54,-113.46,-1.08,0.40,2.31,0.36,1.47,3.05,-0.32,1.58,4.05
2053-01-01,49.54,-113.46,-1.48,0.17,1.76,0.37,1.54,2.77,1.02,2.03,3.31
2054-01-01,49.54,-113.46,-0.59,0.80,2.35,-0.13,1.45,2.77,0.62,1.96,3.13
2055-01-01,49.54,-113.46,-0.76,1.17,2.70,0.13,1.86,3.12,0.76,2.05,3.64
2056-01-01,49.54,-113.46,-0.77,1.07,2.59,-0.29,1.01,2.29,1.01,2.18,3.16
2057-01-01,49.54,-113.46,-1.10,0.90,2.26,-0.07,1.37,2.81,0.33,1.93,3.88
2058-01-01,49.54,-113.46,-1.25,0.59,2.67,0.44,1.62,3.39,1.24,2.35,4.39
2059-01-01,49.54,-113.46,-0.92,0.96,2.85,-0.40,1.65,2.69,1.37,2.60,4.15
2060-01-01,49.54,-113.46,-0.23,0.78,2.41,0.23,1.11,2.85,0.87,2.50,4.33
2061-01-01,49.54,-113.46,-0.37,0.92,2.45,-0.01,1.11,2.98,0.51,1.93,4.20
2062-01-01,49.54,-113.46,-0.78,0.30,2.67,0.41,1.76,3.21,1.28,2.61,3.97
2063-01-01,49.54,-113.46,-1.30,1.06,1.70,-0.74,1.45,3.66,0.97,2.77,4.84
2064-01-01,49.54,-113.46,-1.35,0.55,2.11,0.77,1.91,3.53,1.09,2.90,4.41
2065-01-01,49.54,-113.46,-1.12,0.56,2.17,-0.09,1.83,3.30,0.84,2.86,4.84
2066-01-01,49.54,-113.46,-0.66,0.62,1.84,0.73,2.02,3.61,1.02,3.23,4.48
2067-01-01,49.54,-113.46,-0.39,0.55,2.08,0.49,1.66,3.23,0.98,3.49,4.78
2068-01-01,49.54,-113.46,-0.89,0.73,1.90,-0.09,1.20,2.96,1.75,3.40,4.63
2069-01-01,49.54,-113.46,-0.96,0.75,2.05,-0.41,1.34,2.99,2.31,4.02,5.23
2070-01-01,49.54,-113.46,-0.41,0.66,2.45,0.21,1.79,3.38,1.46,3.14,5.00
2071-01-01,49.54,-113.46,-0.52,0.85,2.07,0.71,2.03,3.57,1.47,3.13,4.78
2072-01-01,49.54,-113.46,-1.24,0.28,1.91,-0.11,2.21,3.82,1.28,3.31,4.61
2073-01-01,49.54,-113.46,-0.69,0.99,2.29,0.05,1.79,3.44,1.80,3.42,4.92
2074-01-01,49.54,-113.46,0.24,0.72,1.91,0.32,1.56,3.81,1.57,3.05,4.88
2075-01-01,49.54,-113.46,-0.56,0.76,2.50,0.50,1.78,3.13,2.53,3.60,5.09
2076-01-01,49.54,-113.46,-0.62,0.87,2.22,0.76,1.91,2.96,2.36,3.68,4.81
2077-01-01,49.54,-113.46,-1.23,0.74,1.86,0.75,1.72,3.28,2.28,3.77,4.93
2078-01-01,49.54,-113.46,-2.26,0.87,1.48,0.52,2.03,3.57,1.91,4.11,5.52
2079-01-01,49.54,-113.46,-1.20,0.40,1.74,0.08,2.24,3.77,2.34,3.83,5.28
2080-01-01,49.54,-113.46,-0.80,0.65,1.97,0.79,1.43,3.72,1.84,3.89,5.72
2081-01-01,49.54,-113.46,-0.28,0.50,2.19,0.32,1.84,3.98,2.56,4.07,5.79
2082-01-01,49.54,-113.46,-0.66,0.86,2.28,0.92,1.99,3.51,2.97,4.75,5.73
2083-01-01,49.54,-113.46,-0.75,0.79,2.49,0.25,1.70,3.35,1.84,4.30,5.34
2084-01-01,49.54,-113.46,-0.75,0.60,1.61,0.28,2.17,3.67,1.98,4.09,6.08
2085-01-01,49.54,-113.46,0.01,0.67,2.17,-0.45,1.95,3.35,1.87,4.12,5.77
2086-01-01,49.54,-113.46,-0.40,0.84,2.07,0.45,1.45,4.14,2.61,3.81,5.79
2087-01-01,49.54,-113.46,-0.94,0.28,2.54,0.07,1.65,3.85,3.29,4.43,5.54
2088-01-01,49.54,-113.46,-0.19,1.13,3.15,0.44,1.60,3.18,2.14,4.22,5.72
2089-01-01,49.54,-113.46,-0.14,0.97,2.70,-0.03,2.29,3.66,2.64,4.70,6.18
2090-01-01,49.54,-113.46,-0.92,0.28,2.28,0.63,2.37,3.93,3.36,4.47,5.95
2091-01-01,49.54,-113.46,-0.54,0.59,2.11,0.81,2.08,3.38,3.40,5.20,6.18
2092-01-01,49.54,-113.46,-0.73,0.86,2.10,0.44,2.57,3.80,2.95,4.97,6.18
2093-01-01,49.54,-113.46,-0.48,0.36,2.46,0.51,2.20,3.02,2.50,4.81,6.22
2094-01-01,49.54,-113.46,-0.94,0.55,1.65,-0.12,1.83,3.29,2.22,4.97,6.60
2095-01-01,49.54,-113.46,-0.66,0.69,2.85,0.35,2.22,3.56,2.53,4.28,6.81
2096-01-01,49.54,-113.46,-0.65,0.35,2.35,1.14,1.95,3.05,2.58,5.17,6.43
2097-01-01,49.54,-113.46,-0.27,0.90,2.56,-0.58,2.38,3.87,3.43,5.25,7.15
2098-01-01,49.54,-113.46,-0.86,0.41,1.49,0.17,2.17,3.68,3.43,5.44,7.18
2099-01-01,49.54,-113.46,-0.62,0.99,2.81,0.50,2.65,4.18,3.11,5.31,7.51
2100-01-01,49.54,-113.46,-0.51,1.05,2.66,0.31,1.88,3.56,4.03,5.47,7.23
1950-01-01,49.54,-112.38,-2.13,-0.78,0.46,-2.13,-0.78,0.46,-2.13,-0.78,0.46
1951-01-01,49.54,-112.38,-2.10,-1.01,0.73,-2.10,-1.01,0.73,-2.10,-1.10,0.73
1952-01-01,49.54,-112.38,-2.51,-1.41,-0.41,-2.51,-1.41,-0.41,-2.51,-1.41,-0.41
1953-01-01,49.54,-112.38,-2.35,-1.19,-0.06,-2.35,-1.19,-0.06,-2.35,-1.19,-0.06
1954-01-01,49.54,-112.38,-2.08,-1.25,0.06,-2.08,-1.25,0.06,-2.08,-1.25,0.06
1955-01-01,49.54,-112.38,-2.42,-1.26,-0.29,-2.42,-1.26,-0.29,-2.42,-1.26,-0.29
1956-01-01,49.54,-112.38,-2.33,-1.16,0.28,-2.33,-1.16,0.28,-2.33,-1.16,0.28
1957-01-01,49.54,-112.38,-3.19,-1.30,0.44,-3.19,-1.30,0.44,-3.19,-1.30,0.44
1958-01-01,49.54,-112.38,-2.90,-1.38,-0.47,-2.90,-1.38,-0.47,-2.90,-1.39,-0.47
1959-01-01,49.54,-112.38,-2.69,-1.33,-0.31,-2.69,-1.33,-0.31,-2.69,-1.33,-0.31
1960-01-01,49.54,-112.38,-2.88,-1.33,0.23,-2.88,-1.33,0.23,-2.88,-1.33,0.23
1961-01-01,49.54,-112.38,-2.31,-1.00,0.26,-2.31,-1.00,0.26,-2.31,-1.00,0.26
1962-01-01,49.54,-112.38,-2.72,-0.82,0.31,-2.72,-0.82,0.31,-2.72,-0.82,0.31
1963-01-01,49.54,-112.38,-1.80,-1.02,0.41,-1.80,-1.02,0.41,-1.80,-1.06,0.41
1964-01-01,49.54,-112.38,-3.18,-1.83,-0.59,-3.18,-1.83,-0.59,-3.18,-1.83,-0.59
1965-01-01,49.54,-112.38,-2.85,-1.53,-0.86,-2.85,-1.53,-0.86,-2.88,-1.53,-0.86
1966-01-01,49.54,-112.38,-2.77,-1.70,0.08,-2.77,-1.70,0.08,-2.77,-1.70,0.07
1967-01-01,49.54,-112.38,-2.20,-1.17,0.33,-2.20,-1.17,0.33,-2.20,-1.17,0.33
1968-01-01,49.54,-112.38,-3.36,-1.43,-0.07,-3.36,-1.43,-0.07,-3.36,-1.43,-0.09
1969-01-01,49.54,-112.38,-2.59,-1.64,-0.13,-2.59,-1.64,-0.13,-2.59,-1.64,-0.13
1970-01-01,49.54,-112.38,-2.76,-1.46,-0.20,-2.76,-1.46,-0.20,-2.76,-1.46,-0.20
1971-01-01,49.54,-112.38,-1.97,-1.24,-0.17,-1.97,-1.24,-0.17,-1.97,-1.27,-0.17
1972-01-01,49.54,-112.38,-2.41,-1.35,-0.56,-2.41,-1.35,-0.56,-2.41,-1.44,-0.56
1973-01-01,49.54,-112.38,-2.32,-1.29,0.24,-2.32,-1.29,0.24,-2.32,-1.29,0.24
1974-01-01,49.54,-112.38,-3.25,-1.21,-0.12,-3.25,-1.21,-0.12,-3.25,-1.21,-0.12
1975-01-01,49.54,-112.38,-1.94,-1.44,-0.69,-1.94,-1.44,-0.69,-1.94,-1.44,-0.72
1976-01-01,49.54,-112.38,-2.27,-1.06,0.33,-2.27,-1.06,0.33,-2.27,-1.06,0.33
1977-01-01,49.54,-112.38,-2.19,-0.84,0.15,-2.19,-0.84,0.15,-2.19,-0.84,0.15
1978-01-01,49.54,-112.38,-1.67,-0.82,-0.01,-1.67,-0.82,-0.01,-1.67,-0.82,-0.01
1979-01-01,49.54,-112.38,-2.42,-0.91,0.35,-2.42,-0.91,0.35,-2.42,-0.91,0.35
1980-01-01,49.54,-112.38,-2.32,-1.27,0.39,-2.34,-1.27,0.39,-2.34,-1.25,0.37
1981-01-01,49.54,-112.38,-2.93,-1.12,0.15,-2.93,-1.12,0.16,-2.93,-1.12,0.17
1982-01-01,49.54,-112.38,-2.86,-1.15,-0.11,-2.88,-1.13,-0.12,-2.86,-1.18,-0.12
1983-01-01,49.54,-112.38,-2.23,-1.29,-0.18,-2.22,-1.31,-0.17,-2.23,-1.30,-0.16
1984-01-01,49.54,-112.38,-2.18,-0.57,0.17,-2.18,-0.58,0.18,-2.19,-0.58,0.18
1985-01-01,49.54,-112.38,-2.67,-1.32,-0.24,-2.68,-1.30,-0.27,-2.69,-1.31,-0.24
1986-01-01,49.54,-112.38,-1.41,-1.04,0.25,-1.36,-1.03,0.26,-1.35,-1.04,0.26
1987-01-01,49.54,-112.38,-2.15,-0.87,-0.40,-2.14,-0.87,-0.36,-2.13,-0.89,-0.34
1988-01-01,49.54,-112.38,-2.42,-0.99,-0.17,-2.41,-1.00,-0.18,-2.42,-1.00,-0.17
1989-01-01,49.54,-112.38,-1.76,-0.94,0.31,-1.74,-0.95,0.28,-1.74,-0.99,0.28
1990-01-01,49.54,-112.38,-2.30,-0.74,0.32,-2.30,-0.76,0.30,-2.31,-0.75,0.31
1991-01-01,49.54,-112.38,-2.32,-0.77,0.49,-2.32,-0.77,0.49,-2.39,-0.78,0.49
1992-01-01,49.54,-112.38,-2.64,-1.36,0.70,-2.64,-1.36,0.70,-2.62,-1.36,0.70
1993-01-01,49.54,-112.38,-2.06,-0.85,0.38,-2.05,-0.83,0.40,-2.06,-0.85,0.40
1994-01-01,49.54,-112.38,-2.36,-0.83,0.44,-2.37,-0.83,0.43,-2.36,-0.83,0.43
1995-01-01,49.54,-112.38,-2.77,-1.33,0.83,-2.71,-1.33,0.83,-2.70,-1.41,0.83
1996-01-01,49.54,-112.38,-2.14,-0.92,0.03,-2.15,-0.91,0.05,-2.14,-0.91,0.07
1997-01-01,49.54,-112.38,-2.21,-0.75,1.17,-2.21,-0.75,1.17,-2.23,-0.74,1.16
1998-01-01,49.54,-112.38,-1.50,-0.75,0.61,-1.51,-0.75,0.62,-1.49,-0.76,0.62
1999-01-01,49.54,-112.38,-1.44,-0.46,0.40,-1.43,-0.46,0.42,-1.43,-0.49,0.40
2000-01-01,49.54,-112.38,-1.08,-0.25,0.67,-1.07,-0.26,0.69,-1.07,-0.26,0.69
2001-01-01,49.54,-112.38,-1.51,-0.63,0.63,-1.53,-0.62,0.62,-1.52,-0.63,0.61
2002-01-01,49.54,-112.38,-1.94,-0.13,0.81,-1.97,-0.12,0.83,-1.96,-0.14,0.83
2003-01-01,49.54,-112.38,-1.82,-0.63,0.93,-1.79,-0.65,0.93,-1.79,-0.63,0.93
2004-01-01,49.54,-112.38,-1.67,-0.37,1.13,-1.66,-0.36,1.11,-1.66,-0.37,1.11
2005-01-01,49.54,-112.38,-1.83,-0.41,1.35,-1.83,-0.40,1.35,-1.68,-0.39,1.36
2006-01-01,49.54,-112.38,-1.84,-0.16,0.58,-1.10,0.17,1.53,-0.97,0.07,0.97
2007-01-01,49.54,-112.38,-1.41,-0.57,1.11,-1.34,-0.37,0.78,-1.22,0.25,1.44
2008-01-01,49.54,-112.38,-0.88,0.07,0.81,-1.96,-0.28,0.91,-1.52,-0.03,0.95
2009-01-01,49.54,-112.38,-1.03,0.28,1.31,-0.72,-0.06,1.09,-1.45,-0.03,1.16
2010-01-01,49.54,-112.38,-1.93,0.05,1.31,-1.04,-0.13,1.13,-1.97,-0.37,1.08
2011-01-01,49.54,-112.38,-1.77,-0.34,1.00,-0.88,0.11,1.10,-1.30,-0.52,1.17
2012-01-01,49.54,-112.38,-1.01,0.25,1.59,-1.02,-0.28,0.74,-1.33,-0.15,1.45
2013-01-01,49.54,-112.38,-1.40,0.14,1.29,-1.32,-0.39,0.67,-1.31,0.14,1.07
2014-01-01,49.54,-112.38,-1.60,0.38,1.66,-1.14,-0.31,1.40,-1.42,0.23,1.56
2015-01-01,49.54,-112.38,-0.85,0.45,1.30,-1.58,0.15,0.86,-1.74,-0.04,0.95
2016-01-01,49.54,-112.38,-0.75,0.37,2.17,-1.48,-0.07,1.10,-0.84,0.35,1.46
2017-01-01,49.54,-112.38,-1.61,0.16,1.54,-0.85,0.00,1.26,-1.14,0.32,1.95
2018-01-01,49.54,-112.38,-1.60,0.33,1.49,-1.60,0.05,1.65,-1.41,0.40,2.12
2019-01-01,49.54,-112.38,-0.52,0.03,1.10,-0.97,0.29,1.89,-1.87,0.55,1.59
2020-01-01,49.54,-112.38,-0.68,0.24,1.96,-1.36,0.18,1.68,-0.66,0.42,1.43
2021-01-01,49.54,-112.38,-0.72,0.29,1.50,-0.74,0.38,1.67,-1.47,0.40,1.43
2022-01-01,49.54,-112.38,-1.54,0.19,2.48,-1.18,0.13,1.07,-0.89,1.13,2.16
2023-01-01,49.54,-112.38,-1.06,0.80,1.42,-1.28,0.93,1.96,-0.32,0.55,1.90
2024-01-01,49.54,-112.38,-0.57,0.80,1.93,-0.27,1.03,2.05,-0.47,0.52,1.85
2025-01-01,49.54,-112.38,-1.23,0.42,1.34,-0.81,0.51,2.13,-0.38,0.56,1.96
2026-01-01,49.54,-112.38,-0.29,0.47,1.45,-0.57,0.94,2.84,-0.69,0.44,1.71
2027-01-01,49.54,-112.38,-1.22,0.59,2.41,-0.80,0.77,1.82,-0.84,0.77,2.09
2028-01-01,49.54,-112.38,-0.60,0.62,2.19,-0.96,0.90,2.26,-0.40,1.21,2.59
2029-01-01,49.54,-112.38,-0.75,0.70,1.84,-1.12,0.18,1.86,-0.17,1.01,2.07
2030-01-01,49.54,-112.38,0.05,0.67,1.88,-0.26,0.46,1.67,-0.73,0.97,2.33
2031-01-01,49.54,-112.38,-0.92,0.42,2.37,-0.68,0.78,1.97,-0.51,0.46,2.08
2032-01-01,49.54,-112.38,-1.36,0.59,2.11,-1.08,1.02,2.68,-0.78,0.60,1.84
2033-01-01,49.54,-112.38,-0.33,0.41,2.43,-0.30,0.67,2.35,-0.55,1.16,2.64
2034-01-01,49.54,-112.38,-0.81,0.94,2.07,0.14,1.03,1.86,-0.78,1.60,2.85
2035-01-01,49.54,-112.38,-0.53,0.98,2.05,-0.67,0.97,2.27,0.28,1.84,2.87
2036-01-01,49.54,-112.38,-0.53,1.16,2.62,-0.94,0.45,2.23,-0.96,1.01,2.23
2037-01-01,49.54,-112.38,-0.47,0.68,1.97,0.15,1.44,2.68,0.13,1.40,3.12
2038-01-01,49.54,-112.38,-0.69,1.00,1.77,0.29,1.17,2.63,0.26,1.46,2.40
2039-01-01,49.54,-112.38,-0.56,0.67,2.65,-0.23,0.70,2.07,-0.22,1.53,3.35
2040-01-01,49.54,-112.38,-0.33,0.68,2.56,-0.04,0.97,2.24,-0.43,1.69,3.09
2041-01-01,49.54,-112.38,-1.37,0.48,2.53,-0.09,1.09,2.32,0.23,1.41,3.29
2042-01-01,49.54,-112.38,-0.56,0.54,2.46,0.29,1.31,2.16,0.47,1.25,3.11
2043-01-01,49.54,-112.38,-0.18,0.82,1.47,-0.28,1.37,2.73,0.28,1.88,2.88
2044-01-01,49.54,-112.38,-1.35,0.92,2.62,-0.35,1.78,2.81,-0.25,1.28,3.24
2045-01-01,49.54,-112.38,-0.35,1.26,2.63,-0.15,1.66,3.38,-0.01,1.64,2.93
2046-01-01,49.54,-112.38,-0.21,1.14,2.69,0.23,1.86,3.16,0.60,1.73,3.13
2047-01-01,49.54,-112.38,-0.89,0.80,2.90,0.70,1.60,2.81,0.73,2.00,2.94
2048-01-01,49.54,-112.38,-0.36,0.91,2.49,-0.43,1.08,2.72,0.59,2.33,3.65
2049-01-01,49.54,-112.38,-0.95,0.81,1.90,-0.04,1.37,3.39,0.48,2.25,3.75
2050-01-01,49.54,-112.38,-0.30,1.52,2.14,0.13,1.32,3.15,0.38,2.05,3.74
2051-01-01,49.54,-112.38,-0.62,1.45,2.61,0.19,1.49,3.20,0.69,2.41,3.70
2052-01-01,49.54,-112.38,-0.54,0.69,2.67,0.69,1.84,3.45,0.19,2.08,4.35
2053-01-01,49.54,-112.38,-1.02,0.66,2.15,0.68,2.08,3.13,1.41,2.42,3.72
2054-01-01,49.54,-112.38,-0.11,1.33,2.81,0.34,1.84,3.24,1.31,2.52,3.45
2055-01-01,49.54,-112.38,-0.28,1.37,3.08,0.32,2.21,3.49,1.23,2.41,4.11
2056-01-01,49.54,-112.38,-0.36,1.51,2.93,0.19,1.35,2.74,1.44,2.58,3.46
2057-01-01,49.54,-112.38,-0.77,1.26,2.68,0.50,1.86,3.17,0.80,2.44,4.26
2058-01-01,49.54,-112.38,-0.76,1.05,2.97,0.76,2.17,3.75,1.61,2.66,4.71
2059-01-01,49.54,-112.38,-0.46,1.20,3.09,0.28,1.99,3.08,1.73,3.00,4.55
2060-01-01,49.54,-112.38,0.12,1.28,2.76,0.67,1.45,3.20,1.24,2.80,4.77
2061-01-01,49.54,-112.38,-0.09,1.42,2.90,0.40,1.55,3.42,1.11,2.28,4.60
2062-01-01,49.54,-112.38,-0.40,0.68,3.04,0.68,2.23,3.49,1.54,3.01,4.40
2063-01-01,49.54,-112.38,-0.96,1.38,2.02,-0.19,1.85,4.07,1.42,3.19,5.08
2064-01-01,49.54,-112.38,-1.10,1.19,2.69,1.29,2.21,3.95,1.50,3.41,4.66
2065-01-01,49.54,-112.38,-0.54,1.08,2.48,0.32,2.23,3.65,1.26,3.19,4.92
2066-01-01,49.54,-112.38,-0.10,1.03,2.19,1.02,2.40,3.88,1.48,3.53,4.63
2067-01-01,49.54,-112.38,-0.09,0.92,2.41,0.90,2.09,3.23,1.21,3.82,5.15
2068-01-01,49.54,-112.38,-0.47,1.20,2.28,0.51,1.63,3.40,1.91,3.75,5.04
2069-01-01,49.54,-112.38,-0.50,1.22,2.36,0.01,1.87,3.41,2.70,4.35,5.48
2070-01-01,49.54,-112.38,0.20,0.99,2.73,0.52,2.27,3.63,1.92,3.74,5.62
2071-01-01,49.54,-112.38,0.12,1.25,2.39,1.33,2.55,4.07,1.98,3.58,5.43
2072-01-01,49.54,-112.38,-0.77,0.69,2.45,0.33,2.83,4.15,1.78,3.97,5.08
2073-01-01,49.54,-112.38,-0.31,1.41,2.75,0.70,2.21,4.21,2.17,3.80,5.38
2074-01-01,49.54,-112.38,0.49,1.18,2.41,0.76,1.92,4.27,2.03,3.63,5.30
2075-01-01,49.54,-112.38,-0.07,1.22,2.86,0.96,2.25,3.61,3.07,4.09,5.51
2076-01-01,49.54,-112.38,-0.13,1.28,2.70,1.33,2.20,3.50,2.71,3.93,5.37
2077-01-01,49.54,-112.38,-0.89,1.30,2.31,1.29,2.20,3.67,2.79,4.27,5.39
2078-01-01,49.54,-112.38,-1.68,1.27,2.00,0.89,2.31,3.97,2.46,4.42,6.02
2079-01-01,49.54,-112.38,-0.64,0.79,2.08,0.45,2.60,4.23,2.97,4.29,5.80
2080-01-01,49.54,-112.38,-0.21,1.22,2.59,1.24,1.96,4.10,2.42,4.49,6.15
2081-01-01,49.54,-112.38,0.02,0.83,2.47,0.62,2.28,4.40,2.98,4.68,6.03
2082-01-01,49.54,-112.38,-0.19,1.21,2.51,1.28,2.33,3.94,3.38,5.26,6.17
2083-01-01,49.54,-112.38,-0.31,1.09,2.88,0.51,2.00,3.75,2.04,4.59,5.67
2084-01-01,49.54,-112.38,-0.37,0.99,2.18,0.64,2.68,3.88,2.46,4.40,6.32
2085-01-01,49.54,-112.38,0.28,1.01,2.79,0.12,2.46,3.78,2.18,4.74,6.01
2086-01-01,49.54,-112.38,-0.06,1.22,2.52,0.85,2.09,4.41,3.04,4.32,6.00
2087-01-01,49.54,-112.38,-0.59,0.83,3.06,0.59,2.09,4.34,3.70,4.78,5.86
2088-01-01,49.54,-112.38,0.18,1.64,3.28,0.69,2.10,3.59,2.50,4.70,5.99
2089-01-01,49.54,-112.38,0.26,1.42,3.00,0.21,2.64,3.93,2.85,5.27,6.24
2090-01-01,49.54,-112.38,-0.48,0.83,2.73,0.94,2.55,4.43,3.55,4.79,6.42
2091-01-01,49.54,-112.38,-0.08,1.12,2.38,1.22,2.47,3.86,3.62,5.65,6.61
2092-01-01,49.54,-112.38,-0.34,1.21,2.31,0.75,3.07,4.16,3.35,5.25,6.57
2093-01-01,49.54,-112.38,-0.05,0.68,2.81,0.95,2.47,3.58,2.80,5.34,6.69
2094-01-01,49.54,-112.38,-0.57,0.94,2.13,0.44,2.44,3.74,2.56,5.33,7.01
2095-01-01,49.54,-112.38,-0.11,1.15,3.20,0.79,2.60,3.99,2.76,4.67,6.98
2096-01-01,49.54,-112.38,-0.18,0.91,2.53,1.47,2.56,3.78,2.64,5.62,6.95
2097-01-01,49.54,-112.38,0.13,1.29,2.90,-0.04,2.81,4.34,3.78,5.70,7.56
2098-01-01,49.54,-112.38,-0.09,0.83,1.86,0.73,2.50,3.92,3.68,5.61,7.34
2099-01-01,49.54,-112.38,-0.14,1.23,3.10,1.00,2.97,4.60,3.61,5.61,7.93
2100-01-01,49.54,-112.38,-0.06,1.42,3.01,0.73,2.29,4.07,4.21,5.93,7.48
1950-01-01,49.79,-112.79,-2.08,-0.85,0.51,-2.08,-0.85,0.51,-2.08,-0.85,0.51
1951-01-01,49.79,-112.79,-2.16,-1.00,0.85,-2.16,-1.00,0.85,-2.16,-1.09,0.85
1952-01-01,49.79,-112.79,-2.56,-1.42,-0.43,-2.56,-1.42,-0.43,-2.56,-1.42,-0.43
1953-01-01,49.79,-112.79,-2.45,-1.19,-0.08,-2.45,-1.19,-0.08,-2.45,-1.19,-0.08
1954-01-01,49.79,-112.79,-2.14,-1.26,0.08,-2.14,-1.26,0.08,-2.14,-1.26,0.08
1955-01-01,49.79,-112.79,-2.41,-1.31,-0.26,-2.41,-1.31,-0.26,-2.41,-1.31,-0.26
1956-01-01,49.79,-112.79,-2.43,-1.18,0.38,-2.43,-1.18,0.38,-2.43,-1.18,0.38
1957-01-01,49.79,-112.79,-3.22,-1.34,0.50,-3.22,-1.34,0.50,-3.22,-1.34,0.50
1958-01-01,49.79,-112.79,-2.88,-1.36,-0.51,-2.88,-1.36,-0.51,-2.88,-1.42,-0.51
1959-01-01,49.79,-112.79,-2.78,-1.36,-0.29,-2.78,-1.36,-0.29,-2.78,-1.36,-0.29
1960-01-01,49.79,-112.79,-2.91,-1.36,0.28,-2.91,-1.36,0.28,-2.91,-1.36,0.28
1961-01-01,49.79,-112.79,-2.35,-0.98,0.36,-2.35,-0.98,0.36,-2.35,-0.98,0.36
1962-01-01,49.79,-112.79,-2.78,-0.82,0.35,-2.78,-0.82,0.35,-2.78,-0.82,0.35
1963-01-01,49.79,-112.79,-1.86,-1.05,0.47,-1.86,-1.05,0.47,-1.86,-1.07,0.47
1964-01-01,49.79,-112.79,-3.12,-1.84,-0.58,-3.12,-1.84,-0.58,-3.12,-1.84,-0.58
1965-01-01,49.79,-112.79,-2.85,-1.48,-0.78,-2.85,-1.48,-0.78,-2.90,-1.48,-0.78
1966-01-01,49.79,-112.79,-2.76,-1.71,-0.00,-2.76,-1.71,-0.00,-2.76,-1.71,-0.00
1967-01-01,49.79,-112.79,-2.24,-1.24,0.29,-2.24,-1.24,0.29,-2.24,-1.24,0.29
1968-01-01,49.79,-112.79,-3.41,-1.50,0.03,-3.41,-1.50,0.03,-3.41,-1.50,-0.04
1969-01-01,49.79,-112.79,-2.70,-1.67,-0.03,-2.70,-1.67,-0.03,-2.70,-1.67,-0.03
1970-01-01,49.79,-112.79,-2.81,-1.51,-0.17,-2.81,-1.51,-0.17,-2.81,-1.51,-0.17
1971-01-01,49.79,-112.79,-2.00,-1.31,-0.09,-2.00,-1.32,-0.09,-2.00,-1.33,-0.09
1972-01-01,49.79,-112.79,-2.47,-1.34,-0.62,-2.47,-1.34,-0.62,-2.47,-1.42,-0.62
1973-01-01,49.79,-112.79,-2.33,-1.31,0.20,-2.33,-1.31,0.20,-2.33,-1.31,0.20
1974-01-01,49.79,-112.79,-3.22,-1.15,-0.06,-3.22,-1.15,-0.06,-3.22,-1.15,-0.06
1975-01-01,49.79,-112.79,-1.95,-1.45,-0.69,-1.95,-1.45,-0.69,-1.95,-1.45,-0.69
1976-01-01,49.79,-112.79,-2.38,-1.13,0.28,-2.38,-1.13,0.28,-2.38,-1.13,0.28
1977-01-01,49.79,-112.79,-2.16,-0.86,0.13,-2.16,-0.86,0.13,-2.16,-0.89,0.13
1978-01-01,49.79,-112.79,-1.69,-0.79,0.07,-1.69,-0.79,0.07,-1.69,-0.79,0.07
1979-01-01,49.79,-112.79,-2.51,-0.92,0.36,-2.51,-0.92,0.36,-2.51,-0.92,0.36
1980-01-01,49.79,-112.79,-2.43,-1.29,0.40,-2.44,-1.30,0.40,-2.44,-1.28,0.38
1981-01-01,49.79,-112.79,-3.03,-1.16,0.10,-3.03,-1.16,0.12,-3.05,-1.16,0.12
1982-01-01,49.79,-112.79,-2.91,-1.22,-0.17,-2.93,-1.22,-0.17,-2.91,-1.23,-0.17
1983-01-01,49.79,-112.79,-2.34,-1.25,-0.16,-2.33,-1.27,-0.15,-2.33,-1.27,-0.14
1984-01-01,49.79,-112.79,-2.17,-0.55,0.13,-2.17,-0.55,0.15,-2.18,-0.56,0.14
1985-01-01,49.79,-112.79,-2.74,-1.36,-0.27,-2.74,-1.37,-0.28,-2.75,-1.38,-0.28
1986-01-01,49.79,-112.79,-1.44,-1.03,0.36,-1.40,-1.04,0.37,-1.39,-1.03,0.37
1987-01-01,49.79,-112.79,-2.21,-0.88,-0.42,-2.21,-0.88,-0.38,-2.20,-0.95,-0.35
1988-01-01,49.79,-112.79,-2.51,-1.01,-0.15,-2.51,-1.00,-0.16,-2.51,-1.02,-0.15
1989-01-01,49.79,-112.79,-1.79,-0.99,0.34,-1.79,-1.01,0.30,-1.80,-0.98,0.30
1990-01-01,49.79,-112.79,-2.32,-0.77,0.31,-2.32,-0.80,0.30,-2.33,-0.78,0.30
1991-01-01,49.79,-112.79,-2.36,-0.80,0.54,-2.36,-0.80,0.56,-2.38,-0.81,0.56
1992-01-01,49.79,-112.79,-2.80,-1.35,0.76,-2.79,-1.35,0.77,-2.77,-1.35,0.76
1993-01-01,49.79,-112.79,-2.11,-0.86,0.41,-2.10,-0.84,0.43,-2.11,-0.86,0.42
1994-01-01,49.79,-112.79,-2.41,-0.86,0.46,-2.42,-0.86,0.44,-2.41,-0.88,0.44
1995-01-01,49.79,-112.79,-2.79,-1.37,0.81,-2.73,-1.37,0.81,-2.72,-1.45,0.81
1996-01-01,49.79,-112.79,-2.17,-0.89,0.06,-2.13,-0.89,0.09,-2.12,-0.90,0.11
1997-01-01,49.79,-112.79,-2.24,-0.73,1.26,-2.24,-0.72,1.26,-2.26,-0.72,1.24
1998-01-01,49.79,-112.79,-1.59,-0.75,0.53,-1.61,-0.75,0.54,-1.58,-0.75,0.54
1999-01-01,49.79,-112.79,-1.50,-0.42,0.43,-1.49,-0.44,0.45,-1.49,-0.45,0.43
2000-01-01,49.79,-112.79,-1.19,-0.22,0.64,-1.17,-0.23,0.66,-1.18,-0.27,0.65
2001-01-01,49.79,-112.79,-1.49,-0.66,0.68,-1.51,-0.62,0.67,-1.51,-0.62,0.66
2002-01-01,49.79,-112.79,-2.00,-0.11,0.87,-2.02,-0.10,0.87,-2.01,-0.11,0.88
2003-01-01,49.79,-112.79,-1.88,-0.65,0.97,-1.87,-0.64,0.98,-1.87,-0.63,0.97
2004-01-01,49.79,-112.79,-1.57,-0.39,1.11,-1.56,-0.39,1.08,-1.56,-0.40,1.08
2005-01-01,49.79,-112.79,-1.92,-0.34,1.40,-1.92,-0.33,1.41,-1.73,-0.32,1.40
2006-01-01,49.79,-112.79,-1.83,-0.15,0.67,-1.09,0.21,1.59,-0.91,0.05,0.98
2007-01-01,49.79,-112.79,-1.38,-0.55,1.15,-1.36,-0.40,0.82,-1.25,0.32,1.40
2008-01-01,49.79,-112.79,-0.93,0.20,0.87,-1.99,-0.22,0.94,-1.54,-0.03,1.00
2009-01-01,49.79,-112.79,-1.06,0.34,1.38,-0.74,-0.06,1.17,-1.52,0.07,1.24
2010-01-01,49.79,-112.79,-2.03,-0.01,1.37,-1.16,-0.15,1.14,-1.91,-0.34,1.11
2011-01-01,49.79,-112.79,-1.93,-0.35,1.06,-0.82,0.02,1.13,-1.33,-0.62,1.24
2012-01-01,49.79,-112.79,-0.96,0.24,1.65,-1.15,-0.36,0.73,-1.36,-0.20,1.44
2013-01-01,49.79,-112.79,-1.48,0.15,1.32,-1.41,-0.35,0.71,-1.48,0.14,1.05
2014-01-01,49.79,-112.79,-1.72,0.33,1.61,-1.30,-0.31,1.49,-1.51,0.31,1.58
2015-01-01,49.79,-112.79,-0.78,0.40,1.32,-1.60,0.13,0.88,-1.77,-0.03,1.08
2016-01-01,49.79,-112.79,-0.74,0.41,2.20,-1.53,-0.09,1.14,-0.91,0.39,1.53
2017-01-01,49.79,-112.79,-1.64,0.15,1.60,-0.92,0.08,1.24,-1.18,0.33,1.98
2018-01-01,49.79,-112.79,-1.75,0.36,1.51,-1.66,0.07,1.66,-1.57,0.28,2.18
2019-01-01,49.79,-112.79,-0.54,0.03,1.15,-1.01,0.23,1.90,-1.90,0.56,1.66
2020-01-01,49.79,-112.79,-0.70,0.20,1.97,-1.40,0.18,1.79,-0.83,0.38,1.43
2021-01-01,49.79,-112.79,-0.74,0.25,1.51,-0.82,0.34,1.70,-1.51,0.29,1.38
2022-01-01,49.79,-112.79,-1.50,0.12,2.52,-1.27,0.08,1.04,-0.96,1.13,2.24
2023-01-01,49.79,-112.79,-1.08,0.77,1.44,-1.32,0.95,1.91,-0.27,0.58,1.90
2024-01-01,49.79,-112.79,-0.61,0.81,1.96,-0.29,1.11,2.05,-0.57,0.53,1.75
2025-01-01,49.79,-112.79,-1.33,0.45,1.29,-0.91,0.48,2.06,-0.37,0.55,2.03
2026-01-01,49.79,-112.79,-0.21,0.48,1.49,-0.60,1.02,2.93,-0.67,0.35,1.72
2027-01-01,49.79,-112.79,-1.31,0.62,2.46,-0.82,0.74,1.84,-0.86,0.76,2.11
2028-01-01,49.79,-112.79,-0.55,0.60,2.16,-1.00,0.93,2.35,-0.38,1.27,2.71
2029-01-01,49.79,-112.79,-0.77,0.71,1.84,-1.16,0.15,1.91,-0.19,0.97,2.09
2030-01-01,49.79,-112.79,0.02,0.65,1.88,-0.23,0.43,1.71,-0.79,0.96,2.37
2031-01-01,49.79,-112.79,-1.00,0.41,2.43,-0.69,0.77,2.06,-0.51,0.39,2.15
2032-01-01,49.79,-112.79,-1.38,0.59,2.18,-1.04,1.05,2.74,-0.81,0.64,1.95
2033-01-01,49.79,-112.79,-0.34,0.43,2.40,-0.39,0.69,2.41,-0.57,1.21,2.71
2034-01-01,49.79,-112.79,-0.84,0.95,2.03,0.08,1.00,1.89,-0.79,1.63,2.91
2035-01-01,49.79,-112.79,-0.56,1.03,2.06,-0.71,0.98,2.37,0.35,1.85,2.96
2036-01-01,49.79,-112.79,-0.60,1.00,2.64,-1.01,0.53,2.28,-0.97,1.04,2.27
2037-01-01,49.79,-112.79,-0.48,0.69,2.05,0.17,1.45,2.75,0.09,1.35,3.19
2038-01-01,49.79,-112.79,-0.66,1.07,1.77,0.29,1.22,2.67,0.25,1.55,2.48
2039-01-01,49.79,-112.79,-0.57,0.66,2.83,-0.31,0.68,2.17,-0.01,1.53,3.40
2040-01-01,49.79,-112.79,-0.35,0.63,2.63,-0.11,0.89,2.29,-0.49,1.64,3.11
2041-01-01,49.79,-112.79,-1.43,0.45,2.54,-0.15,1.10,2.30,0.16,1.39,3.37
2042-01-01,49.79,-112.79,-0.51,0.43,2.47,0.26,1.23,2.21,0.44,1.21,3.10
2043-01-01,49.79,-112.79,-0.22,0.87,1.57,-0.32,1.40,2.78,0.20,1.93,2.95
2044-01-01,49.79,-112.79,-1.39,0.83,2.67,-0.39,1.75,2.87,-0.23,1.23,3.33
2045-01-01,49.79,-112.79,-0.35,1.24,2.69,-0.19,1.65,3.41,0.02,1.59,2.91
2046-01-01,49.79,-112.79,-0.15,1.10,2.69,0.22,1.80,3.21,0.57,1.75,3.09
2047-01-01,49.79,-112.79,-1.06,0.78,2.93,0.69,1.59,2.79,0.84,1.97,2.92
2048-01-01,49.79,-112.79,-0.38,0.88,2.51,-0.49,1.01,2.78,0.53,2.35,3.60
2049-01-01,49.79,-112.79,-1.03,0.80,1.91,-0.03,1.39,3.38,0.37,2.31,3.76
2050-01-01,49.79,-112.79,-0.35,1.48,2.15,0.07,1.26,3.06,0.30,2.01,3.73
2051-01-01,49.79,-112.79,-0.61,1.43,2.60,0.13,1.51,3.25,0.66,2.36,3.79
2052-01-01,49.79,-112.79,-0.52,0.72,2.76,0.72,1.88,3.48,0.12,1.96,4.39
2053-01-01,49.79,-112.79,-1.05,0.60,2.20,0.66,2.10,3.23,1.52,2.39,3.71
2054-01-01,49.79,-112.79,-0.11,1.30,2.84,0.27,1.89,3.28,1.21,2.51,3.48
2055-01-01,49.79,-112.79,-0.32,1.52,3.08,0.31,2.26,3.50,1.16,2.47,4.18
2056-01-01,49.79,-112.79,-0.39,1.56,3.04,0.12,1.29,2.75,1.42,2.52,3.49
2057-01-01,49.79,-112.79,-0.82,1.38,2.69,0.48,1.82,3.17,0.69,2.46,4.30
2058-01-01,49.79,-112.79,-0.74,1.06,3.02,0.83,2.15,3.85,1.64,2.69,4.80
2059-01-01,49.79,-112.79,-0.54,1.23,3.15,0.16,2.00,3.13,1.72,3.00,4.62
2060-01-01,49.79,-112.79,0.12,1.22,2.84,0.72,1.46,3.23,1.23,2.86,4.73
2061-01-01,49.79,-112.79,-0.15,1.44,2.95,0.35,1.59,3.41,1.04,2.31,4.64
2062-01-01,49.79,-112.79,-0.36,0.74,3.15,0.69,2.18,3.48,1.59,2.92,4.47
2063-01-01,49.79,-112.79,-1.00,1.43,2.05,-0.27,1.86,4.07,1.33,3.21,5.25
2064-01-01,49.79,-112.79,-0.98,1.15,2.64,1.30,2.28,4.02,1.45,3.42,4.66
2065-01-01,49.79,-112.79,-0.62,1.04,2.52,0.29,2.27,3.69,1.21,3.20,5.02
2066-01-01,49.79,-112.79,-0.21,0.93,2.25,1.05,2.42,4.00,1.51,3.54,4.66
2067-01-01,49.79,-112.79,-0.13,0.93,2.48,0.91,2.10,3.26,1.23,3.93,5.25
2068-01-01,49.79,-112.79,-0.54,1.16,2.36,0.47,1.68,3.53,1.95,3.85,4.99
2069-01-01,49.79,-112.79,-0.55,1.22,2.46,-0.07,1.82,3.41,2.76,4.43,5.65
2070-01-01,49.79,-112.79,0.05,0.98,2.78,0.59,2.26,3.70,1.87,3.65,5.63
2071-01-01,49.79,-112.79,-0.10,1.25,2.40,1.29,2.52,4.11,1.95,3.50,5.42
2072-01-01,49.79,-112.79,-0.75,0.67,2.51,0.32,2.80,4.20,1.81,3.98,5.11
2073-01-01,49.79,-112.79,-0.31,1.37,2.77,0.63,2.18,4.06,2.23,3.75,5.37
2074-01-01,49.79,-112.79,0.56,1.22,2.29,0.71,1.87,4.38,2.04,3.60,5.29
2075-01-01,49.79,-112.79,-0.06,1.20,2.93,0.96,2.25,3.62,3.05,4.08,5.56
2076-01-01,49.79,-112.79,-0.26,1.34,2.73,1.24,2.18,3.45,2.68,3.91,5.33
2077-01-01,49.79,-112.79,-0.95,1.22,2.31,1.27,2.16,3.69,2.70,4.25,5.36
2078-01-01,49.79,-112.79,-1.69,1.29,1.94,0.90,2.36,3.97,2.39,4.45,6.03
2079-01-01,49.79,-112.79,-0.60,0.70,2.16,0.38,2.63,4.22,2.88,4.36,5.80
2080-01-01,49.79,-112.79,-0.34,1.18,2.45,1.24,1.91,4.14,2.35,4.43,6.15
2081-01-01,49.79,-112.79,0.03,0.82,2.52,0.58,2.33,4.46,2.97,4.63,6.10
2082-01-01,49.79,-112.79,-0.28,1.24,2.62,1.32,2.40,3.99,3.45,5.32,6.20
2083-01-01,49.79,-112.79,-0.36,1.07,2.86,0.50,1.95,3.74,1.98,4.68,5.68
2084-01-01,49.79,-112.79,-0.46,1.08,2.15,0.69,2.63,3.93,2.46,4.41,6.37
2085-01-01,49.79,-112.79,0.32,1.10,2.78,0.01,2.44,3.78,2.16,4.67,6.05
2086-01-01,49.79,-112.79,-0.06,1.22,2.57,0.87,2.04,4.48,3.13,4.35,6.01
2087-01-01,49.79,-112.79,-0.65,0.70,3.07,0.59,2.10,4.41,3.69,4.87,5.88
2088-01-01,49.79,-112.79,0.16,1.65,3.46,0.67,2.07,3.65,2.54,4.66,6.09
2089-01-01,49.79,-112.79,0.28,1.37,3.05,0.23,2.69,4.04,2.86,5.20,6.32
2090-01-01,49.79,-112.79,-0.49,0.82,2.70,0.93,2.69,4.44,3.56,4.76,6.48
2091-01-01,49.79,-112.79,-0.04,1.05,2.50,1.27,2.56,3.79,3.63,5.77,6.65
2092-01-01,49.79,-112.79,-0.35,1.21,2.47,0.75,2.95,4.17,3.40,5.29,6.56
2093-01-01,49.79,-112.79,-0.19,0.74,2.91,0.94,2.55,3.57,2.86,5.41,6.71
2094-01-01,49.79,-112.79,-0.53,1.03,2.12,0.41,2.39,3.79,2.54,5.37,7.13
2095-01-01,49.79,-112.79,-0.18,1.06,3.25,0.78,2.56,4.03,2.83,4.71,7.08
2096-01-01,49.79,-112.79,-0.17,0.87,2.57,1.56,2.46,3.65,2.71,5.50,7.00
2097-01-01,49.79,-112.79,0.15,1.32,2.89,-0.13,2.86,4.37,3.90,5.74,7.62
2098-01-01,49.79,-112.79,-0.12,0.80,1.89,0.72,2.58,4.02,3.75,5.75,7.46
2099-01-01,49.79,-112.79,-0.16,1.23,3.13,1.01,2.95,4.62,3.67,5.65,7.99
2100-01-01,49.79,-112.79,-0.10,1.43,3.10,0.77,2.31,4.12,4.30,5.91,7.55
1950-01-01,50.04,-113.54,-2.79,-1.60,-0.26,-2.79,-1.60,-0.26,-2.79,-1.60,-0.26
1951-01-01,50.04,-113.54,-3.00,-1.77,0.21,-3.00,-1.77,0.21,-3.00,-1.85,0.21
1952-01-01,50.04,-113.54,-3.37,-2.25,-1.21,-3.37,-2.25,-1.21,-3.37,-2.25,-1.21
1953-01-01,50.04,-113.54,-3.28,-1.98,-0.84,-3.28,-1.98,-0.84,-3.28,-1.98,-0.84
1954-01-01,50.04,-113.54,-2.80,-2.07,-0.64,-2.80,-2.07,-0.64,-2.80,-2.07,-0.64
1955-01-01,50.04,-113.54,-3.25,-2.07,-1.03,-3.25,-2.07,-1.03,-3.25,-2.07,-1.03
1956-01-01,50.04,-113.54,-3.27,-1.95,-0.33,-3.27,-1.95,-0.33,-3.27,-1.95,-0.33
1957-01-01,50.04,-113.54,-4.01,-2.09,-0.27,-4.01,-2.09,-0.27,-4.01,-2.10,-0.27
1958-01-01,50.04,-113.54,-3.53,-2.08,-1.27,-3.53,-2.08,-1.27,-3.53,-2.08,-1.27
1959-01-01,50.04,-113.54,-3.67,-2.16,-1.04,-3.67,-2.16,-1.04,-3.67,-2.16,-1.04
1960-01-01,50.04,-113.54,-3.66,-2.10,-0.47,-3.66,-2.10,-0.47,-3.66,-2.10,-0.47
1961-01-01,50.04,-113.54,-3.17,-1.71,-0.26,-3.17,-1.71,-0.26,-3.17,-1.71,-0.26
1962-01-01,50.04,-113.54,-3.52,-1.64,-0.42,-3.52,-1.64,-0.42,-3.52,-1.64,-0.42
1963-01-01,50.04,-113.54,-2.69,-1.81,-0.28,-2.69,-1.81,-0.28,-2.69,-1.83,-0.28
1964-01-01,50.04,-113.54,-3.89,-2.66,-1.42,-3.89,-2.66,-1.42,-3.89,-2.66,-1.42
1965-01-01,50.04,-113.54,-3.60,-2.22,-1.53,-3.60,-2.22,-1.53,-3.64,-2.22,-1.53
1966-01-01,50.04,-113.54,-3.57,-2.52,-0.89,-3.57,-2.52,-0.89,-3.57,-2.52,-0.89
1967-01-01,50.04,-113.54,-3.04,-2.09,-0.60,-3.04,-2.09,-0.60,-3.04,-2.09,-0.60
1968-01-01,50.04,-113.54,-4.11,-2.20,-0.75,-4.11,-2.20,-0.75,-4.11,-2.20,-0.79
1969-01-01,50.04,-113.54,-3.44,-2.48,-0.75,-3.44,-2.48,-0.75,-3.44,-2.48,-0.75
1970-01-01,50.04,-113.54,-3.52,-2.30,-0.89,-3.52,-2.30,-0.89,-3.52,-2.30,-0.89
1971-01-01,50.04,-113.54,-2.79,-2.06,-0.91,-2.79,-2.06,-0.91,-2.79,-2.09,-0.91
1972-01-01,50.04,-113.54,-3.33,-2.11,-1.44,-3.33,-2.11,-1.44,-3.33,-2.18,-1.44
1973-01-01,50.04,-113.54,-3.13,-2.12,-0.62,-3.13,-2.12,-0.62,-3.13,-2.12,-0.62
1974-01-01,50.04,-113.54,-3.92,-1.97,-0.81,-3.92,-1.97,-0.81,-3.92,-1.97,-0.81
1975-01-01,50.04,-113.54,-2.83,-2.17,-1.28,-2.83,-2.17,-1.28,-2.83,-2.17,-1.28
1976-01-01,50.04,-113.54,-3.03,-1.90,-0.62,-3.03,-1.90,-0.62,-3.03,-1.90,-0.62
1977-01-01,50.04,-113.54,-2.95,-1.69,-0.71,-2.95,-1.69,-0.71,-2.95,-1.75,-0.71
1978-01-01,50.04,-113.54,-2.44,-1.52,-0.68,-2.44,-1.52,-0.68,-2.44,-1.52,-0.68
1979-01-01,50.04,-113.54,-3.36,-1.65,-0.49,-3.36,-1.65,-0.49,-3.36,-1.65,-0.49
1980-01-01,50.04,-113.54,-3.29,-2.03,-0.40,-3.29,-2.03,-0.39,-3.29,-2.03,-0.42
1981-01-01,50.04,-113.54,-3.78,-1.93,-0.71,-3.77,-1.94,-0.69,-3.88,-1.93,-0.70
1982-01-01,50.04,-113.54,-3.58,-2.02,-0.96,-3.58,-2.01,-0.97,-3.57,-2.01,-0.96
1983-01-01,50.04,-113.54,-3.06,-2.11,-0.88,-3.06,-2.13,-0.89,-3.06,-2.13,-0.88
1984-01-01,50.04,-113.54,-2.85,-1.42,-0.71,-2.84,-1.41,-0.71,-2.85,-1.42,-0.71
1985-01-01,50.04,-113.54,-3.49,-2.16,-1.01,-3.49,-2.15,-1.02,-3.50,-2.14,-1.03
1986-01-01,50.04,-113.54,-2.21,-1.79,-0.34,-2.18,-1.80,-0.37,-2.17,-1.78,-0.37
1987-01-01,50.04,-113.54,-3.03,-1.69,-1.12,-3.02,-1.68,-1.13,-3.02,-1.73,-1.12
1988-01-01,50.04,-113.54,-3.32,-1.81,-0.80,-3.32,-1.81,-0.80,-3.33,-1.81,-0.81
1989-01-01,50.04,-113.54,-2.57,-1.79,-0.46,-2.55,-1.81,-0.50,-2.55,-1.82,-0.51
1990-01-01,50.04,-113.54,-3.10,-1.52,-0.47,-3.08,-1.54,-0.47,-3.11,-1.53,-0.47
1991-01-01,50.04,-113.54,-3.09,-1.58,-0.17,-3.10,-1.59,-0.16,-3.08,-1.59,-0.16
1992-01-01,50.04,-113.54,-3.68,-2.04,-0.07,-3.68,-2.05,-0.07,-3.66,-2.04,-0.06
1993-01-01,50.04,-113.54,-2.95,-1.62,-0.38,-2.95,-1.62,-0.37,-2.95,-1.64,-0.38
1994-01-01,50.04,-113.54,-3.11,-1.77,-0.37,-3.12,-1.75,-0.36,-3.11,-1.76,-0.36
1995-01-01,50.04,-113.54,-3.56,-2.16,0.01,-3.53,-2.15,0.01,-3.52,-2.16,0.01
1996-01-01,50.04,-113.54,-2.93,-1.60,-0.70,-2.90,-1.59,-0.69,-2.89,-1.59,-0.66
1997-01-01,50.04,-113.54,-3.03,-1.42,0.54,-3.01,-1.42,0.54,-3.00,-1.42,0.52
1998-01-01,50.04,-113.54,-2.41,-1.51,-0.30,-2.41,-1.48,-0.29,-2.40,-1.47,-0.29
1999-01-01,50.04,-113.54,-2.36,-1.14,-0.32,-2.35,-1.14,-0.31,-2.35,-1.17,-0.33
2000-01-01,50.04,-113.54,-2.07,-0.99,-0.23,-2.05,-0.97,-0.21,-2.05,-1.00,-0.21
2001-01-01,50.04,-113.54,-2.34,-1.33,-0.03,-2.33,-1.28,-0.04,-2.35,-1.27,-0.05
2002-01-01,50.04,-113.54,-2.74,-0.72,0.09,-2.76,-0.71,0.09,-2.74,-0.73,0.10
2003-01-01,50.04,-113.54,-2.57,-1.47,0.34,-2.55,-1.42,0.35,-2.55,-1.41,0.34
2004-01-01,50.04,-113.54,-2.21,-1.08,0.34,-2.21,-1.09,0.35,-2.22,-1.10,0.34
2005-01-01,50.04,-113.54,-2.72,-1.08,0.61,-2.74,-1.09,0.63,-2.59,-1.10,0.59
2006-01-01,50.04,-113.54,-2.52,-0.87,-0.07,-1.90,-0.62,0.76,-1.56,-0.74,0.16
2007-01-01,50.04,-113.54,-2.12,-1.33,0.50,-2.14,-1.26,0.15,-2.04,-0.41,0.59
2008-01-01,50.04,-113.54,-1.69,-0.45,0.13,-2.81,-0.99,0.15,-2.23,-0.80,0.35
2009-01-01,50.04,-113.54,-1.95,-0.34,0.62,-1.52,-0.90,0.43,-2.34,-0.56,0.56
2010-01-01,50.04,-113.54,-2.88,-0.94,0.67,-2.03,-0.96,0.36,-2.65,-1.12,0.32
2011-01-01,50.04,-113.54,-2.73,-1.02,0.35,-1.56,-0.76,0.35,-2.22,-1.50,0.54
2012-01-01,50.04,-113.54,-1.73,-0.58,0.82,-2.04,-1.13,-0.09,-2.13,-0.99,0.75
2013-01-01,50.04,-113.54,-2.27,-0.59,0.54,-2.20,-1.07,0.00,-2.42,-0.65,0.37
2014-01-01,50.04,-113.54,-2.49,-0.48,0.74,-2.10,-1.16,0.87,-2.26,-0.51,0.77
2015-01-01,50.04,-113.54,-1.48,-0.36,0.56,-2.28,-0.73,0.21,-2.67,-0.78,0.50
2016-01-01,50.04,-113.54,-1.54,-0.30,1.51,-2.34,-0.89,0.46,-1.79,-0.34,0.75
2017-01-01,50.04,-113.54,-2.47,-0.58,0.70,-1.62,-0.55,0.49,-1.97,-0.39,1.20
2018-01-01,50.04,-113.54,-2.64,-0.39,0.78,-2.32,-0.63,0.89,-2.50,-0.57,1.29
2019-01-01,50.04,-113.54,-1.34,-0.74,0.37,-1.74,-0.63,1.16,-2.44,-0.12,0.96
2020-01-01,50.04,-113.54,-1.56,-0.67,1.17,-2.13,-0.66,0.97,-1.70,-0.34,0.55
2021-01-01,50.04,-113.54,-1.48,-0.59,0.80,-1.62,-0.42,0.93,-2.33,-0.53,0.48
2022-01-01,50.04,-113.54,-2.16,-0.70,1.72,-2.04,-0.69,0.26,-1.77,0.33,1.39
2023-01-01,50.04,-113.54,-1.90,-0.03,0.69,-2.20,0.13,1.06,-0.99,-0.05,1.11
2024-01-01,50.04,-113.54,-1.17,-0.05,1.16,-1.05,0.44,1.23,-1.54,-0.24,0.79
2025-01-01,50.04,-113.54,-2.17,-0.28,0.56,-1.73,-0.43,1.19,-1.09,-0.16,1.30
2026-01-01,50.04,-113.54,-0.87,-0.30,0.78,-1.45,0.17,2.26,-1.33,-0.37,0.96
2027-01-01,50.04,-113.54,-2.14,-0.14,1.71,-1.58,-0.13,1.07,-1.52,-0.07,1.38
2028-01-01,50.04,-113.54,-1.25,-0.11,1.36,-1.59,0.23,1.64,-1.01,0.49,2.03
2029-01-01,50.04,-113.54,-1.50,-0.01,1.08,-1.90,-0.53,1.15,-0.94,0.14,1.34
2030-01-01,50.04,-113.54,-0.84,-0.08,1.05,-1.01,-0.36,0.96,-1.49,0.18,1.47
2031-01-01,50.04,-113.54,-1.70,-0.25,1.67,-1.49,-0.00,1.38,-1.28,-0.40,1.22
2032-01-01,50.04,-113.54,-2.00,-0.14,1.42,-1.70,0.26,1.94,-1.58,0.05,1.30
2033-01-01,50.04,-113.54,-1.11,-0.20,1.52,-1.20,0.00,1.65,-1.30,0.51,1.93
2034-01-01,50.04,-113.54,-1.59,0.17,1.18,-0.77,0.20,1.19,-1.54,0.85,2.17
2035-01-01,50.04,-113.54,-1.51,0.24,1.21,-1.50,0.22,1.66,-0.42,1.03,2.24
2036-01-01,50.04,-113.54,-1.49,-0.01,1.80,-1.79,-0.17,1.53,-1.66,0.27,1.56
2037-01-01,50.04,-113.54,-1.29,-0.17,1.24,-0.60,0.74,2.08,-0.68,0.65,2.52
2038-01-01,50.04,-113.54,-1.35,0.25,1.13,-0.49,0.43,1.96,-0.51,0.89,1.89
2039-01-01,50.04,-113.54,-1.35,-0.21,2.28,-1.06,-0.14,1.49,-0.56,0.71,2.53
2040-01-01,50.04,-113.54,-1.12,-0.13,1.93,-0.95,0.03,1.53,-1.23,0.76,2.28
2041-01-01,50.04,-113.54,-2.08,-0.38,1.78,-1.08,0.39,1.37,-0.76,0.65,2.57
2042-01-01,50.04,-113.54,-1.15,-0.14,1.62,-0.41,0.32,1.56,-0.38,0.39,2.13
2043-01-01,50.04,-113.54,-1.09,0.16,0.85,-1.10,0.61,1.97,-0.65,1.25,2.34
2044-01-01,50.04,-113.54,-2.19,-0.10,1.94,-1.20,0.92,2.06,-0.86,0.39,2.59
2045-01-01,50.04,-113.54,-1.10,0.57,1.95,-0.94,0.78,2.53,-0.72,0.77,2.07
2046-01-01,50.04,-113.54,-0.86,0.43,1.88,-0.54,1.00,2.44,-0.27,0.90,2.33
2047-01-01,50.04,-113.54,-1.79,0.03,2.10,-0.05,0.80,1.93,0.28,1.14,2.15
2048-01-01,50.04,-113.54,-1.09,0.13,1.71,-1.18,0.13,2.13,-0.21,1.56,2.77
2049-01-01,50.04,-113.54,-1.87,-0.08,1.11,-0.72,0.66,2.57,-0.44,1.57,2.98
2050-01-01,50.04,-113.54,-1.22,0.64,1.35,-0.77,0.52,2.20,-0.60,1.18,2.88
2051-01-01,50.04,-113.54,-1.40,0.64,1.77,-0.80,0.70,2.45,-0.18,1.58,3.13
2052-01-01,50.04,-113.54,-1.43,0.05,2.06,-0.02,1.16,2.67,-0.69,1.24,3.70
2053-01-01,50.04,-113.54,-1.76,-0.23,1.40,-0.14,1.27,2.40,0.83,1.64,2.92
2054-01-01,50.04,-113.54,-0.83,0.42,1.90,-0.54,1.20,2.43,0.23,1.67,2.71
2055-01-01,50.04,-113.54,-1.10,0.91,2.33,-0.33,1.55,2.70,0.40,1.77,3.38
2056-01-01,50.04,-113.54,-1.15,0.83,2.28,-0.58,0.53,1.92,0.62,1.81,2.81
2057-01-01,50.04,-113.54,-1.54,0.65,1.95,-0.36,0.99,2.43,-0.02,1.69,3.49
2058-01-01,50.04,-113.54,-1.66,0.22,2.30,0.20,1.24,3.05,0.88,2.00,4.06
2059-01-01,50.04,-113.54,-1.22,0.52,2.47,-0.82,1.32,2.34,0.97,2.41,3.86
2060-01-01,50.04,-113.54,-0.61,0.37,2.08,-0.11,0.74,2.54,0.47,2.11,3.94
2061-01-01,50.04,-113.54,-0.83,0.60,2.18,-0.44,0.78,2.64,0.17,1.66,3.89
2062-01-01,50.04,-113.54,-1.06,0.04,2.48,-0.03,1.38,2.73,0.96,2.32,3.51
2063-01-01,50.04,-113.54,-1.71,0.66,1.36,-1.07,1.10,3.38,0.48,2.41,4.63
2064-01-01,50.04,-113.54,-1.60,0.24,1.70,0.45,1.56,3.20,0.79,2.60,3.95
2065-01-01,50.04,-113.54,-1.44,0.23,1.78,-0.44,1.49,2.91,0.38,2.52,4.14
2066-01-01,50.04,-113.54,-1.15,0.24,1.43,0.34,1.71,3.35,0.74,2.79,4.26
2067-01-01,50.04,-113.54,-0.74,0.09,1.72,0.15,1.31,2.65,0.60,3.25,4.41
2068-01-01,50.04,-113.54,-1.27,0.33,1.56,-0.41,0.94,2.69,1.32,3.05,4.22
2069-01-01,50.04,-113.54,-1.34,0.45,1.78,-0.81,0.94,2.53,2.02,3.71,5.01
2070-01-01,50.04,-113.54,-0.92,0.24,2.02,-0.04,1.49,3.01,1.12,2.78,4.83
2071-01-01,50.04,-113.54,-0.97,0.48,1.75,0.37,1.72,3.23,1.19,2.65,4.48
2072-01-01,50.04,-113.54,-1.47,-0.00,1.64,-0.41,1.98,3.47,1.06,3.08,4.34
2073-01-01,50.04,-113.54,-1.08,0.49,1.95,-0.20,1.35,3.00,1.52,2.95,4.59
2074-01-01,50.04,-113.54,-0.21,0.42,1.38,-0.07,1.14,3.53,1.29,2.74,4.58
2075-01-01,50.04,-113.54,-0.88,0.40,2.25,0.16,1.49,2.70,2.26,3.29,4.78
2076-01-01,50.04,-113.54,-1.02,0.58,1.87,0.37,1.45,2.53,1.99,3.36,4.41
2077-01-01,50.04,-113.54,-1.67,0.18,1.46,0.29,1.34,2.97,1.81,3.45,4.53
2078-01-01,50.04,-113.54,-2.47,0.53,1.08,0.13,1.72,3.21,1.57,3.67,5.24
2079-01-01,50.04,-113.54,-1.33,-0.03,1.51,-0.33,1.89,3.35,1.95,3.57,4.96
2080-01-01,50.04,-113.54,-1.26,0.34,1.53,0.51,1.09,3.39,1.51,3.56,5.34
2081-01-01,50.04,-113.54,-0.67,0.08,1.83,-0.13,1.56,3.68,2.19,3.80,5.36
2082-01-01,50.04,-113.54,-1.11,0.47,1.94,0.55,1.69,3.22,2.71,4.41,5.38
2083-01-01,50.04,-113.54,-1.15,0.37,2.02,-0.15,1.32,2.97,1.46,4.06,4.95
2084-01-01,50.04,-113.54,-1.33,0.34,1.23,0.01,1.80,3.27,1.66,3.74,5.79
2085-01-01,50.04,-113.54,-0.36,0.38,1.90,-0.86,1.62,2.98,1.43,3.77,5.43
2086-01-01,50.04,-113.54,-0.78,0.47,1.73,0.08,1.10,3.75,2.45,3.57,5.48
2087-01-01,50.04,-113.54,-1.37,0.02,2.27,-0.28,1.37,3.56,2.89,4.20,5.27
2088-01-01,50.04,-113.54,-0.58,0.83,2.91,-0.08,1.26,2.85,1.81,3.84,5.30
2089-01-01,50.04,-113.54,-0.45,0.53,2.33,-0.44,1.83,3.41,2.24,4.36,5.77
2090-01-01,50.04,-113.54,-1.30,0.08,1.86,0.17,2.05,3.58,2.92,4.09,5.75
2091-01-01,50.04,-113.54,-0.85,0.22,1.81,0.58,1.83,2.97,2.90,4.95,5.87
2092-01-01,50.04,-113.54,-1.11,0.42,1.88,-0.01,2.22,3.44,2.72,4.65,5.78
2093-01-01,50.04,-113.54,-0.94,0.00,2.12,0.19,1.82,2.67,2.25,4.57,5.97
2094-01-01,50.04,-113.54,-1.27,0.21,1.37,-0.41,1.44,2.96,1.74,4.67,6.33
2095-01-01,50.04,-113.54,-1.05,0.20,2.37,0.07,1.83,3.24,2.22,3.89,6.43
2096-01-01,50.04,-113.54,-0.98,0.08,1.82,0.81,1.68,2.80,2.16,4.74,6.17
2097-01-01,50.04,-113.54,-0.57,0.49,2.21,-0.86,2.06,3.51,3.16,5.01,6.83
2098-01-01,50.04,-113.54,-0.95,-0.03,1.17,-0.19,1.92,3.35,3.11,5.21,6.80
2099-01-01,50.04,-113.54,-0.93,0.62,2.43,0.20,2.19,3.83,2.91,4.91,7.27
2100-01-01,50.04,-113.54,-0.88,0.62,2.36,-0.01,1.55,3.29,3.76,5.13,6.91
1950-01-01,50.04,-112.29,-2.59,-1.37,-0.13,-2.59,-1.37,-0.13,-2.59,-1.37,-0.13
1951-01-01,50.04,-112.29,-2.69,-1.52,0.16,-2.69,-1.52,0.16,-2.69,-1.60,0.16
1952-01-01,50.04,-112.29,-3.09,-1.89,-1.00,-3.09,-1.89,-1.00,-3.09,-1.89,-1.00
1953-01-01,50.04,-112.29,-3.08,-1.69,-0.67,-3.08,-1.69,-0.67,-3.08,-1.69,-0.67
1954-01-01,50.04,-112.29,-2.72,-1.76,-0.50,-2.72,-1.76,-0.50,-2.72,-1.76,-0.50
1955-01-01,50.04,-112.29,-2.91,-1.92,-0.81,-2.91,-1.92,-0.81,-2.91,-1.92,-0.81
1956-01-01,50.04,-112.29,-2.97,-1.73,-0.26,-2.97,-1.73,-0.26,-2.97,-1.73,-0.26
1957-01-01,50.04,-112.29,-3.70,-1.85,-0.07,-3.70,-1.85,-0.07,-3.70,-1.85,-0.07
1958-01-01,50.04,-112.29,-3.50,-1.93,-1.15,-3.50,-1.93,-1.15,-3.50,-1.97,-1.15
1959-01-01,50.04,-112.29,-3.35,-1.89,-0.86,-3.35,-1.89,-0.86,-3.35,-1.89,-0.86
1960-01-01,50.04,-112.29,-3.40,-1.89,-0.23,-3.40,-1.89,-0.23,-3.40,-1.89,-0.23
1961-01-01,50.04,-112.29,-2.86,-1.51,-0.28,-2.86,-1.51,-0.28,-2.86,-1.51,-0.28
1962-01-01,50.04,-112.29,-3.41,-1.45,-0.25,-3.41,-1.45,-0.25,-3.41,-1.45,-0.25
1963-01-01,50.04,-112.29,-2.55,-1.52,-0.20,-2.55,-1.52,-0.20,-2.55,-1.52,-0.20
1964-01-01,50.04,-112.29,-3.72,-2.30,-1.21,-3.72,-2.30,-1.21,-3.72,-2.30,-1.21
1965-01-01,50.04,-112.29,-3.39,-2.09,-1.41,-3.39,-2.09,-1.41,-3.43,-2.09,-1.41
1966-01-01,50.04,-112.29,-3.38,-2.14,-0.57,-3.38,-2.14,-0.57,-3.38,-2.22,-0.57
1967-01-01,50.04,-112.29,-2.72,-1.78,-0.13,-2.72,-1.78,-0.13,-2.72,-1.78,-0.13
1968-01-01,50.04,-112.29,-4.01,-2.02,-0.43,-4.01,-2.02,-0.43,-4.01,-2.02,-0.55
1969-01-01,50.04,-112.29,-3.31,-2.28,-0.56,-3.31,-2.28,-0.56,-3.31,-2.28,-0.56
1970-01-01,50.04,-112.29,-3.28,-2.04,-0.74,-3.28,-2.04,-0.74,-3.28,-2.04,-0.74
1971-01-01,50.04,-112.29,-2.65,-1.77,-0.64,-2.65,-1.77,-0.64,-2.65,-1.83,-0.64
1972-01-01,50.04,-112.29,-2.91,-1.87,-1.09,-2.91,-1.87,-1.09,-2.91,-1.94,-1.09
1973-01-01,50.04,-112.29,-2.83,-1.82,-0.23,-2.83,-1.82,-0.23,-2.83,-1.82,-0.23
1974-01-01,50.04,-112.29,-3.76,-1.85,-0.60,-3.76,-1.85,-0.60,-3.76,-1.85,-0.60
1975-01-01,50.04,-112.29,-2.52,-2.04,-1.19,-2.52,-2.04,-1.19,-2.52,-2.04,-1.22
1976-01-01,50.04,-112.29,-3.05,-1.74,-0.28,-3.05,-1.74,-0.28,-3.05,-1.74,-0.28
1977-01-01,50.04,-112.29,-2.72,-1.42,-0.47,-2.72,-1.42,-0.47,-2.72,-1.42,-0.47
1978-01-01,50.04,-112.29,-2.26,-1.36,-0.53,-2.26,-1.36,-0.53,-2.26,-1.36,-0.53
1979-01-01,50.04,-112.29,-3.06,-1.44,-0.19,-3.06,-1.44,-0.19,-3.06,-1.44,-0.19
1980-01-01,50.04,-112.29,-2.96,-1.82,-0.23,-2.98,-1.82,-0.23,-2.97,-1.80,-0.24
1981-01-01,50.04,-112.29,-3.65,-1.73,-0.52,-3.66,-1.70,-0.52,-3.64,-1.69,-0.51
1982-01-01,50.04,-112.29,-3.54,-1.80,-0.75,-3.53,-1.78,-0.74,-3.52,-1.87,-0.74
1983-01-01,50.04,-112.29,-2.95,-1.90,-0.81,-2.94,-1.91,-0.81,-2.95,-1.92,-0.80
1984-01-01,50.04,-112.29,-2.85,-1.08,-0.44,-2.86,-1.09,-0.43,-2.86,-1.09,-0.43
1985-01-01,50.04,-112.29,-3.37,-1.91,-0.84,-3.37,-1.91,-0.86,-3.38,-1.90,-0.85
1986-01-01,50.04,-112.29,-2.04,-1.57,-0.19,-2.00,-1.58,-0.19,-2.01,-1.57,-0.19
1987-01-01,50.04,-112.29,-2.78,-1.41,-0.92,-2.77,-1.40,-0.93,-2.76,-1.42,-0.91
1988-01-01,50.04,-112.29,-3.09,-1.63,-0.71,-3.08,-1.63,-0.74,-3.09,-1.64,-0.73
1989-01-01,50.04,-112.29,-2.42,-1.53,-0.21,-2.42,-1.55,-0.25,-2.42,-1.53,-0.25
1990-01-01,50.04,-112.29,-2.90,-1.43,-0.26,-2.89,-1.45,-0.25,-2.90,-1.43,-0.27
1991-01-01,50.04,-112.29,-2.89,-1.48,-0.02,-2.88,-1.48,-0.01,-2.88,-1.48,-0.00
1992-01-01,50.04,-112.29,-3.42,-2.01,0.19,-3.41,-2.03,0.20,-3.39,-2.02,0.20
1993-01-01,50.04,-112.29,-2.69,-1.34,-0.06,-2.68,-1.32,-0.04,-2.69,-1.33,-0.05
1994-01-01,50.04,-112.29,-2.92,-1.41,-0.07,-2.94,-1.42,-0.09,-2.93,-1.43,-0.10
1995-01-01,50.04,-112.29,-3.21,-1.81,0.24,-3.16,-1.81,0.24,-3.16,-1.83,0.25
1996-01-01,50.04,-112.29,-2.69,-1.46,-0.46,-2.65,-1.46,-0.44,-2.63,-1.46,-0.43
1997-01-01,50.04,-112.29,-2.81,-1.30,0.71,-2.79,-1.29,0.69,-2.81,-1.28,0.69
1998-01-01,50.04,-112.29,-2.29,-1.25,0.04,-2.30,-1.25,0.05,-2.30,-1.25,0.06
1999-01-01,50.04,-112.29,-1.97,-0.99,-0.21,-1.96,-1.00,-0.21,-1.95,-1.02,-0.24
2000-01-01,50.04,-112.29,-1.83,-0.80,0.26,-1.83,-0.79,0.27,-1.83,-0.85,0.25
2001-01-01,50.04,-112.29,-2.18,-1.23,0.10,-2.20,-1.21,0.09,-2.20,-1.21,0.08
2002-01-01,50.04,-112.29,-2.57,-0.87,0.24,-2.58,-0.85,0.25,-2.57,-0.86,0.26
2003-01-01,50.04,-112.29,-2.61,-1.18,0.30,-2.62,-1.19,0.31,-2.61,-1.18,0.31
2004-01-01,50.04,-112.29,-2.24,-0.98,0.54,-2.23,-0.97,0.55,-2.23,-0.97,0.50
2005-01-01,50.04,-112.29,-2.48,-0.99,0.75,-2.47,-0.98,0.76,-2.34,-0.97,0.76
2006-01-01,50.04,-112.29,-2.40,-0.72,0.12,-1.76,-0.47,1.11,-1.50,-0.52,0.39
2007-01-01,50.04,-112.29,-2.00,-1.03,0.54,-1.98,-0.95,0.14,-1.86,-0.29,0.72
2008-01-01,50.04,-112.29,-1.47,-0.46,0.33,-2.44,-0.89,0.33,-2.13,-0.53,0.41
2009-01-01,50.04,-112.29,-1.76,-0.25,0.75,-1.49,-0.59,0.64,-2.08,-0.49,0.47
2010-01-01,50.04,-112.29,-2.59,-0.59,0.73,-1.72,-0.77,0.64,-2.50,-0.78,0.55
2011-01-01,50.04,-112.29,-2.58,-0.96,0.52,-1.39,-0.55,0.58,-1.84,-1.11,0.70
2012-01-01,50.04,-112.29,-1.61,-0.21,1.10,-1.67,-0.89,0.18,-1.92,-0.70,0.89
2013-01-01,50.04,-112.29,-2.18,-0.36,0.71,-1.97,-0.84,0.14,-2.04,-0.39,0.55
2014-01-01,50.04,-112.29,-2.29,-0.27,0.97,-2.05,-0.75,0.90,-2.06,-0.21,1.04
2015-01-01,50.04,-112.29,-1.31,-0.20,0.87,-2.19,-0.53,0.31,-2.32,-0.54,0.50
2016-01-01,50.04,-112.29,-1.34,-0.11,1.61,-2.06,-0.72,0.53,-1.51,-0.20,1.06
2017-01-01,50.04,-112.29,-2.07,-0.44,1.08,-1.48,-0.46,0.65,-1.91,-0.14,1.42
2018-01-01,50.04,-112.29,-2.33,-0.22,0.94,-1.99,-0.45,1.11,-2.11,-0.24,1.67
2019-01-01,50.04,-112.29,-1.08,-0.60,0.58,-1.55,-0.37,1.30,-2.44,-0.06,1.13
2020-01-01,50.04,-112.29,-1.20,-0.30,1.40,-1.97,-0.32,1.22,-1.43,-0.11,0.99
2021-01-01,50.04,-112.29,-1.35,-0.30,0.90,-1.49,-0.24,1.11,-1.95,-0.33,0.80
2022-01-01,50.04,-112.29,-2.22,-0.42,1.95,-1.98,-0.49,0.44,-1.42,0.55,1.66
2023-01-01,50.04,-112.29,-1.54,0.19,0.90,-1.93,0.34,1.41,-0.87,-0.00,1.32
2024-01-01,50.04,-112.29,-1.26,0.32,1.41,-0.82,0.56,1.51,-1.15,-0.13,1.23
2025-01-01,50.04,-112.29,-1.91,-0.24,0.78,-1.54,-0.05,1.51,-0.97,-0.09,1.37
2026-01-01,50.04,-112.29,-0.77,-0.07,0.91,-1.25,0.44,2.22,-1.24,-0.17,1.09
2027-01-01,50.04,-112.29,-1.84,0.04,1.91,-1.42,0.16,1.16,-1.47,0.14,1.55
2028-01-01,50.04,-112.29,-1.05,0.04,1.55,-1.51,0.34,1.78,-0.95,0.70,2.13
2029-01-01,50.04,-112.29,-1.35,0.08,1.33,-1.71,-0.49,1.37,-0.86,0.37,1.45
2030-01-01,50.04,-112.29,-0.56,0.04,1.44,-0.85,-0.16,1.05,-1.47,0.37,1.81
2031-01-01,50.04,-112.29,-1.74,-0.09,1.88,-1.27,0.21,1.45,-1.25,-0.10,1.46
2032-01-01,50.04,-112.29,-1.93,0.03,1.60,-1.61,0.44,2.15,-1.34,0.07,1.34
2033-01-01,50.04,-112.29,-0.94,-0.13,1.86,-0.99,0.11,1.78,-1.16,0.59,2.11
2034-01-01,50.04,-112.29,-1.43,0.34,1.42,-0.62,0.46,1.32,-1.33,1.03,2.32
2035-01-01,50.04,-112.29,-1.11,0.42,1.56,-1.27,0.43,1.78,-0.17,1.36,2.48
2036-01-01,50.04,-112.29,-1.10,0.45,2.04,-1.51,0.14,1.78,-1.51,0.44,1.67
2037-01-01,50.04,-112.29,-0.86,0.22,1.51,-0.29,0.79,2.11,-0.46,0.77,2.62
2038-01-01,50.04,-112.29,-1.15,0.45,1.17,-0.27,0.72,2.04,-0.27,0.84,1.90
2039-01-01,50.04,-112.29,-1.15,0.17,2.24,-0.81,0.08,1.61,-0.75,1.06,2.77
2040-01-01,50.04,-112.29,-0.92,0.05,2.06,-0.68,0.45,1.82,-1.22,1.04,2.66
2041-01-01,50.04,-112.29,-1.92,-0.11,1.99,-0.57,0.45,1.76,-0.33,0.86,2.86
2042-01-01,50.04,-112.29,-1.15,-0.10,1.91,-0.27,0.79,1.66,-0.13,0.73,2.59
2043-01-01,50.04,-112.29,-0.78,0.32,0.99,-0.90,0.76,2.34,-0.23,1.26,2.47
2044-01-01,50.04,-112.29,-1.87,0.27,1.99,-0.87,1.10,2.36,-0.75,0.67,2.77
2045-01-01,50.04,-112.29,-0.87,0.71,2.13,-0.77,1.08,2.80,-0.56,1.10,2.43
2046-01-01,50.04,-112.29,-0.74,0.41,1.99,-0.33,1.22,2.62,0.08,1.13,2.50
2047-01-01,50.04,-112.29,-1.67,0.19,2.43,0.13,1.06,2.35,0.23,1.45,2.36
2048-01-01,50.04,-112.29,-0.89,0.29,1.90,-0.99,0.57,2.19,-0.07,1.75,3.01
2049-01-01,50.04,-112.29,-1.49,0.30,1.36,-0.68,0.77,2.67,-0.13,1.75,3.11
2050-01-01,50.04,-112.29,-0.84,0.97,1.64,-0.49,0.74,2.55,-0.13,1.49,3.20
2051-01-01,50.04,-112.29,-1.05,0.85,2.02,-0.27,0.96,2.66,0.09,1.83,3.13
2052-01-01,50.04,-112.29,-1.20,0.11,2.20,0.15,1.29,2.87,-0.39,1.45,3.80
2053-01-01,50.04,-112.29,-1.53,0.09,1.66,-0.01,1.50,2.61,1.01,1.89,3.16
2054-01-01,50.04,-112.29,-0.67,0.69,2.22,-0.33,1.34,2.65,0.69,2.08,2.81
2055-01-01,50.04,-112.29,-0.92,0.93,2.45,-0.38,1.64,2.90,0.59,1.91,3.66
2056-01-01,50.04,-112.29,-0.94,1.06,2.48,-0.37,0.85,2.22,0.88,2.05,2.93
2057-01-01,50.04,-112.29,-1.41,0.78,2.19,-0.10,1.26,2.57,0.22,2.00,3.71
2058-01-01,50.04,-112.29,-1.16,0.44,2.36,0.24,1.58,3.18,1.09,2.13,4.23
2059-01-01,50.04,-112.29,-1.13,0.65,2.50,-0.27,1.44,2.59,1.07,2.50,4.13
2060-01-01,50.04,-112.29,-0.52,0.73,2.30,0.10,0.82,2.59,0.67,2.28,4.17
2061-01-01,50.04,-112.29,-0.87,0.89,2.45,-0.26,0.96,2.84,0.52,1.73,4.10
2062-01-01,50.04,-112.29,-0.84,0.34,2.63,0.08,1.63,2.84,0.97,2.42,3.94
2063-01-01,50.04,-112.29,-1.62,0.82,1.46,-0.76,1.28,3.43,0.75,2.70,4.55
2064-01-01,50.04,-112.29,-1.66,0.62,2.12,0.79,1.67,3.42,0.97,2.93,4.05
2065-01-01,50.04,-112.29,-1.08,0.53,1.80,-0.29,1.70,3.07,0.57,2.59,4.40
2066-01-01,50.04,-112.29,-0.85,0.34,1.75,0.47,1.88,3.39,0.95,2.82,4.12
2067-01-01,50.04,-112.29,-0.76,0.37,1.90,0.43,1.53,2.50,0.60,3.22,4.80
2068-01-01,50.04,-112.29,-0.98,0.57,1.94,0.04,1.14,3.12,1.41,3.21,4.54
2069-01-01,50.04,-112.29,-1.13,0.63,1.97,-0.67,1.32,2.80,2.20,3.84,5.04
2070-01-01,50.04,-112.29,-0.55,0.41,2.19,0.06,1.69,3.05,1.41,3.19,5.04
2071-01-01,50.04,-112.29,-0.64,0.67,1.75,0.75,2.05,3.59,1.54,3.05,5.09
2072-01-01,50.04,-112.29,-1.20,0.03,1.84,-0.16,2.34,3.50,1.38,3.57,4.59
2073-01-01,50.04,-112.29,-0.80,0.85,2.20,0.20,1.60,3.69,1.62,3.19,4.84
2074-01-01,50.04,-112.29,-0.02,0.66,1.71,0.08,1.36,3.82,1.56,3.13,4.75
2075-01-01,50.04,-112.29,-0.55,0.60,2.39,0.39,1.66,3.12,2.51,3.51,5.05
2076-01-01,50.04,-112.29,-0.78,0.83,2.23,0.72,1.52,2.89,2.03,3.42,4.95
2077-01-01,50.04,-112.29,-1.63,0.62,1.71,0.77,1.70,3.07,2.14,3.75,4.80
2078-01-01,50.04,-112.29,-2.11,0.76,1.43,0.28,1.85,3.30,1.86,3.86,5.56
2079-01-01,50.04,-112.29,-1.00,0.16,1.75,-0.15,2.06,3.59,2.39,3.84,5.33
2080-01-01,50.04,-112.29,-0.87,0.67,1.81,0.72,1.43,3.47,1.87,3.97,5.60
2081-01-01,50.04,-112.29,-0.58,0.31,1.91,-0.02,1.70,3.87,2.40,4.10,5.54
2082-01-01,50.04,-112.29,-0.83,0.65,1.96,0.63,1.81,3.44,2.89,4.81,5.75
2083-01-01,50.04,-112.29,-0.93,0.44,2.20,-0.03,1.34,3.34,1.44,4.19,5.18
2084-01-01,50.04,-112.29,-1.08,0.56,1.66,0.16,2.06,3.52,2.07,3.89,5.76
2085-01-01,50.04,-112.29,-0.33,0.48,2.36,-0.55,1.92,3.21,1.57,4.23,5.53
2086-01-01,50.04,-112.29,-0.67,0.69,1.98,0.27,1.63,3.75,2.62,3.97,5.37
2087-01-01,50.04,-112.29,-1.22,0.17,2.57,0.10,1.57,3.82,3.11,4.39,5.43
2088-01-01,50.04,-112.29,-0.42,1.18,2.79,-0.05,1.59,3.16,1.94,4.12,5.74
2089-01-01,50.04,-112.29,-0.25,0.77,2.44,-0.32,2.13,3.51,2.18,4.77,5.68
2090-01-01,50.04,-112.29,-1.02,0.26,2.15,0.28,2.12,3.83,3.06,4.17,6.01
2091-01-01,50.04,-112.29,-0.47,0.50,1.84,0.69,1.98,3.19,2.99,5.27,6.07
2092-01-01,50.04,-112.29,-0.99,0.67,1.92,0.06,2.39,3.54,2.84,4.72,6.04
2093-01-01,50.04,-112.29,-0.84,0.13,2.22,0.40,1.94,3.21,2.27,4.85,6.20
2094-01-01,50.04,-112.29,-1.11,0.42,1.61,-0.06,1.92,3.22,2.09,4.89,6.66
2095-01-01,50.04,-112.29,-0.77,0.44,2.70,0.28,1.90,3.47,2.28,4.15,6.44
2096-01-01,50.04,-112.29,-0.76,0.35,1.95,1.00,1.93,3.24,2.02,4.86,6.48
2097-01-01,50.04,-112.29,-0.50,0.79,2.39,-0.61,2.31,3.81,3.31,5.25,6.96
2098-01-01,50.04,-112.29,-0.68,0.19,1.33,0.12,1.97,3.35,3.12,5.27,6.83
2099-01-01,50.04,-112.29,-0.66,0.58,2.53,0.50,2.41,4.00,3.10,5.04,7.43
2100-01-01,50.04,-112.29,-0.62,0.87,2.54,0.28,1.75,3.58,3.68,5.28,6.98
