time,lat,lon,rcp26_gddgrow_10_p10,rcp26_gddgrow_10_p50,rcp26_gddgrow_10_p90,rcp45_gddgrow_10_p10,rcp45_gddgrow_10_p50,rcp45_gddgrow_10_p90,rcp85_gddgrow_10_p10,rcp85_gddgrow_10_p50,rcp85_gddgrow_10_p90
1950-01-01,49.54,-113.46,578.02,788.03,928.47,578.02,788.05,928.28,578.02,787.91,928.76
1951-01-01,49.54,-113.46,587.02,726.87,860.60,586.94,726.87,860.61,587.46,724.97,860.61
1952-01-01,49.54,-113.46,595.38,657.44,842.82,595.22,657.93,842.78,595.22,658.63,842.82
1953-01-01,49.54,-113.46,559.70,666.74,805.35,559.70,666.56,805.35,559.70,666.22,805.35
1954-01-01,49.54,-113.46,558.77,701.35,881.50,558.20,702.14,881.50,556.69,700.67,881.50
1955-01-01,49.54,-113.46,591.42,717.00,871.38,589.36,717.00,871.62,588.99,717.00,871.62
1956-01-01,49.54,-113.46,523.85,671.32,862.53,523.79,671.32,862.34,523.61,671.32,863.11
1957-01-01,49.54,-113.46,571.32,678.20,836.04,565.88,678.20,836.04,568.73,680.39,836.04
1958-01-01,49.54,-113.46,512.17,637.30,749.89,512.64,636.62,750.02,512.71,636.82,750.02
1959-01-01,49.54,-113.46,477.53,602.75,741.32,477.53,602.75,741.32,477.53,602.75,741.32
1960-01-01,49.54,-113.46,621.50,692.11,792.15,621.08,692.11,794.45,621.57,692.11,794.44
1961-01-01,49.54,-113.46,551.68,701.97,830.98,551.68,701.98,832.37,551.68,701.98,831.89
1962-01-01,49.54,-113.46,556.36,671.29,785.72,555.23,671.55,787.14,555.92,671.60,787.14
1963-01-01,49.54,-113.46,502.58,621.05,784.05,502.58,621.91,784.05,502.58,621.94,784.78
1964-01-01,49.54,-113.46,477.36,601.51,723.33,478.00,602.82,723.34,478.49,602.83,723.34
1965-01-01,49.54,-113.46,476.01,598.22,784.83,476.39,598.22,785.07,476.07,598.22,785.34
1966-01-01,49.54,-113.46,479.66,601.41,783.40,479.66,602.59,783.61,479.66,602.97,783.61
1967-01-01,49.54,-113.46,531.29,648.54,767.98,531.29,648.53,767.98,531.29,648.54,769.20
1968-01-01,49.54,-113.46,553.36,613.87,738.71,553.36,613.87,738.71,553.36,613.87,738.71
1969-01-01,49.54,-113.46,475.00,657.55,748.14,473.43,658.40,748.34,473.43,657.74,749.24
1970-01-01,49.54,-113.46,583.92,671.06,846.14,582.54,671.06,846.14,584.82,673.43,846.14
1971-01-01,49.54,-113.46,519.55,653.87,827.65,519.17,653.87,827.66,519.20,653.87,828.17
1972-01-01,49.54,-113.46,527.93,637.16,758.62,527.93,637.25,758.40,527.93,638.67,758.49
1973-01-01,49.54,-113.46,530.41,647.49,804.32,533.98,647.53,804.32,533.98,647.53,804.32
1974-01-01,49.54,-113.46,506.53,641.91,755.19,505.18,641.91,755.19,505.77,644.39,755.19
1975-01-01,49.54,-113.46,513.67,656.25,775.34,513.67,656.25,775.31,513.67,656.66,775.50
1976-01-01,49.54,-113.46,573.41,699.65,818.13,573.41,700.10,818.22,573.41,699.82,818.16
1977-01-01,49.54,-113.46,552.06,711.91,901.11,554.01,711.91,901.13,552.57,711.91,900.89
1978-01-01,49.54,-113.46,601.61,752.39,831.79,599.56,752.40,831.72,598.18,754.51,831.72
1979-01-01,49.54,-113.46,602.21,684.72,837.94,602.21,684.71,837.04,602.21,684.71,836.58
1980-01-01,49.54,-113.46,571.94,675.44,805.76,567.54,678.61,801.46,569.90,674.47,806.72
1981-01-01,49.54,-113.46,563.84,741.39,918.23,562.39,742.24,922.14,564.67,739.42,921.80
1982-01-01,49.54,-113.46,546.06,705.03,829.46,547.12,704.90,826.30,543.37,703.72,827.89
1983-01-01,49.54,-113.46,481.16,658.01,779.76,479.99,657.63,784.15,479.67,658.47,782.43
1984-01-01,49.54,-113.46,572.25,757.02,846.34,570.85,757.67,847.58,569.72,758.10,849.14
1985-01-01,49.54,-113.46,528.38,703.91,893.25,526.44,704.94,895.60,525.48,703.05,894.43
1986-01-01,49.54,-113.46,543.39,706.92,856.20,539.98,707.74,857.59,541.59,707.97,856.63
1987-01-01,49.54,-113.46,573.34,698.22,848.01,575.41,701.02,848.77,570.90,699.88,845.93
1988-01-01,49.54,-113.46,584.77,739.00,899.38,586.47,739.60,900.71,585.52,737.97,898.91
1989-01-01,49.54,-113.46,643.55,767.10,893.73,644.97,767.70,892.23,644.08,765.91,893.54
1990-01-01,49.54,-113.46,589.28,715.24,889.76,591.84,717.18,889.53,587.22,717.35,888.77
1991-01-01,49.54,-113.46,524.71,697.82,850.19,525.98,698.69,851.56,525.24,697.54,852.92
1992-01-01,49.54,-113.46,516.37,630.19,798.75,515.67,628.93,798.36,517.76,632.85,796.22
1993-01-01,49.54,-113.46,531.81,651.53,808.63,528.85,650.33,806.38,528.32,650.16,804.05
1994-01-01,49.54,-113.46,533.07,694.62,876.64,532.38,696.90,877.30,533.28,696.38,873.35
1995-01-01,49.54,-113.46,553.79,744.88,880.74,555.19,744.62,880.01,556.43,743.44,878.31
1996-01-01,49.54,-113.46,622.99,748.63,824.01,623.00,749.16,822.71,620.66,748.64,828.02
1997-01-01,49.54,-113.46,587.68,693.64,906.08,587.03,695.37,907.36,587.91,691.79,906.91
1998-01-01,49.54,-113.46,650.32,788.64,927.14,648.84,788.33,930.12,649.16,786.84,930.05
1999-01-01,49.54,-113.46,606.68,736.20,874.89,604.61,734.74,874.57,606.62,734.75,877.33
2000-01-01,49.54,-113.46,662.08,803.83,988.23,660.44,805.41,990.05,662.05,807.34,988.48
2001-01-01,49.54,-113.46,631.88,772.12,1012.13,634.01,773.35,1016.32,631.99,773.71,1016.31
2002-01-01,49.54,-113.46,678.12,845.00,953.77,680.46,846.20,952.68,676.48,844.67,957.58
2003-01-01,49.54,-113.46,647.34,828.73,940.54,647.29,827.98,945.41,647.61,828.50,941.40
2004-01-01,49.54,-113.46,674.87,786.88,1065.64,675.19,787.01,1065.22,675.62,785.69,1066.99
2005-01-01,49.54,-113.46,679.85,779.89,949.40,677.20,781.24,947.99,681.41,782.61,948.00
2006-01-01,49.54,-113.46,650.60,829.78,977.49,632.16,800.39,959.44,686.85,849.78,944.40
2007-01-01,49.54,-113.46,673.44,821.93,978.51,679.00,828.62,1023.88,719.79,877.45,1073.15
2008-01-01,49.54,-113.46,641.45,798.39,883.76,676.59,811.72,989.64,657.33,870.73,1016.07
2009-01-01,49.54,-113.46,692.65,818.13,951.81,668.03,903.82,1033.10,630.92,827.20,1030.51
2010-01-01,49.54,-113.46,655.93,799.12,950.57,587.89,821.13,1028.92,693.24,802.09,999.92
2011-01-01,49.54,-113.46,655.58,819.30,1033.59,673.43,826.21,1027.52,666.27,851.29,922.17
2012-01-01,49.54,-113.46,728.70,873.85,1065.55,695.95,822.44,987.35,739.16,864.40,979.38
2013-01-01,49.54,-113.46,701.42,809.50,1019.68,693.09,822.94,1013.70,696.50,859.96,947.30
2014-01-01,49.54,-113.46,674.04,827.08,987.11,655.13,813.97,1048.33,689.33,870.11,1039.34
2015-01-01,49.54,-113.46,752.38,914.09,1064.21,696.37,867.24,1000.72,667.00,856.86,1067.65
2016-01-01,49.54,-113.46,744.40,909.59,1064.46,640.00,808.93,945.21,694.57,860.72,1028.44
2017-01-01,49.54,-113.46,702.19,904.18,1117.78,738.49,880.11,1033.97,738.76,910.32,1046.35
2018-01-01,49.54,-113.46,691.74,856.22,1112.08,780.24,935.45,1081.16,739.88,903.81,1090.36
2019-01-01,49.54,-113.46,724.63,885.01,1051.93,729.63,859.47,1056.05,784.48,941.87,1068.94
2020-01-01,49.54,-113.46,753.97,857.98,1053.98,662.55,869.16,1110.76,781.00,975.36,1192.20
2021-01-01,49.54,-113.46,755.73,948.73,1049.09,794.13,903.53,1072.38,685.74,905.67,1017.96
2022-01-01,49.54,-113.46,688.17,947.56,1142.08,739.01,921.79,1043.87,731.48,965.43,1158.18
2023-01-01,49.54,-113.46,776.82,938.64,1053.20,737.15,907.75,1098.51,776.61,964.40,1214.21
2024-01-01,49.54,-113.46,761.82,926.10,1197.02,658.33,867.65,1073.44,781.89,927.78,1121.62
2025-01-01,49.54,-113.46,812.88,911.80,1121.04,744.53,913.35,1126.08,769.74,976.60,1214.61
2026-01-01,49.54,-113.46,734.85,942.81,1118.25,816.01,924.24,1183.02,800.28,943.09,1156.55
2027-01-01,49.54,-113.46,752.54,950.05,1119.71,794.23,960.09,1051.36,841.64,954.32,1178.32
2028-01-01,49.54,-113.46,764.17,979.09,1133.50,698.97,920.87,1113.36,838.97,974.40,1123.58
2029-01-01,49.54,-113.46,749.14,869.27,1146.65,790.60,980.59,1179.53,762.15,1003.04,1210.09
2030-01-01,49.54,-113.46,767.84,993.29,1149.07,806.71,1031.76,1202.21,760.74,976.55,1153.13
2031-01-01,49.54,-113.46,792.06,1000.42,1105.68,787.66,912.69,1080.09,769.90,979.52,1154.89
2032-01-01,49.54,-113.46,786.38,924.55,1099.48,753.12,950.25,1188.44,835.40,974.44,1142.36
2033-01-01,49.54,-113.46,794.17,980.40,1160.27,853.80,1033.92,1163.67,879.64,1019.46,1176.67
2034-01-01,49.54,-113.46,839.38,1019.15,1224.70,845.44,1040.57,1163.60,846.44,1049.30,1154.03
2035-01-01,49.54,-113.46,888.26,1000.70,1277.24,817.54,1000.32,1173.94,824.84,1006.19,1331.46
2036-01-01,49.54,-113.46,857.64,988.75,1247.60,806.16,1023.52,1167.92,816.01,1016.10,1145.11
2037-01-01,49.54,-113.46,705.21,960.14,1180.05,786.10,1101.37,1242.17,870.47,1081.28,1256.53
2038-01-01,49.54,-113.46,776.35,1003.06,1197.23,851.83,987.32,1164.22,892.63,1135.27,1285.28
2039-01-01,49.54,-113.46,772.52,995.53,1222.88,812.92,988.41,1138.89,933.09,1095.15,1250.95
2040-01-01,49.54,-113.46,796.82,956.91,1190.28,861.96,1000.99,1171.20,873.37,1024.58,1225.22
2041-01-01,49.54,-113.46,833.46,1050.10,1187.58,821.01,969.03,1269.63,923.69,1040.53,1338.20
2042-01-01,49.54,-113.46,811.22,965.46,1230.19,807.01,1058.19,1166.70,888.07,1037.64,1245.49
2043-01-01,49.54,-113.46,834.55,970.95,1145.72,876.44,1021.06,1229.01,863.18,1099.24,1334.63
2044-01-01,49.54,-113.46,800.84,939.99,1121.04,839.31,1015.94,1321.77,876.18,1046.89,1227.54
2045-01-01,49.54,-113.46,813.30,961.07,1195.61,805.18,984.72,1351.46,873.38,1121.27,1364.11
2046-01-01,49.54,-113.46,810.87,1026.55,1222.21,795.65,1020.76,1328.00,935.09,1114.78,1347.10
2047-01-01,49.54,-113.46,791.86,1012.35,1235.11,759.00,1081.20,1243.46,999.12,1144.20,1313.23
2048-01-01,49.54,-113.46,817.93,1001.30,1185.25,921.43,1069.68,1318.18,989.03,1127.02,1420.22
2049-01-01,49.54,-113.46,821.21,1030.73,1269.79,837.67,1036.89,1247.33,947.53,1213.48,1461.31
2050-01-01,49.54,-113.46,769.30,1018.87,1159.36,888.84,1027.28,1349.91,915.50,1125.60,1437.33
2051-01-01,49.54,-113.46,801.17,1009.33,1190.48,915.80,1121.52,1259.49,915.82,1130.68,1416.24
2052-01-01,49.54,-113.46,816.77,1082.58,1250.13,823.83,1110.52,1356.88,884.20,1232.57,1420.83
2053-01-01,49.54,-113.46,813.31,942.63,1188.51,906.52,1101.48,1249.03,1024.66,1326.24,1557.22
2054-01-01,49.54,-113.46,826.04,1087.42,1245.27,853.33,1101.64,1336.78,1000.10,1315.03,1481.51
2055-01-01,49.54,-113.46,819.40,1048.05,1423.46,832.91,1099.85,1329.67,1038.20,1268.90,1540.96
2056-01-01,49.54,-113.46,809.94,1005.41,1203.04,889.07,1030.35,1291.38,1110.24,1282.64,1512.80
2057-01-01,49.54,-113.46,802.14,1000.43,1238.83,830.12,1104.97,1396.76,1089.71,1292.67,1566.78
2058-01-01,49.54,-113.46,827.34,1016.63,1233.50,992.71,1231.67,1433.02,1113.10,1316.61,1570.10
2059-01-01,49.54,-113.46,744.98,1007.92,1217.76,900.21,1142.07,1445.09,1097.06,1363.68,1544.73
2060-01-01,49.54,-113.46,792.52,1060.30,1316.01,919.29,1169.61,1425.38,996.52,1302.11,1563.97
2061-01-01,49.54,-113.46,869.50,1035.78,1135.09,811.32,1139.37,1443.04,950.15,1348.54,1568.11
2062-01-01,49.54,-113.46,745.70,970.31,1240.42,906.34,1221.45,1370.87,1117.88,1345.18,1585.90
2063-01-01,49.54,-113.46,740.07,912.76,1161.99,968.92,1177.55,1356.95,1036.47,1324.19,1778.19
2064-01-01,49.54,-113.46,822.20,1047.84,1242.76,883.11,1141.43,1376.29,1086.90,1412.00,1572.25
2065-01-01,49.54,-113.46,791.26,944.79,1174.76,925.90,1081.87,1363.74,1096.17,1389.97,1718.63
2066-01-01,49.54,-113.46,784.11,1012.51,1178.85,929.34,1152.29,1372.74,1200.22,1428.37,1665.54
2067-01-01,49.54,-113.46,743.55,950.49,1174.61,898.22,1057.61,1460.28,1141.48,1555.52,1775.44
2068-01-01,49.54,-113.46,794.22,995.48,1145.92,938.92,1110.64,1278.57,1263.26,1412.66,1755.53
2069-01-01,49.54,-113.46,871.07,987.21,1135.92,909.67,1142.05,1355.87,1256.10,1497.80,1734.72
2070-01-01,49.54,-113.46,827.40,962.66,1169.01,955.99,1133.27,1473.84,1044.22,1363.59,1660.26
2071-01-01,49.54,-113.46,792.81,955.76,1155.18,1067.74,1265.34,1459.24,1126.61,1449.29,1743.09
2072-01-01,49.54,-113.46,782.55,900.14,1216.66,916.38,1254.95,1529.19,1130.53,1465.56,1756.81
2073-01-01,49.54,-113.46,749.25,996.11,1281.56,948.06,1189.85,1468.13,1217.83,1569.90,1735.02
2074-01-01,49.54,-113.46,749.90,948.75,1266.58,851.50,1238.91,1489.52,1225.54,1478.25,1799.19
2075-01-01,49.54,-113.46,744.45,1041.46,1288.40,979.15,1181.07,1417.49,1224.36,1525.01,1820.91
2076-01-01,49.54,-113.46,801.24,993.43,1283.12,1047.31,1232.30,1480.22,1203.61,1537.66,1808.62
2077-01-01,49.54,-113.46,779.93,965.44,1100.63,988.84,1258.49,1488.81,1360.09,1510.54,1783.95
2078-01-01,49.54,-113.46,636.90,962.80,1183.72,924.79,1257.94,1451.06,1203.28,1599.87,1860.36
2079-01-01,49.54,-113.46,791.25,978.09,1187.87,1006.65,1280.61,1479.43,1211.05,1555.74,1876.29
2080-01-01,49.54,-113.46,827.79,1004.13,1178.08,983.87,1151.00,1518.82,1284.16,1624.28,1851.65
2081-01-01,49.54,-113.46,818.99,992.26,1263.61,1003.91,1248.99,1454.74,1183.40,1599.40,1885.78
2082-01-01,49.54,-113.46,859.86,968.14,1095.53,973.02,1147.58,1419.17,1383.30,1688.21,2032.29
2083-01-01,49.54,-113.46,843.14,976.59,1236.24,916.94,1156.26,1514.77,1228.96,1655.79,1936.76
2084-01-01,49.54,-113.46,757.78,1005.56,1177.08,943.41,1287.79,1509.49,1306.58,1589.74,2011.02
2085-01-01,49.54,-113.46,814.32,978.34,1229.00,996.87,1200.11,1459.71,1345.04,1775.94,2068.07
2086-01-01,49.54,-113.46,798.58,1015.99,1192.72,938.70,1179.44,1443.46,1323.41,1697.07,2011.94
2087-01-01,49.54,-113.46,731.55,975.54,1289.59,948.64,1181.89,1404.27,1349.26,1634.28,2050.67
2088-01-01,49.54,-113.46,844.42,1029.38,1237.01,885.74,1210.23,1537.15,1432.27,1719.18,2158.79
2089-01-01,49.54,-113.46,804.78,998.64,1188.51,907.86,1196.67,1564.36,1376.65,1784.50,2088.28
2090-01-01,49.54,-113.46,778.43,956.84,1178.76,957.97,1166.16,1416.30,1331.07,1688.80,2116.92
2091-01-01,49.54,-113.46,839.64,971.41,1167.27,930.60,1238.69,1481.46,1454.20,1876.08,2129.17
2092-01-01,49.54,-113.46,790.68,989.53,1168.43,1066.35,1328.87,1592.68,1522.09,1827.30,2205.79
2093-01-01,49.54,-113.46,762.97,1013.11,1171.36,1043.95,1167.29,1377.46,1478.09,1832.50,2168.90
2094-01-01,49.54,-113.46,733.00,977.36,1292.02,1046.75,1236.74,1432.39,1369.05,1837.38,2118.28
2095-01-01,49.54,-113.46,786.60,962.06,1108.57,962.69,1253.39,1548.12,1401.36,1810.83,2146.76
2096-01-01,49.54,-113.46,799.90,971.30,1244.09,997.97,1297.78,1615.37,1330.59,1929.56,2129.42
2097-01-01,49.54,-113.46,796.97,995.19,1177.54,988.54,1208.44,1527.46,1561.60,1887.06,2327.45
2098-01-01,49.54,-113.46,737.49,874.90,1239.81,988.15,1227.62,1505.48,1410.49,2087.92,2360.02
2099-01-01,49.54,-113.46,816.92,1026.72,1202.87,1057.05,1312.69,1492.92,1344.78,1903.91,2381.84
2100-01-01,49.54,-113.46,758.43,1014.01,1209.28,1021.36,1154.09,1609.03,1538.66,1956.35,2452.18
1950-01-01,49.54,-112.38,741.42,938.84,1137.78,741.42,938.35,1137.78,741.42,938.35,1138.06
1951-01-01,49.54,-112.38,743.64,905.15,1041.65,744.50,905.15,1041.65,744.16,905.15,1041.65
1952-01-01,49.54,-112.38,754.38,847.46,1034.95,754.91,847.46,1035.82,754.91,847.46,1035.04
1953-01-01,49.54,-112.38,704.91,835.80,990.19,704.91,837.13,990.19,705.92,837.54,990.19
1954-01-01,49.54,-112.38,720.17,870.79,1063.39,718.52,870.79,1063.56,717.99,870.79,1063.39
1955-01-01,49.54,-112.38,738.79,892.67,1039.50,737.23,892.67,1039.45,737.07,892.67,1039.40
1956-01-01,49.54,-112.38,684.12,826.86,1045.33,684.09,826.86,1045.33,684.04,826.86,1045.33
1957-01-01,49.54,-112.38,715.43,843.69,1027.65,714.16,843.69,1027.64,715.35,846.63,1027.64
1958-01-01,49.54,-112.38,666.78,813.09,921.15,666.21,812.29,921.15,666.21,812.97,921.15
1959-01-01,49.54,-112.38,619.57,764.66,958.71,619.57,766.18,958.71,619.57,764.94,958.71
1960-01-01,49.54,-112.38,784.28,866.54,963.68,784.28,866.54,964.48,784.29,866.54,964.78
1961-01-01,49.54,-112.38,718.06,870.17,1027.88,718.07,870.17,1028.53,718.06,870.17,1027.56
1962-01-01,49.54,-112.38,721.84,847.89,972.80,723.21,847.89,973.32,723.72,847.89,973.49
1963-01-01,49.54,-112.38,650.42,772.71,981.38,650.54,770.96,981.38,650.65,770.96,981.37
1964-01-01,49.54,-112.38,640.28,744.72,895.55,639.43,744.72,895.55,639.58,744.73,895.54
1965-01-01,49.54,-112.38,625.48,774.10,962.37,625.69,774.10,962.11,625.30,777.56,961.87
1966-01-01,49.54,-112.38,610.80,752.08,982.26,610.80,749.79,981.93,610.80,749.85,981.76
1967-01-01,49.54,-112.38,693.08,813.95,957.17,693.61,812.83,957.21,694.01,813.60,957.17
1968-01-01,49.54,-112.38,725.86,786.12,925.04,725.87,786.05,925.04,725.86,788.01,925.04
1969-01-01,49.54,-112.38,607.14,800.11,938.02,606.64,799.89,938.02,606.64,798.75,938.02
1970-01-01,49.54,-112.38,734.55,841.13,1026.85,734.72,841.13,1026.85,733.76,845.20,1026.85
1971-01-01,49.54,-112.38,656.37,814.41,1014.73,656.37,814.41,1013.96,656.37,814.41,1015.24
1972-01-01,49.54,-112.38,708.22,799.16,958.93,710.97,799.16,959.78,708.91,801.49,960.23
1973-01-01,49.54,-112.38,695.74,814.12,970.96,696.93,814.12,970.96,696.93,814.12,970.97
1974-01-01,49.54,-112.38,657.09,802.89,934.62,657.03,802.68,934.62,656.85,808.48,934.62
1975-01-01,49.54,-112.38,673.12,832.47,960.81,673.12,832.47,960.59,673.12,835.53,960.81
1976-01-01,49.54,-112.38,729.73,883.77,1001.58,729.73,882.21,1001.58,729.73,882.76,1001.58
1977-01-01,49.54,-112.38,728.66,891.20,1090.50,727.24,891.20,1090.50,728.45,891.20,1090.50
1978-01-01,49.54,-112.38,753.97,921.41,1006.49,754.88,921.56,1006.43,752.43,921.94,1006.52
1979-01-01,49.54,-112.38,762.05,870.09,993.89,762.05,870.09,993.90,762.05,870.09,993.89
1980-01-01,49.54,-112.38,741.06,854.09,993.37,735.33,855.70,991.31,738.50,852.26,994.13
1981-01-01,49.54,-112.38,713.88,920.09,1114.50,712.10,920.22,1118.42,711.94,919.48,1118.05
1982-01-01,49.54,-112.38,703.76,866.34,1028.74,704.88,867.25,1028.80,698.64,871.95,1029.06
1983-01-01,49.54,-112.38,636.65,821.84,959.52,635.57,821.91,963.73,635.45,825.25,962.79
1984-01-01,49.54,-112.38,755.13,923.53,1036.10,753.12,924.20,1037.91,751.25,923.43,1035.30
1985-01-01,49.54,-112.38,692.01,871.37,1062.39,690.36,871.51,1064.53,690.62,871.06,1063.61
1986-01-01,49.54,-112.38,681.13,864.74,1045.22,677.87,865.54,1047.24,678.76,867.11,1047.45
1987-01-01,49.54,-112.38,737.01,845.76,1038.94,738.20,848.02,1038.77,732.50,847.60,1038.76
1988-01-01,49.54,-112.38,756.11,930.43,1083.70,756.77,929.56,1085.21,755.20,930.42,1084.77
1989-01-01,49.54,-112.38,806.21,949.07,1092.96,806.94,949.12,1092.81,806.57,948.08,1095.41
1990-01-01,49.54,-112.38,721.65,879.00,1052.71,725.03,879.43,1053.20,724.07,879.87,1050.15
1991-01-01,49.54,-112.38,688.81,867.72,1056.74,688.99,868.37,1054.60,689.62,866.34,1058.46
1992-01-01,49.54,-112.38,652.18,798.60,963.41,650.76,798.91,962.92,650.62,800.63,961.78
1993-01-01,49.54,-112.38,644.66,818.33,970.95,643.91,819.38,974.70,643.11,816.92,973.39
1994-01-01,49.54,-112.38,706.46,887.72,1084.29,708.36,888.85,1085.05,704.69,889.15,1080.40
1995-01-01,49.54,-112.38,705.85,906.26,1055.83,708.83,906.07,1053.78,707.84,905.86,1054.58
1996-01-01,49.54,-112.38,777.90,911.85,1010.80,775.50,910.93,1010.37,775.10,911.61,1013.03
1997-01-01,49.54,-112.38,752.18,863.71,1098.91,751.25,863.71,1100.28,753.98,862.09,1096.33
1998-01-01,49.54,-112.38,810.49,953.76,1128.24,808.44,951.41,1129.29,808.60,956.55,1133.11
1999-01-01,49.54,-112.38,756.50,935.17,1054.73,757.90,931.45,1055.54,755.74,932.53,1060.53
2000-01-01,49.54,-112.38,838.15,983.68,1206.51,836.39,984.68,1207.26,834.97,983.02,1208.10
2001-01-01,49.54,-112.38,792.23,945.06,1168.20,793.40,948.29,1169.60,790.77,946.86,1173.02
2002-01-01,49.54,-112.38,865.25,1007.86,1148.22,866.94,1007.59,1149.31,863.40,1006.45,1152.34
2003-01-01,49.54,-112.38,829.41,1007.68,1133.52,831.25,1006.95,1139.37,831.77,1008.00,1134.48
2004-01-01,49.54,-112.38,819.67,956.54,1277.75,819.78,956.84,1278.70,820.14,955.11,1279.67
2005-01-01,49.54,-112.38,835.15,972.01,1141.44,834.31,971.84,1138.96,837.30,971.90,1140.04
2006-01-01,49.54,-112.38,822.60,999.56,1138.91,801.85,967.38,1118.04,861.72,1031.59,1127.80
2007-01-01,49.54,-112.38,822.38,964.83,1164.30,829.58,1042.89,1217.97,891.61,1058.50,1267.81
2008-01-01,49.54,-112.38,809.12,927.39,1104.99,852.21,992.68,1179.80,828.02,1025.77,1201.41
2009-01-01,49.54,-112.38,874.52,988.09,1145.35,825.77,1091.70,1256.27,774.48,1009.01,1256.99
2010-01-01,49.54,-112.38,805.50,991.06,1138.92,747.37,1015.21,1213.15,837.38,1004.55,1157.90
2011-01-01,49.54,-112.38,836.55,1005.18,1215.08,843.21,1015.65,1201.49,840.84,1016.27,1127.41
2012-01-01,49.54,-112.38,890.12,1077.36,1287.94,906.90,1020.57,1206.45,916.31,1068.15,1170.26
2013-01-01,49.54,-112.38,850.89,985.78,1211.02,851.49,1005.06,1170.20,885.77,1041.08,1146.06
2014-01-01,49.54,-112.38,827.34,1017.83,1188.27,825.65,994.42,1239.27,846.09,1064.46,1244.70
2015-01-01,49.54,-112.38,916.59,1082.63,1245.28,862.50,1068.20,1207.29,833.15,1042.84,1251.72
2016-01-01,49.54,-112.38,918.93,1121.60,1250.38,804.40,990.49,1132.79,864.46,1061.29,1207.08
2017-01-01,49.54,-112.38,860.18,1103.70,1329.06,917.57,1071.89,1223.95,905.14,1115.01,1234.88
2018-01-01,49.54,-112.38,868.25,1018.32,1286.59,976.21,1112.64,1297.80,931.73,1103.67,1309.75
2019-01-01,49.54,-112.38,905.40,1071.32,1222.81,908.26,1040.15,1271.06,970.03,1135.52,1262.12
2020-01-01,49.54,-112.38,916.82,1052.50,1222.06,855.37,1047.77,1325.42,953.59,1177.04,1363.12
2021-01-01,49.54,-112.38,927.78,1145.13,1239.36,972.19,1100.17,1260.07,861.31,1091.82,1224.60
2022-01-01,49.54,-112.38,845.31,1103.13,1339.23,903.23,1109.67,1280.65,914.41,1141.12,1368.23
2023-01-01,49.54,-112.38,948.31,1136.07,1246.56,923.05,1079.46,1299.80,955.72,1174.05,1403.84
2024-01-01,49.54,-112.38,910.46,1150.94,1438.72,824.18,1055.66,1283.32,965.60,1124.45,1301.72
2025-01-01,49.54,-112.38,983.44,1103.23,1313.20,917.46,1086.82,1297.65,936.42,1154.97,1383.11
2026-01-01,49.54,-112.38,908.09,1144.64,1309.97,984.18,1099.95,1372.78,963.07,1116.43,1369.19
2027-01-01,49.54,-112.38,924.49,1159.89,1311.52,974.64,1137.50,1265.94,1007.79,1126.25,1383.29
2028-01-01,49.54,-112.38,936.75,1158.15,1330.30,883.92,1123.76,1325.39,1014.33,1162.94,1322.25
2029-01-01,49.54,-112.38,930.65,1068.68,1312.01,931.04,1161.86,1405.44,932.40,1193.47,1390.52
2030-01-01,49.54,-112.38,939.05,1174.01,1352.67,957.73,1225.63,1406.59,947.31,1184.81,1318.41
2031-01-01,49.54,-112.38,981.42,1190.99,1310.13,973.05,1098.58,1281.94,973.78,1192.45,1337.15
2032-01-01,49.54,-112.38,964.69,1104.50,1285.57,955.48,1123.55,1410.39,1016.11,1161.34,1304.61
2033-01-01,49.54,-112.38,924.90,1191.63,1358.86,1041.91,1229.01,1368.88,1056.38,1206.08,1368.22
2034-01-01,49.54,-112.38,988.95,1230.07,1409.69,1025.00,1246.84,1340.08,1022.69,1234.86,1335.11
2035-01-01,49.54,-112.38,1059.14,1208.71,1475.58,972.50,1195.47,1368.09,1045.71,1204.29,1515.37
2036-01-01,49.54,-112.38,1016.64,1190.51,1446.14,988.33,1189.70,1376.46,999.63,1180.65,1354.35
2037-01-01,49.54,-112.38,889.84,1144.84,1366.19,949.06,1268.87,1429.28,1059.68,1246.72,1481.97
2038-01-01,49.54,-112.38,949.85,1181.73,1384.01,1044.84,1191.58,1359.38,1080.89,1319.59,1466.95
2039-01-01,49.54,-112.38,936.31,1184.01,1418.52,964.80,1169.75,1310.00,1102.91,1302.44,1438.10
2040-01-01,49.54,-112.38,949.77,1152.60,1389.25,1025.06,1190.41,1340.81,1061.08,1237.12,1411.89
2041-01-01,49.54,-112.38,992.24,1224.76,1387.45,997.27,1173.41,1479.59,1103.05,1264.28,1536.37
2042-01-01,49.54,-112.38,996.15,1159.15,1404.17,979.86,1263.99,1402.74,1071.70,1226.02,1463.98
2043-01-01,49.54,-112.38,1007.65,1148.25,1353.42,1066.73,1225.90,1414.44,1040.22,1300.65,1552.97
2044-01-01,49.54,-112.38,982.08,1124.09,1304.77,998.25,1203.17,1496.04,991.82,1245.35,1460.14
2045-01-01,49.54,-112.38,997.81,1144.79,1376.59,1001.28,1171.02,1566.00,1050.19,1303.32,1570.63
2046-01-01,49.54,-112.38,1013.75,1219.94,1428.77,993.56,1215.22,1531.08,1098.82,1329.87,1522.73
2047-01-01,49.54,-112.38,972.06,1217.11,1426.56,938.36,1287.53,1459.43,1182.25,1347.46,1532.87
2048-01-01,49.54,-112.38,932.03,1192.07,1414.25,1128.29,1286.69,1533.89,1164.15,1328.29,1647.98
2049-01-01,49.54,-112.38,1001.94,1229.35,1464.66,995.88,1205.92,1441.72,1148.34,1414.30,1711.42
2050-01-01,49.54,-112.38,968.56,1218.50,1363.40,1057.11,1185.20,1534.79,1112.71,1330.80,1660.67
2051-01-01,49.54,-112.38,964.47,1211.46,1396.92,1113.25,1316.37,1456.44,1089.19,1315.73,1651.34
2052-01-01,49.54,-112.38,995.74,1231.92,1434.23,1020.63,1281.04,1561.40,1043.81,1427.23,1589.51
2053-01-01,49.54,-112.38,1011.74,1121.00,1392.97,1087.06,1291.41,1469.74,1219.36,1513.20,1764.21
2054-01-01,49.54,-112.38,991.89,1271.77,1473.85,1028.88,1298.17,1568.54,1203.26,1501.36,1667.07
2055-01-01,49.54,-112.38,1006.42,1243.58,1656.01,1015.81,1293.45,1531.14,1218.62,1475.04,1769.37
2056-01-01,49.54,-112.38,977.36,1188.81,1377.74,1047.09,1224.50,1540.78,1308.48,1487.87,1666.60
2057-01-01,49.54,-112.38,973.90,1193.33,1423.10,990.01,1304.46,1681.02,1288.66,1520.17,1742.08
2058-01-01,49.54,-112.38,1014.44,1203.72,1431.28,1186.62,1383.35,1643.39,1334.25,1525.63,1765.71
2059-01-01,49.54,-112.38,921.27,1202.59,1445.44,1088.08,1330.13,1642.86,1247.97,1577.07,1712.99
2060-01-01,49.54,-112.38,960.60,1262.19,1479.16,1116.73,1326.04,1630.61,1196.03,1513.32,1745.87
2061-01-01,49.54,-112.38,1047.80,1224.30,1326.13,987.56,1339.47,1645.01,1144.68,1513.96,1771.19
2062-01-01,49.54,-112.38,915.53,1124.32,1432.99,1090.70,1391.20,1584.02,1313.98,1535.18,1765.13
2063-01-01,49.54,-112.38,898.65,1098.56,1339.21,1150.04,1366.24,1569.12,1222.32,1536.77,2005.03
2064-01-01,49.54,-112.38,989.30,1230.67,1467.44,1085.88,1322.87,1576.90,1276.49,1577.41,1771.00
2065-01-01,49.54,-112.38,951.20,1153.03,1359.60,1102.80,1301.32,1576.77,1314.39,1599.35,1950.70
2066-01-01,49.54,-112.38,962.31,1187.55,1365.30,1119.21,1347.32,1571.43,1392.75,1610.86,1878.82
2067-01-01,49.54,-112.38,933.24,1143.84,1396.68,1088.30,1235.31,1682.66,1313.58,1742.21,1978.25
2068-01-01,49.54,-112.38,985.38,1189.46,1352.82,1117.46,1314.29,1502.92,1415.52,1641.24,1975.97
2069-01-01,49.54,-112.38,1037.53,1182.03,1360.57,1080.23,1330.15,1566.62,1453.57,1696.30,1989.06
2070-01-01,49.54,-112.38,986.51,1155.27,1372.01,1121.40,1340.49,1669.70,1239.13,1597.11,1878.87
2071-01-01,49.54,-112.38,953.39,1138.27,1371.47,1271.36,1459.63,1679.93,1309.11,1667.45,2022.39
2072-01-01,49.54,-112.38,927.35,1096.59,1407.71,1113.26,1452.30,1745.94,1329.91,1712.17,1988.17
2073-01-01,49.54,-112.38,911.99,1183.71,1488.54,1109.65,1421.78,1703.53,1440.58,1786.16,1958.70
2074-01-01,49.54,-112.38,913.54,1156.55,1485.41,1038.31,1420.89,1700.19,1449.62,1720.97,2001.65
2075-01-01,49.54,-112.38,935.71,1237.22,1515.80,1163.49,1354.68,1645.69,1406.54,1697.42,2010.46
2076-01-01,49.54,-112.38,964.07,1174.46,1483.12,1267.50,1448.11,1621.74,1406.40,1768.21,2009.19
2077-01-01,49.54,-112.38,947.10,1158.94,1285.45,1196.59,1483.55,1692.86,1563.32,1694.79,2087.62
2078-01-01,49.54,-112.38,825.56,1166.52,1404.94,1150.11,1422.42,1665.09,1426.06,1812.10,2098.99
2079-01-01,49.54,-112.38,951.32,1182.33,1381.03,1175.05,1459.08,1705.65,1430.53,1751.78,2074.64
2080-01-01,49.54,-112.38,1036.89,1200.57,1374.66,1192.98,1349.05,1725.73,1479.28,1836.92,2032.97
2081-01-01,49.54,-112.38,1017.82,1198.33,1504.68,1180.12,1440.30,1668.38,1395.81,1847.22,2161.65
2082-01-01,49.54,-112.38,1034.97,1140.00,1324.18,1168.37,1370.61,1579.40,1578.69,1938.12,2234.38
2083-01-01,49.54,-112.38,1008.42,1181.49,1424.12,1109.84,1341.95,1699.82,1405.44,1908.68,2134.03
2084-01-01,49.54,-112.38,933.73,1192.16,1369.06,1126.96,1471.77,1743.70,1530.39,1807.36,2198.90
2085-01-01,49.54,-112.38,984.00,1155.85,1456.09,1178.99,1396.26,1694.61,1535.85,1956.55,2286.24
2086-01-01,49.54,-112.38,964.66,1179.22,1393.56,1104.99,1386.76,1657.53,1517.22,1914.43,2219.55
2087-01-01,49.54,-112.38,911.42,1158.91,1538.04,1110.03,1385.97,1605.17,1559.44,1825.13,2303.74
2088-01-01,49.54,-112.38,1035.33,1234.65,1427.48,1075.16,1408.70,1728.51,1616.63,1894.85,2322.83
2089-01-01,49.54,-112.38,1005.49,1177.07,1426.12,1085.56,1402.38,1760.54,1565.07,2005.70,2369.16
2090-01-01,49.54,-112.38,960.61,1137.50,1392.52,1189.91,1357.50,1652.15,1531.19,1855.25,2351.08
2091-01-01,49.54,-112.38,989.77,1146.45,1350.61,1124.20,1418.31,1735.00,1639.81,2109.99,2350.94
2092-01-01,49.54,-112.38,949.16,1164.35,1356.63,1257.60,1558.70,1816.47,1755.73,2049.69,2425.84
2093-01-01,49.54,-112.38,902.82,1200.84,1387.14,1212.62,1380.72,1578.51,1689.41,2042.47,2406.01
2094-01-01,49.54,-112.38,911.38,1154.07,1482.44,1221.34,1450.46,1637.13,1557.79,2010.37,2365.67
2095-01-01,49.54,-112.38,951.62,1156.58,1316.81,1155.82,1461.11,1726.11,1608.86,2042.23,2352.92
2096-01-01,49.54,-112.38,975.58,1174.30,1433.49,1186.21,1519.38,1833.11,1515.40,2109.51,2372.07
2097-01-01,49.54,-112.38,955.87,1178.66,1386.41,1182.82,1427.90,1770.93,1704.23,2082.97,2529.08
2098-01-01,49.54,-112.38,909.66,1078.97,1480.09,1208.46,1458.28,1698.31,1659.62,2232.34,2553.85
2099-01-01,49.54,-112.38,1000.35,1218.80,1428.02,1268.91,1524.47,1687.90,1514.41,2130.03,2557.59
2100-01-01,49.54,-112.38,945.63,1183.43,1388.41,1215.83,1331.74,1856.21,1774.91,2196.38,2656.41
1950-01-01,49.79,-112.79,756.57,969.88,1159.63,756.57,968.30,1159.96,756.57,968.30,1159.98
1951-01-01,49.79,-112.79,765.66,922.35,1062.48,766.20,922.35,1062.48,765.99,922.35,1062.48
1952-01-01,49.79,-112.79,768.24,878.28,1055.52,768.62,878.07,1056.63,768.62,880.97,1055.63
1953-01-01,49.79,-112.79,728.24,851.94,1012.17,728.24,851.89,1012.17,728.54,851.89,1012.17
1954-01-01,49.79,-112.79,743.10,890.25,1094.48,742.77,890.25,1094.48,741.97,890.25,1094.48
1955-01-01,49.79,-112.79,761.56,909.45,1064.40,759.50,909.45,1064.14,759.73,909.38,1064.09
1956-01-01,49.79,-112.79,708.44,849.28,1078.41,708.16,849.28,1078.41,708.10,849.28,1078.41
1957-01-01,49.79,-112.79,734.14,852.71,1048.39,734.14,852.71,1048.40,734.14,854.72,1048.40
1958-01-01,49.79,-112.79,692.86,819.80,948.93,691.61,819.80,948.93,691.61,820.08,948.93
1959-01-01,49.79,-112.79,637.35,788.57,973.09,637.35,790.71,973.09,637.35,789.82,973.09
1960-01-01,49.79,-112.79,806.63,880.26,998.54,806.63,880.26,996.58,806.63,883.33,997.45
1961-01-01,49.79,-112.79,735.35,888.91,1048.26,735.35,888.91,1048.57,735.35,888.90,1048.10
1962-01-01,49.79,-112.79,736.21,877.79,992.32,738.65,877.79,992.87,737.18,877.79,992.87
1963-01-01,49.79,-112.79,667.24,794.14,1001.50,668.00,793.58,1001.50,668.07,793.58,1001.50
1964-01-01,49.79,-112.79,650.35,764.28,917.47,651.37,764.28,917.47,653.07,764.28,917.47
1965-01-01,49.79,-112.79,643.79,786.66,977.23,644.23,786.66,977.35,644.21,789.93,977.27
1966-01-01,49.79,-112.79,625.43,771.00,1004.44,625.41,770.63,1003.52,625.40,770.63,1003.49
1967-01-01,49.79,-112.79,704.55,842.27,966.69,705.84,841.28,966.69,705.16,841.54,968.97
1968-01-01,49.79,-112.79,738.83,801.93,945.45,738.83,801.93,945.45,738.83,804.85,945.46
1969-01-01,49.79,-112.79,624.76,827.93,955.27,624.76,827.68,955.27,624.76,827.45,955.27
1970-01-01,49.79,-112.79,760.10,857.93,1058.77,761.21,857.93,1058.77,759.05,861.72,1058.78
1971-01-01,49.79,-112.79,676.19,843.48,1046.98,676.19,843.48,1045.54,676.18,843.48,1048.24
1972-01-01,49.79,-112.79,714.65,824.13,977.57,714.65,824.08,978.53,714.65,826.69,979.16
1973-01-01,49.79,-112.79,710.75,827.22,990.62,710.57,827.22,990.62,710.57,827.22,990.62
1974-01-01,49.79,-112.79,671.34,832.01,955.98,671.19,831.88,955.98,671.77,833.34,955.98
1975-01-01,49.79,-112.79,699.02,849.28,985.07,699.02,849.28,984.51,699.02,851.16,984.70
1976-01-01,49.79,-112.79,752.57,894.97,1022.30,752.57,893.50,1022.30,752.57,894.48,1022.30
1977-01-01,49.79,-112.79,734.37,909.52,1127.85,734.40,910.32,1127.85,736.02,910.39,1127.85
1978-01-01,49.79,-112.79,773.91,941.99,1025.73,774.29,942.78,1025.73,771.69,942.78,1025.73
1979-01-01,49.79,-112.79,790.47,885.76,1023.00,788.64,885.76,1023.11,790.97,885.76,1022.37
1980-01-01,49.79,-112.79,750.91,869.56,1026.69,748.77,871.32,1021.04,749.80,867.99,1030.93
1981-01-01,49.79,-112.79,732.75,944.25,1127.84,730.96,944.53,1132.15,734.28,942.59,1132.26
1982-01-01,49.79,-112.79,721.14,888.00,1049.34,722.90,889.00,1050.10,716.20,888.46,1049.85
1983-01-01,49.79,-112.79,656.88,845.21,990.01,655.11,846.97,993.65,655.15,844.07,993.13
1984-01-01,49.79,-112.79,768.62,944.83,1054.73,766.06,944.25,1057.12,764.35,944.20,1053.32
1985-01-01,49.79,-112.79,702.36,895.65,1078.78,699.74,896.23,1080.62,699.57,895.73,1080.71
1986-01-01,49.79,-112.79,694.12,884.50,1063.17,690.80,886.11,1061.02,691.18,886.36,1060.59
1987-01-01,49.79,-112.79,749.52,875.43,1061.33,750.54,876.91,1062.19,744.79,879.65,1061.20
1988-01-01,49.79,-112.79,779.52,939.74,1110.26,779.33,938.36,1110.55,778.24,940.34,1109.88
1989-01-01,49.79,-112.79,827.69,976.07,1091.91,828.51,975.87,1091.59,828.18,972.20,1094.47
1990-01-01,49.79,-112.79,754.17,903.11,1084.76,758.02,901.74,1087.19,753.33,901.96,1082.18
1991-01-01,49.79,-112.79,706.55,890.44,1061.27,706.99,890.36,1057.92,707.45,888.21,1060.42
1992-01-01,49.79,-112.79,677.40,809.80,988.06,677.08,809.83,988.09,677.55,811.49,986.55
1993-01-01,49.79,-112.79,665.61,846.61,994.50,664.58,846.82,998.14,668.00,845.53,994.92
1994-01-01,49.79,-112.79,730.34,901.80,1100.16,731.68,902.35,1101.51,728.18,902.83,1096.84
1995-01-01,49.79,-112.79,726.22,927.46,1071.44,729.03,927.73,1067.31,728.70,926.81,1069.12
1996-01-01,49.79,-112.79,796.51,948.05,1035.45,794.91,946.21,1037.11,793.71,946.35,1040.26
1997-01-01,49.79,-112.79,772.28,879.16,1123.77,772.00,879.44,1125.80,773.90,877.72,1122.41
1998-01-01,49.79,-112.79,832.82,978.72,1150.48,830.73,976.76,1151.53,831.38,982.68,1154.82
1999-01-01,49.79,-112.79,772.79,952.14,1077.81,770.37,950.37,1078.48,772.44,948.21,1082.89
2000-01-01,49.79,-112.79,849.40,1010.09,1214.85,845.68,1011.80,1216.83,845.05,1009.73,1214.68
2001-01-01,49.79,-112.79,816.32,961.65,1202.45,818.06,964.40,1204.71,815.46,962.61,1208.02
2002-01-01,49.79,-112.79,878.23,1027.92,1169.62,880.24,1027.64,1168.76,876.48,1026.43,1172.75
2003-01-01,49.79,-112.79,845.27,1024.44,1158.88,846.47,1020.63,1164.27,846.57,1021.98,1159.72
2004-01-01,49.79,-112.79,843.43,972.93,1291.55,842.03,975.09,1289.66,842.27,972.30,1291.93
2005-01-01,49.79,-112.79,859.33,998.43,1161.79,857.18,997.46,1159.95,860.82,997.48,1161.57
2006-01-01,49.79,-112.79,839.32,1029.61,1162.31,824.49,989.84,1148.71,890.48,1046.02,1147.02
2007-01-01,49.79,-112.79,846.76,985.55,1182.78,851.56,1056.24,1240.56,919.85,1070.70,1299.72
2008-01-01,49.79,-112.79,826.53,972.09,1097.99,870.02,1020.20,1193.68,852.91,1053.99,1219.73
2009-01-01,49.79,-112.79,892.82,1004.44,1173.25,859.00,1120.68,1279.74,796.07,1027.97,1271.98
2010-01-01,49.79,-112.79,825.79,1001.30,1161.53,779.03,1038.22,1259.39,860.82,1009.52,1199.09
2011-01-01,49.79,-112.79,850.54,1027.54,1239.26,874.89,1035.00,1234.14,852.09,1039.18,1121.32
2012-01-01,49.79,-112.79,916.86,1086.65,1304.46,926.70,1025.63,1210.28,942.19,1087.22,1187.64
2013-01-01,49.79,-112.79,862.13,1009.75,1238.10,864.13,1015.79,1201.20,893.77,1056.26,1159.63
2014-01-01,49.79,-112.79,849.80,1041.09,1219.23,853.51,1032.96,1260.21,868.45,1085.29,1257.64
2015-01-01,49.79,-112.79,942.40,1108.35,1259.49,889.53,1083.76,1233.91,855.25,1056.02,1279.38
2016-01-01,49.79,-112.79,932.74,1128.98,1275.12,823.40,1004.92,1163.60,891.81,1082.07,1226.61
2017-01-01,49.79,-112.79,892.52,1126.10,1345.65,937.89,1088.98,1239.85,936.50,1123.55,1256.94
2018-01-01,49.79,-112.79,874.33,1047.14,1320.88,993.33,1134.07,1324.96,942.01,1127.50,1307.09
2019-01-01,49.79,-112.79,928.14,1092.66,1244.73,934.39,1054.56,1283.94,990.61,1162.73,1274.29
2020-01-01,49.79,-112.79,952.09,1074.95,1246.89,863.68,1072.60,1346.01,978.82,1197.75,1393.16
2021-01-01,49.79,-112.79,949.77,1166.90,1265.66,988.99,1128.17,1291.15,883.47,1123.66,1241.54
2022-01-01,49.79,-112.79,861.85,1146.17,1386.06,927.96,1128.18,1296.04,931.11,1165.19,1397.21
2023-01-01,49.79,-112.79,964.80,1167.35,1271.60,950.95,1103.47,1326.17,962.95,1203.93,1430.52
2024-01-01,49.79,-112.79,932.54,1162.96,1452.50,842.60,1071.46,1311.66,981.58,1138.65,1329.32
2025-01-01,49.79,-112.79,1007.88,1128.05,1334.64,933.60,1109.49,1329.19,970.03,1177.08,1416.96
2026-01-01,49.79,-112.79,932.22,1156.19,1329.11,1003.62,1125.66,1398.93,988.78,1138.17,1392.81
2027-01-01,49.79,-112.79,952.96,1184.58,1328.09,990.77,1160.98,1289.36,1021.93,1156.22,1410.12
2028-01-01,49.79,-112.79,966.05,1176.72,1365.84,902.63,1144.41,1359.08,1030.55,1195.55,1341.42
2029-01-01,49.79,-112.79,961.75,1072.78,1347.66,948.68,1187.94,1428.65,962.04,1220.97,1404.42
2030-01-01,49.79,-112.79,960.98,1196.31,1374.52,988.12,1238.77,1429.53,960.55,1197.40,1350.41
2031-01-01,49.79,-112.79,1002.69,1213.05,1334.19,987.94,1130.52,1307.41,996.41,1201.02,1368.38
2032-01-01,49.79,-112.79,986.08,1125.83,1302.43,962.61,1143.50,1441.97,1040.35,1186.62,1341.75
2033-01-01,49.79,-112.79,957.83,1215.63,1386.07,1046.19,1250.09,1402.96,1082.65,1232.07,1408.14
2034-01-01,49.79,-112.79,1006.11,1247.30,1432.70,1054.64,1265.25,1372.66,1055.42,1267.70,1376.80
2035-01-01,49.79,-112.79,1091.05,1211.68,1501.64,1003.79,1222.56,1396.84,1056.13,1224.11,1550.37
2036-01-01,49.79,-112.79,1045.29,1229.05,1482.17,1000.03,1221.81,1406.40,1022.96,1205.24,1367.47
2037-01-01,49.79,-112.79,906.47,1176.55,1396.67,979.51,1301.60,1463.94,1093.31,1280.47,1503.69
2038-01-01,49.79,-112.79,963.67,1202.06,1403.13,1061.47,1220.07,1383.48,1103.04,1349.93,1507.80
2039-01-01,49.79,-112.79,961.92,1196.18,1446.28,982.34,1189.91,1337.83,1135.22,1314.11,1445.16
2040-01-01,49.79,-112.79,979.73,1177.89,1410.32,1048.89,1212.22,1353.89,1079.06,1260.09,1450.95
2041-01-01,49.79,-112.79,1013.07,1258.03,1416.28,1012.92,1191.71,1490.26,1132.33,1286.38,1567.98
2042-01-01,49.79,-112.79,1008.03,1167.90,1453.72,1010.24,1289.72,1408.93,1090.95,1258.85,1480.54
2043-01-01,49.79,-112.79,1032.23,1173.25,1384.99,1096.08,1245.71,1448.49,1055.06,1338.52,1572.19
2044-01-01,49.79,-112.79,1000.06,1143.27,1320.66,1026.89,1230.77,1544.93,1006.41,1270.32,1494.79
2045-01-01,49.79,-112.79,1017.40,1161.61,1402.52,1029.51,1204.77,1604.11,1073.48,1332.54,1595.62
2046-01-01,49.79,-112.79,1028.94,1234.43,1458.31,1000.09,1237.16,1567.96,1138.63,1350.25,1534.56
2047-01-01,49.79,-112.79,984.94,1238.44,1454.79,964.51,1315.03,1475.73,1191.74,1364.13,1560.07
2048-01-01,49.79,-112.79,967.77,1225.31,1426.10,1141.31,1301.14,1555.05,1177.92,1347.25,1672.34
2049-01-01,49.79,-112.79,1024.97,1251.62,1486.81,1016.76,1243.24,1473.27,1165.98,1436.40,1713.18
2050-01-01,49.79,-112.79,999.74,1243.11,1377.71,1084.11,1216.82,1558.97,1136.17,1356.87,1676.56
2051-01-01,49.79,-112.79,1004.09,1239.03,1417.63,1127.56,1335.50,1493.54,1106.48,1349.51,1686.97
2052-01-01,49.79,-112.79,1016.72,1264.20,1463.41,1053.72,1317.28,1594.01,1057.27,1459.94,1628.83
2053-01-01,49.79,-112.79,1032.30,1143.24,1424.08,1109.82,1319.60,1486.70,1235.64,1546.74,1809.18
2054-01-01,49.79,-112.79,1029.83,1297.62,1499.18,1048.54,1323.82,1599.66,1231.79,1531.64,1685.86
2055-01-01,49.79,-112.79,1034.15,1276.25,1685.66,1041.66,1327.91,1570.86,1254.32,1481.20,1799.33
2056-01-01,49.79,-112.79,1001.19,1219.00,1426.81,1069.91,1245.80,1544.37,1332.29,1503.12,1739.65
2057-01-01,49.79,-112.79,1007.96,1203.49,1454.56,1003.66,1323.71,1680.92,1308.95,1554.61,1780.69
2058-01-01,49.79,-112.79,1045.91,1221.44,1450.29,1209.91,1424.84,1677.05,1355.57,1560.13,1807.08
2059-01-01,49.79,-112.79,944.90,1226.06,1473.88,1115.87,1358.04,1671.88,1272.41,1591.86,1744.07
2060-01-01,49.79,-112.79,989.20,1280.49,1525.27,1133.52,1358.37,1645.25,1217.60,1535.29,1793.92
2061-01-01,49.79,-112.79,1063.07,1260.43,1354.78,1007.32,1372.79,1665.32,1162.80,1561.71,1806.12
2062-01-01,49.79,-112.79,936.57,1166.83,1455.07,1111.93,1440.78,1611.61,1336.51,1567.07,1800.80
2063-01-01,49.79,-112.79,921.49,1110.14,1381.28,1181.25,1398.70,1580.29,1236.42,1567.17,2041.78
2064-01-01,49.79,-112.79,1017.33,1248.95,1489.01,1096.06,1357.04,1603.90,1284.78,1611.45,1792.06
2065-01-01,49.79,-112.79,981.57,1175.20,1394.22,1119.01,1312.51,1607.86,1319.50,1612.21,1985.17
2066-01-01,49.79,-112.79,989.84,1220.50,1387.41,1146.15,1386.12,1596.33,1413.36,1638.71,1916.25
2067-01-01,49.79,-112.79,943.72,1152.99,1418.01,1119.86,1260.45,1705.07,1344.00,1772.42,2015.07
2068-01-01,49.79,-112.79,994.23,1205.94,1390.49,1136.48,1340.34,1525.45,1448.93,1669.31,2016.59
2069-01-01,49.79,-112.79,1051.74,1218.35,1403.49,1106.89,1350.51,1607.84,1505.32,1721.59,2014.49
2070-01-01,49.79,-112.79,1008.86,1179.92,1393.16,1148.58,1358.45,1712.80,1243.88,1615.52,1899.99
2071-01-01,49.79,-112.79,978.35,1159.54,1405.83,1288.97,1493.25,1699.48,1337.57,1698.69,2032.03
2072-01-01,49.79,-112.79,943.01,1106.55,1440.77,1136.68,1470.24,1772.71,1366.14,1742.59,2023.33
2073-01-01,49.79,-112.79,932.63,1202.00,1513.65,1139.50,1434.31,1717.14,1467.26,1822.24,1979.32
2074-01-01,49.79,-112.79,937.36,1174.65,1520.80,1060.68,1460.07,1730.61,1454.87,1736.69,2050.00
2075-01-01,49.79,-112.79,963.08,1259.81,1527.91,1177.29,1382.55,1680.10,1436.48,1737.53,2065.66
2076-01-01,49.79,-112.79,983.89,1201.25,1504.16,1278.68,1466.00,1660.96,1435.30,1791.87,2049.00
2077-01-01,49.79,-112.79,965.24,1175.96,1319.52,1210.86,1491.33,1723.02,1595.87,1724.22,2094.90
2078-01-01,49.79,-112.79,833.85,1174.73,1436.75,1157.86,1456.83,1700.08,1444.74,1842.99,2117.51
2079-01-01,49.79,-112.79,976.74,1196.31,1430.76,1204.14,1502.65,1736.60,1450.45,1766.22,2112.76
2080-01-01,49.79,-112.79,1038.79,1232.43,1400.42,1209.64,1386.00,1753.89,1495.52,1861.68,2079.14
2081-01-01,49.79,-112.79,1033.27,1212.69,1520.66,1195.04,1475.04,1692.56,1409.61,1874.61,2184.93
2082-01-01,49.79,-112.79,1057.16,1172.21,1347.45,1202.00,1382.36,1627.56,1600.55,1973.66,2285.84
2083-01-01,49.79,-112.79,1017.93,1191.48,1441.68,1123.98,1384.05,1745.92,1439.34,1950.81,2187.29
2084-01-01,49.79,-112.79,955.49,1211.46,1398.05,1145.83,1504.92,1757.78,1553.79,1827.15,2243.10
2085-01-01,49.79,-112.79,1019.38,1177.68,1492.44,1209.83,1420.71,1713.76,1566.97,2014.92,2323.88
2086-01-01,49.79,-112.79,989.83,1211.75,1429.48,1129.47,1404.15,1680.10,1544.98,1945.83,2261.51
2087-01-01,49.79,-112.79,936.41,1186.19,1558.94,1138.84,1411.03,1635.46,1594.87,1862.73,2314.09
2088-01-01,49.79,-112.79,1070.33,1259.20,1464.08,1094.34,1436.18,1763.31,1642.15,1945.55,2379.69
2089-01-01,49.79,-112.79,1022.36,1204.95,1468.62,1105.96,1428.34,1808.53,1599.28,2035.89,2400.92
2090-01-01,49.79,-112.79,993.45,1158.38,1415.46,1206.38,1378.15,1687.05,1574.17,1897.44,2359.12
2091-01-01,49.79,-112.79,1027.00,1165.66,1370.19,1151.01,1458.32,1753.74,1680.11,2149.19,2415.88
2092-01-01,49.79,-112.79,971.70,1189.02,1377.96,1286.90,1575.58,1832.36,1783.62,2072.46,2470.16
2093-01-01,49.79,-112.79,939.25,1230.10,1393.44,1259.33,1393.65,1620.69,1714.20,2082.10,2455.35
2094-01-01,49.79,-112.79,938.78,1182.63,1493.74,1243.29,1469.04,1677.24,1593.53,2060.06,2395.00
2095-01-01,49.79,-112.79,976.94,1178.53,1341.75,1176.67,1484.92,1770.91,1637.02,2067.95,2399.72
2096-01-01,49.79,-112.79,1003.28,1201.31,1464.46,1220.60,1547.36,1856.31,1538.03,2161.20,2409.80
2097-01-01,49.79,-112.79,986.32,1210.01,1405.90,1195.38,1442.00,1797.35,1770.61,2122.72,2594.62
2098-01-01,49.79,-112.79,941.27,1093.75,1519.49,1225.78,1478.33,1739.17,1665.92,2287.92,2603.00
2099-01-01,49.79,-112.79,1024.52,1238.96,1456.34,1285.95,1559.31,1732.02,1559.50,2173.50,2627.78
2100-01-01,49.79,-112.79,968.87,1210.10,1423.04,1243.21,1354.31,1870.50,1811.84,2219.62,2709.29
1950-01-01,50.04,-113.54,609.07,835.65,992.41,609.07,835.60,992.71,609.07,835.47,992.67
1951-01-01,50.04,-113.54,622.30,774.82,902.08,622.41,777.41,902.08,622.41,778.28,902.08
1952-01-01,50.04,-113.54,622.65,711.46,887.29,622.65,711.33,887.39,622.65,715.04,887.18
1953-01-01,50.04,-113.54,593.63,711.78,850.26,593.63,711.46,850.26,593.63,710.94,850.26
1954-01-01,50.04,-113.54,600.53,748.25,942.13,600.87,748.25,942.13,599.99,748.19,942.13
1955-01-01,50.04,-113.54,625.24,746.67,920.27,622.50,746.67,920.41,622.33,746.67,920.48
1956-01-01,50.04,-113.54,555.84,711.44,914.76,555.42,711.44,914.76,554.99,711.44,914.76
1957-01-01,50.04,-113.54,600.64,709.89,877.32,600.64,709.89,877.32,600.64,709.94,877.32
1958-01-01,50.04,-113.54,556.70,662.49,792.59,555.65,662.76,792.59,555.66,663.08,792.59
1959-01-01,50.04,-113.54,500.38,643.47,781.32,500.39,645.17,781.32,500.38,645.31,781.32
1960-01-01,50.04,-113.54,657.10,728.05,849.14,657.05,728.04,849.73,657.11,728.05,849.72
1961-01-01,50.04,-113.54,587.87,731.25,875.77,587.87,731.25,875.76,587.87,731.25,874.44
1962-01-01,50.04,-113.54,587.12,719.68,829.76,586.95,717.02,829.76,588.41,716.95,829.75
1963-01-01,50.04,-113.54,526.10,660.38,843.62,525.06,660.41,843.62,525.63,660.41,844.19
1964-01-01,50.04,-113.54,512.68,630.80,761.40,513.43,632.85,761.40,516.10,632.85,761.40
1965-01-01,50.04,-113.54,509.00,628.30,820.25,509.38,628.31,820.07,509.53,629.31,820.71
1966-01-01,50.04,-113.54,501.49,634.44,826.63,501.49,634.47,825.99,501.49,634.47,827.85
1967-01-01,50.04,-113.54,565.68,694.88,799.53,565.40,694.88,799.53,565.90,694.88,799.27
1968-01-01,50.04,-113.54,597.46,655.37,794.50,597.46,655.37,794.50,597.46,656.23,794.49
1969-01-01,50.04,-113.54,512.36,685.18,783.04,512.36,685.18,782.35,512.36,685.18,783.54
1970-01-01,50.04,-113.54,624.85,714.56,907.79,624.79,714.56,907.83,625.50,715.90,907.79
1971-01-01,50.04,-113.54,546.59,701.59,878.65,545.98,701.59,880.01,545.88,701.59,879.64
1972-01-01,50.04,-113.54,555.92,689.20,807.03,555.92,689.46,807.13,555.92,690.15,807.11
1973-01-01,50.04,-113.54,563.11,682.60,842.60,566.09,682.34,842.60,566.09,680.70,842.60
1974-01-01,50.04,-113.54,531.10,682.15,799.89,531.33,682.15,799.89,531.52,685.85,799.89
1975-01-01,50.04,-113.54,556.78,699.41,819.20,556.77,699.41,821.29,556.78,699.83,821.04
1976-01-01,50.04,-113.54,606.93,732.25,865.87,606.93,733.19,865.62,606.93,732.32,865.72
1977-01-01,50.04,-113.54,579.48,743.74,965.02,581.14,741.36,965.32,581.93,741.51,965.22
1978-01-01,50.04,-113.54,644.19,790.18,862.48,641.75,790.01,862.48,641.21,790.36,862.48
1979-01-01,50.04,-113.54,634.29,732.01,892.77,632.79,732.02,892.46,632.25,732.02,891.70
1980-01-01,50.04,-113.54,600.50,714.34,865.37,600.95,716.64,861.95,599.61,710.97,866.37
1981-01-01,50.04,-113.54,597.52,791.93,960.14,595.66,791.81,958.02,596.11,792.03,959.46
1982-01-01,50.04,-113.54,571.11,745.21,893.76,570.60,745.75,891.83,568.57,744.88,891.51
1983-01-01,50.04,-113.54,512.21,696.45,835.77,510.54,695.61,839.74,510.40,693.99,838.85
1984-01-01,50.04,-113.54,605.61,795.54,878.32,599.40,798.31,880.11,597.77,799.04,882.69
1985-01-01,50.04,-113.54,563.27,742.26,928.71,559.06,742.40,931.43,556.62,741.77,929.49
1986-01-01,50.04,-113.54,559.81,731.62,888.33,556.20,733.46,886.92,557.32,733.32,886.77
1987-01-01,50.04,-113.54,603.52,724.26,890.67,604.92,725.58,891.60,601.31,728.05,888.56
1988-01-01,50.04,-113.54,632.37,779.02,942.97,633.22,779.23,944.29,634.25,777.90,942.09
1989-01-01,50.04,-113.54,683.32,814.61,923.04,683.36,813.57,922.90,683.46,813.22,927.58
1990-01-01,50.04,-113.54,616.82,755.08,935.23,617.85,756.50,938.12,615.19,756.81,933.10
1991-01-01,50.04,-113.54,556.01,731.63,888.88,556.03,732.19,888.83,556.72,730.35,890.93
1992-01-01,50.04,-113.54,544.83,665.92,836.18,547.80,664.61,836.29,547.24,668.00,833.82
1993-01-01,50.04,-113.54,567.08,692.64,851.66,563.21,693.83,851.09,562.89,690.40,848.89
1994-01-01,50.04,-113.54,562.90,732.86,919.62,563.60,734.70,921.06,560.12,733.23,917.47
1995-01-01,50.04,-113.54,583.37,783.89,924.10,584.73,783.56,922.86,585.92,782.51,921.36
1996-01-01,50.04,-113.54,648.90,799.78,877.84,649.47,799.97,878.78,648.04,799.79,880.93
1997-01-01,50.04,-113.54,623.70,728.31,950.98,623.40,729.19,952.43,624.94,726.40,951.95
1998-01-01,50.04,-113.54,685.79,834.74,984.30,684.32,832.67,986.82,683.81,834.61,983.83
1999-01-01,50.04,-113.54,638.10,783.24,919.28,635.87,783.58,920.07,639.46,781.63,922.05
2000-01-01,50.04,-113.54,684.94,844.03,1027.70,682.60,846.09,1029.95,681.45,845.96,1027.90
2001-01-01,50.04,-113.54,675.30,802.47,1055.69,676.68,803.23,1061.45,674.08,804.78,1060.14
2002-01-01,50.04,-113.54,709.97,878.72,1006.25,711.77,877.79,1006.61,708.17,875.82,1010.47
2003-01-01,50.04,-113.54,684.46,847.33,990.80,686.13,845.15,994.39,684.83,846.46,990.39
2004-01-01,50.04,-113.54,700.45,830.67,1094.51,699.71,833.68,1094.21,699.51,830.69,1096.40
2005-01-01,50.04,-113.54,713.66,835.86,998.27,710.89,834.12,995.64,716.12,836.00,997.85
2006-01-01,50.04,-113.54,680.36,863.77,1015.25,677.40,831.01,1013.34,735.30,876.38,976.17
2007-01-01,50.04,-113.54,706.85,849.68,1023.81,703.60,872.77,1061.11,759.39,910.76,1134.13
2008-01-01,50.04,-113.54,670.51,825.15,917.24,716.35,855.09,1044.45,697.90,902.62,1067.85
2009-01-01,50.04,-113.54,732.59,850.40,1008.91,714.02,952.70,1092.26,657.16,866.86,1079.18
2010-01-01,50.04,-113.54,684.67,819.76,987.20,636.95,873.63,1106.33,722.05,848.15,1056.79
2011-01-01,50.04,-113.54,694.33,853.72,1074.09,718.79,874.36,1067.88,699.13,885.63,955.18
2012-01-01,50.04,-113.54,763.41,922.39,1108.61,745.90,873.67,1019.13,770.37,898.47,1016.16
2013-01-01,50.04,-113.54,719.88,851.73,1060.51,727.64,851.26,1042.34,727.94,884.32,988.06
2014-01-01,50.04,-113.54,706.02,868.39,1053.43,698.05,870.06,1088.55,717.86,904.34,1070.50
2015-01-01,50.04,-113.54,793.09,939.81,1092.53,735.99,916.31,1057.95,715.05,899.39,1130.03
2016-01-01,50.04,-113.54,767.24,936.15,1118.98,674.00,840.45,994.16,745.00,913.54,1063.68
2017-01-01,50.04,-113.54,752.32,941.97,1161.69,776.90,916.14,1068.64,789.84,944.62,1082.09
2018-01-01,50.04,-113.54,722.70,903.87,1146.67,808.83,971.73,1131.78,770.76,956.70,1118.58
2019-01-01,50.04,-113.54,764.11,923.58,1068.98,778.01,895.55,1104.27,821.14,989.92,1102.67
2020-01-01,50.04,-113.54,802.48,896.67,1070.72,696.28,898.98,1158.64,817.04,1014.86,1218.91
2021-01-01,50.04,-113.54,786.08,983.88,1093.60,815.75,955.41,1101.20,726.28,938.25,1064.05
2022-01-01,50.04,-113.54,711.82,996.39,1208.51,769.40,953.72,1098.03,764.23,1011.99,1207.19
2023-01-01,50.04,-113.54,802.57,989.02,1104.75,777.76,950.69,1144.88,806.66,1022.63,1263.28
2024-01-01,50.04,-113.54,796.87,981.20,1228.73,686.09,910.50,1107.94,819.17,958.24,1158.16
2025-01-01,50.04,-113.54,850.98,959.59,1162.59,784.75,960.49,1160.21,813.64,1011.93,1270.65
2026-01-01,50.04,-113.54,784.70,971.61,1157.31,850.68,964.86,1230.64,834.17,974.49,1209.61
2027-01-01,50.04,-113.54,798.73,1006.97,1153.77,818.12,993.49,1087.74,868.33,999.60,1221.98
2028-01-01,50.04,-113.54,798.74,1007.84,1190.71,733.53,975.52,1173.77,846.65,1021.56,1164.15
2029-01-01,50.04,-113.54,781.27,907.68,1189.61,805.65,1029.74,1234.39,805.28,1042.29,1241.24
2030-01-01,50.04,-113.54,810.54,1019.81,1192.21,841.76,1072.79,1246.86,794.35,1015.78,1198.72
2031-01-01,50.04,-113.54,834.58,1054.39,1161.33,833.33,976.35,1121.65,809.19,1023.74,1206.34
2032-01-01,50.04,-113.54,814.34,964.17,1129.73,790.45,971.44,1254.89,878.96,1012.11,1200.10
2033-01-01,50.04,-113.54,819.44,1029.01,1207.91,878.02,1078.25,1236.80,919.80,1058.86,1236.55
2034-01-01,50.04,-113.54,845.46,1065.03,1264.62,902.82,1078.89,1215.12,892.91,1085.17,1223.36
2035-01-01,50.04,-113.54,938.73,1037.03,1332.64,853.54,1045.83,1219.68,860.04,1059.21,1360.45
2036-01-01,50.04,-113.54,896.80,1048.77,1284.38,832.13,1064.97,1241.01,848.91,1053.00,1200.78
2037-01-01,50.04,-113.54,734.28,1002.83,1230.85,825.71,1145.29,1294.50,925.77,1119.63,1298.48
2038-01-01,50.04,-113.54,801.42,1038.74,1226.11,893.62,1052.71,1211.68,941.21,1171.07,1337.04
2039-01-01,50.04,-113.54,808.32,1022.92,1289.57,844.32,1023.62,1182.61,985.81,1139.75,1309.53
2040-01-01,50.04,-113.54,830.76,1008.12,1241.08,873.96,1035.85,1198.18,896.03,1065.19,1287.90
2041-01-01,50.04,-113.54,860.50,1094.37,1245.34,846.59,1009.55,1308.57,966.85,1083.17,1375.84
2042-01-01,50.04,-113.54,849.97,984.05,1288.23,845.72,1108.60,1199.16,914.45,1079.94,1284.70
2043-01-01,50.04,-113.54,870.80,1010.61,1201.75,916.91,1050.54,1279.20,898.70,1144.18,1373.01
2044-01-01,50.04,-113.54,831.36,971.35,1150.95,883.33,1059.21,1386.75,890.01,1094.75,1275.08
2045-01-01,50.04,-113.54,845.44,986.82,1233.77,870.98,1022.86,1416.90,917.32,1159.58,1405.48
2046-01-01,50.04,-113.54,846.86,1061.38,1272.61,821.47,1056.33,1361.19,978.75,1147.15,1361.03
2047-01-01,50.04,-113.54,822.39,1036.01,1281.34,813.87,1123.99,1288.76,1020.12,1166.49,1367.52
2048-01-01,50.04,-113.54,856.27,1050.20,1228.87,953.69,1113.28,1370.67,1028.33,1169.12,1456.36
2049-01-01,50.04,-113.54,863.36,1068.08,1303.40,862.19,1083.25,1289.60,985.45,1241.29,1477.06
2050-01-01,50.04,-113.54,816.78,1061.08,1206.63,922.80,1065.42,1379.66,953.83,1165.60,1474.20
2051-01-01,50.04,-113.54,833.48,1068.49,1231.92,952.94,1148.41,1316.64,944.95,1182.64,1478.29
2052-01-01,50.04,-113.54,854.88,1110.17,1306.80,882.04,1155.78,1417.05,916.43,1284.13,1471.10
2053-01-01,50.04,-113.54,862.71,974.07,1231.55,938.52,1151.80,1285.19,1050.41,1364.36,1616.07
2054-01-01,50.04,-113.54,869.48,1134.70,1291.67,875.13,1138.56,1403.74,1045.59,1348.37,1506.56
2055-01-01,50.04,-113.54,869.52,1099.77,1481.60,875.50,1153.97,1375.04,1096.55,1291.65,1580.96
2056-01-01,50.04,-113.54,841.30,1058.03,1270.03,930.01,1069.55,1319.08,1151.89,1319.26,1566.67
2057-01-01,50.04,-113.54,837.53,1023.41,1285.41,847.72,1155.50,1412.48,1122.58,1351.90,1612.81
2058-01-01,50.04,-113.54,878.27,1053.39,1280.87,1040.76,1274.39,1471.12,1163.05,1366.69,1627.10
2059-01-01,50.04,-113.54,781.34,1041.63,1283.95,947.12,1196.75,1503.15,1125.95,1398.64,1584.33
2060-01-01,50.04,-113.54,840.21,1098.72,1356.43,969.05,1212.98,1457.97,1032.27,1344.51,1634.27
2061-01-01,50.04,-113.54,903.46,1100.47,1186.79,846.52,1194.62,1476.30,979.66,1382.80,1617.15
2062-01-01,50.04,-113.54,785.49,1032.31,1269.86,936.95,1277.56,1411.08,1152.99,1402.28,1630.12
2063-01-01,50.04,-113.54,774.42,944.74,1198.97,1002.21,1221.16,1406.95,1060.17,1373.85,1837.78
2064-01-01,50.04,-113.54,851.83,1076.56,1293.29,923.05,1182.49,1423.60,1089.21,1451.55,1588.50
2065-01-01,50.04,-113.54,841.54,1004.11,1226.11,963.56,1127.76,1402.40,1129.54,1414.70,1792.87
2066-01-01,50.04,-113.54,828.09,1055.74,1210.01,974.23,1202.28,1427.21,1221.49,1465.37,1741.99
2067-01-01,50.04,-113.54,774.68,986.10,1220.63,946.34,1102.90,1518.30,1166.84,1595.86,1834.52
2068-01-01,50.04,-113.54,843.16,1031.79,1219.79,978.30,1155.97,1296.27,1303.81,1470.73,1818.69
2069-01-01,50.04,-113.54,886.56,1035.68,1191.24,941.66,1184.52,1418.01,1323.45,1531.79,1786.84
2070-01-01,50.04,-113.54,860.27,1002.73,1216.63,991.86,1172.75,1538.96,1066.51,1405.38,1692.85
2071-01-01,50.04,-113.54,813.23,995.82,1216.76,1101.84,1300.86,1493.66,1155.29,1509.83,1765.85
2072-01-01,50.04,-113.54,798.27,927.61,1289.89,952.65,1282.91,1572.66,1177.51,1528.60,1814.89
2073-01-01,50.04,-113.54,787.74,1026.80,1338.69,974.94,1227.36,1491.45,1289.86,1609.95,1777.86
2074-01-01,50.04,-113.54,781.54,977.87,1326.88,887.61,1280.24,1537.89,1245.21,1523.08,1861.91
2075-01-01,50.04,-113.54,796.98,1081.58,1323.53,994.20,1217.21,1475.65,1267.24,1564.06,1873.01
2076-01-01,50.04,-113.54,828.15,1039.86,1329.64,1078.48,1278.18,1485.76,1258.63,1582.21,1869.99
2077-01-01,50.04,-113.54,809.80,992.62,1157.76,1025.61,1285.72,1533.65,1400.31,1541.23,1840.74
2078-01-01,50.04,-113.54,667.68,993.44,1245.15,951.39,1287.73,1506.67,1239.96,1642.24,1907.02
2079-01-01,50.04,-113.54,831.95,1012.45,1262.75,1036.01,1336.24,1529.10,1252.03,1571.28,1895.97
2080-01-01,50.04,-113.54,851.65,1063.22,1229.07,1021.25,1205.06,1568.00,1319.17,1660.24,1913.74
2081-01-01,50.04,-113.54,860.04,1019.83,1296.51,1032.91,1288.99,1491.24,1210.77,1645.86,1934.57
2082-01-01,50.04,-113.54,892.51,1020.15,1147.96,997.43,1194.48,1466.94,1417.00,1752.54,2079.77
2083-01-01,50.04,-113.54,856.28,1013.16,1259.27,937.77,1240.06,1560.80,1261.99,1719.13,2003.60
2084-01-01,50.04,-113.54,799.37,1041.58,1228.37,982.50,1338.40,1545.27,1343.23,1622.93,2063.25
2085-01-01,50.04,-113.54,864.85,1019.25,1264.92,1036.82,1243.73,1504.02,1384.32,1829.99,2104.64
2086-01-01,50.04,-113.54,839.22,1060.19,1253.82,972.93,1226.07,1479.47,1359.97,1755.34,2083.51
2087-01-01,50.04,-113.54,774.60,1027.87,1343.78,996.39,1226.27,1452.56,1384.73,1677.77,2092.38
2088-01-01,50.04,-113.54,884.58,1062.87,1290.23,918.52,1257.19,1581.99,1471.12,1774.31,2209.23
2089-01-01,50.04,-113.54,841.88,1020.85,1265.64,955.87,1245.09,1626.69,1423.10,1828.91,2127.62
2090-01-01,50.04,-113.54,837.10,998.34,1224.69,1006.22,1202.30,1472.40,1381.28,1716.03,2142.60
2091-01-01,50.04,-113.54,885.60,995.82,1195.87,973.00,1302.65,1522.81,1492.91,1924.94,2204.06
2092-01-01,50.04,-113.54,817.77,1025.04,1203.12,1099.98,1365.81,1626.51,1582.11,1862.00,2245.96
2093-01-01,50.04,-113.54,805.13,1058.56,1199.74,1087.09,1191.91,1426.82,1512.44,1889.08,2225.25
2094-01-01,50.04,-113.54,765.85,1016.84,1309.03,1076.70,1274.54,1508.88,1409.03,1866.59,2187.01
2095-01-01,50.04,-113.54,812.57,1014.18,1166.45,988.55,1297.21,1572.04,1436.90,1840.34,2196.54
2096-01-01,50.04,-113.54,862.31,1020.15,1281.17,1054.92,1339.98,1664.74,1353.39,1971.30,2195.02
2097-01-01,50.04,-113.54,845.23,1030.48,1205.02,1011.09,1252.20,1593.37,1611.29,1937.48,2381.79
2098-01-01,50.04,-113.54,777.16,919.75,1314.44,1023.97,1286.69,1537.17,1444.40,2130.69,2405.90
2099-01-01,50.04,-113.54,855.38,1056.55,1248.29,1091.50,1362.73,1562.18,1387.59,1973.58,2440.57
2100-01-01,50.04,-113.54,797.17,1062.66,1255.81,1052.19,1195.50,1638.71,1595.92,2015.78,2511.77
1950-01-01,50.04,-112.29,760.57,976.25,1154.55,760.57,975.30,1154.68,760.57,975.30,1154.65
1951-01-01,50.04,-112.29,761.39,930.03,1073.47,761.68,930.03,1073.47,761.46,932.55,1073.47
1952-01-01,50.04,-112.29,775.13,884.75,1064.84,775.04,884.76,1064.84,775.04,884.75,1064.84
1953-01-01,50.04,-112.29,724.48,848.67,1025.92,724.48,849.52,1025.92,726.13,848.24,1025.92
1954-01-01,50.04,-112.29,751.32,890.83,1110.19,750.13,890.83,1110.19,749.95,890.83,1110.19
1955-01-01,50.04,-112.29,773.88,912.51,1043.31,772.37,912.51,1042.51,772.20,912.51,1042.11
1956-01-01,50.04,-112.29,690.18,854.93,1088.38,690.02,854.93,1088.38,690.07,854.93,1088.38
1957-01-01,50.04,-112.29,731.69,846.52,1054.16,731.69,846.52,1054.16,731.69,847.19,1054.17
1958-01-01,50.04,-112.29,687.27,822.86,951.64,686.71,827.12,951.64,686.71,826.86,951.63
1959-01-01,50.04,-112.29,633.88,794.81,983.42,633.88,796.72,983.41,633.88,795.54,983.41
1960-01-01,50.04,-112.29,801.25,887.14,1000.44,801.25,887.14,1002.42,801.25,887.14,1002.42
1961-01-01,50.04,-112.29,738.12,882.42,1063.21,738.12,882.42,1063.21,738.12,882.42,1063.21
1962-01-01,50.04,-112.29,740.28,881.14,1000.77,741.88,881.61,1000.75,741.44,881.90,1000.75
1963-01-01,50.04,-112.29,672.40,795.56,1024.47,673.17,796.39,1024.46,673.53,796.39,1024.47
1964-01-01,50.04,-112.29,656.77,764.19,918.25,656.75,764.80,917.99,657.51,764.86,918.35
1965-01-01,50.04,-112.29,652.18,784.23,987.69,651.88,784.23,987.83,652.16,788.84,987.68
1966-01-01,50.04,-112.29,624.51,775.87,1016.82,624.51,774.23,1016.05,624.51,774.23,1016.94
1967-01-01,50.04,-112.29,709.00,846.16,965.00,709.26,846.02,965.00,709.74,847.22,965.00
1968-01-01,50.04,-112.29,736.09,813.88,961.84,736.09,813.72,961.84,736.09,814.53,961.84
1969-01-01,50.04,-112.29,624.85,833.89,970.09,624.56,832.77,970.09,624.56,832.31,970.09
1970-01-01,50.04,-112.29,761.48,857.72,1065.04,762.71,857.61,1065.04,759.54,863.59,1065.04
1971-01-01,50.04,-112.29,687.20,837.85,1055.73,687.20,837.84,1054.13,687.19,837.85,1056.24
1972-01-01,50.04,-112.29,730.84,836.29,980.55,730.84,836.29,980.86,730.84,840.19,981.95
1973-01-01,50.04,-112.29,709.46,835.34,992.81,709.46,835.34,992.82,709.46,835.34,992.81
1974-01-01,50.04,-112.29,676.94,831.67,954.49,676.97,831.86,954.49,677.29,832.29,954.49
1975-01-01,50.04,-112.29,703.63,860.56,1009.95,703.63,860.32,1009.62,703.65,863.90,1010.86
1976-01-01,50.04,-112.29,759.20,905.03,1030.05,759.19,906.29,1030.05,759.20,905.23,1030.05
1977-01-01,50.04,-112.29,746.30,899.17,1129.35,746.35,898.73,1129.47,750.95,898.97,1129.24
1978-01-01,50.04,-112.29,765.62,941.25,1035.36,765.69,942.07,1035.36,765.27,941.89,1035.36
1979-01-01,50.04,-112.29,793.42,891.68,1015.85,792.33,891.68,1015.45,793.05,891.68,1015.85
1980-01-01,50.04,-112.29,759.45,887.06,1029.08,763.60,889.16,1022.93,761.67,885.40,1029.33
1981-01-01,50.04,-112.29,728.67,950.94,1129.95,725.59,951.24,1130.20,723.46,950.97,1128.87
1982-01-01,50.04,-112.29,722.04,873.05,1052.79,722.07,875.64,1052.77,719.76,881.23,1053.42
1983-01-01,50.04,-112.29,659.98,845.93,994.63,658.34,847.88,998.38,657.92,846.44,997.69
1984-01-01,50.04,-112.29,783.33,942.28,1050.01,781.02,942.49,1051.54,779.03,942.89,1051.19
1985-01-01,50.04,-112.29,720.57,892.08,1080.32,718.32,893.19,1082.05,718.19,892.52,1083.53
1986-01-01,50.04,-112.29,698.23,888.43,1069.04,696.47,890.70,1068.19,694.35,890.58,1066.98
1987-01-01,50.04,-112.29,754.88,882.98,1062.46,756.12,879.20,1060.65,749.95,881.14,1061.10
1988-01-01,50.04,-112.29,791.80,947.96,1109.62,793.37,946.67,1108.35,791.21,954.64,1108.13
1989-01-01,50.04,-112.29,838.19,975.17,1097.64,838.54,976.13,1097.35,838.73,974.52,1096.01
1990-01-01,50.04,-112.29,751.53,904.57,1065.41,754.89,903.08,1068.26,750.08,903.79,1064.33
1991-01-01,50.04,-112.29,712.56,885.01,1061.95,712.92,885.33,1061.05,712.93,883.01,1062.59
1992-01-01,50.04,-112.29,685.34,814.64,987.33,681.95,814.95,986.43,682.84,816.48,986.09
1993-01-01,50.04,-112.29,674.11,848.69,1002.71,674.37,846.42,1004.26,675.74,847.51,1000.57
1994-01-01,50.04,-112.29,750.64,911.00,1114.47,752.48,912.50,1116.50,748.89,912.69,1111.88
1995-01-01,50.04,-112.29,729.16,927.70,1065.35,731.81,927.47,1065.85,730.78,927.06,1067.19
1996-01-01,50.04,-112.29,797.98,949.00,1044.28,796.75,948.26,1045.12,795.73,947.16,1049.24
1997-01-01,50.04,-112.29,779.25,891.96,1115.90,778.67,892.75,1117.21,781.45,890.95,1113.91
1998-01-01,50.04,-112.29,841.15,975.87,1151.07,838.47,973.71,1156.49,839.40,979.51,1154.54
1999-01-01,50.04,-112.29,778.23,960.12,1086.84,781.18,959.73,1087.92,780.24,959.18,1087.66
2000-01-01,50.04,-112.29,850.28,998.71,1234.12,846.06,999.68,1234.03,845.69,998.26,1239.51
2001-01-01,50.04,-112.29,818.83,969.99,1198.87,819.07,970.39,1201.34,818.14,969.15,1204.85
2002-01-01,50.04,-112.29,878.90,1029.05,1182.74,880.94,1026.05,1182.03,877.25,1026.71,1185.66
2003-01-01,50.04,-112.29,850.95,1020.67,1164.16,852.16,1018.79,1168.56,859.20,1018.30,1164.01
2004-01-01,50.04,-112.29,836.68,980.29,1295.85,835.55,984.08,1295.72,835.07,980.22,1294.44
2005-01-01,50.04,-112.29,857.03,1005.17,1176.01,854.84,1006.73,1171.51,857.50,1003.15,1173.82
2006-01-01,50.04,-112.29,857.68,1030.37,1150.17,823.78,986.47,1144.07,895.16,1051.22,1155.43
2007-01-01,50.04,-112.29,848.31,996.02,1186.10,852.74,1067.41,1232.34,911.41,1069.79,1296.62
2008-01-01,50.04,-112.29,820.77,961.00,1111.72,878.56,1020.89,1195.67,855.09,1036.43,1225.45
2009-01-01,50.04,-112.29,902.53,988.94,1171.56,845.34,1107.48,1295.85,788.58,1028.48,1281.48
2010-01-01,50.04,-112.29,824.08,1005.08,1168.93,782.57,1035.86,1266.88,854.08,1023.04,1203.89
2011-01-01,50.04,-112.29,857.22,1027.06,1237.98,867.35,1040.45,1248.11,874.41,1022.31,1139.89
2012-01-01,50.04,-112.29,918.03,1093.87,1316.22,943.70,1036.50,1226.18,933.29,1097.54,1191.22
2013-01-01,50.04,-112.29,870.19,1018.16,1229.76,868.76,1020.97,1203.43,911.86,1063.71,1168.59
2014-01-01,50.04,-112.29,854.05,1051.08,1231.94,851.85,1035.62,1263.10,864.03,1078.95,1271.41
2015-01-01,50.04,-112.29,946.58,1088.76,1264.18,885.72,1084.56,1249.92,872.16,1067.90,1272.67
2016-01-01,50.04,-112.29,942.27,1131.91,1283.59,825.66,1004.57,1170.99,903.97,1074.55,1222.68
2017-01-01,50.04,-112.29,899.90,1120.20,1352.18,942.68,1092.61,1230.19,925.68,1131.61,1252.65
2018-01-01,50.04,-112.29,881.19,1041.72,1286.84,992.21,1132.30,1327.83,946.93,1135.76,1313.87
2019-01-01,50.04,-112.29,924.04,1091.92,1246.09,934.22,1056.26,1302.29,995.95,1164.65,1280.93
2020-01-01,50.04,-112.29,949.88,1072.63,1236.16,879.77,1075.97,1357.28,970.30,1199.04,1388.62
2021-01-01,50.04,-112.29,936.22,1158.65,1267.57,996.87,1128.66,1292.63,882.99,1118.75,1254.47
2022-01-01,50.04,-112.29,850.31,1132.89,1367.67,933.84,1132.49,1318.61,933.87,1174.58,1400.10
2023-01-01,50.04,-112.29,954.79,1160.13,1280.07,951.89,1096.03,1334.37,972.23,1198.81,1426.14
2024-01-01,50.04,-112.29,926.45,1182.19,1442.50,835.17,1071.10,1325.02,987.51,1139.72,1313.61
2025-01-01,50.04,-112.29,995.70,1132.94,1333.90,922.96,1106.41,1322.44,951.69,1176.24,1418.56
2026-01-01,50.04,-112.29,940.35,1158.71,1321.02,1007.61,1125.91,1399.30,984.16,1144.20,1405.53
2027-01-01,50.04,-112.29,931.65,1183.20,1321.40,994.70,1149.09,1282.19,1002.19,1155.89,1416.19
2028-01-01,50.04,-112.29,951.83,1189.52,1356.97,906.68,1142.58,1356.60,1036.99,1192.66,1346.41
2029-01-01,50.04,-112.29,946.04,1078.25,1326.08,928.13,1180.76,1438.07,974.23,1214.10,1381.43
2030-01-01,50.04,-112.29,952.55,1193.41,1368.53,991.97,1237.65,1412.59,956.39,1201.88,1338.22
2031-01-01,50.04,-112.29,1012.78,1216.21,1344.62,993.54,1141.21,1302.47,979.90,1207.55,1367.99
2032-01-01,50.04,-112.29,993.99,1124.50,1303.20,971.49,1129.80,1428.26,1036.21,1184.51,1338.44
2033-01-01,50.04,-112.29,943.16,1215.33,1373.73,1035.51,1253.02,1413.99,1086.69,1233.59,1401.36
2034-01-01,50.04,-112.29,990.70,1260.19,1430.33,1037.63,1258.26,1367.92,1056.66,1256.69,1381.52
2035-01-01,50.04,-112.29,1089.22,1216.40,1509.12,987.06,1216.00,1393.54,1058.66,1227.71,1549.81
2036-01-01,50.04,-112.29,1039.94,1232.58,1472.76,985.97,1201.90,1419.42,1017.88,1209.01,1384.68
2037-01-01,50.04,-112.29,910.94,1192.36,1384.52,974.12,1289.13,1445.87,1101.46,1260.31,1497.11
2038-01-01,50.04,-112.29,959.13,1198.60,1398.34,1064.48,1219.59,1381.52,1105.40,1344.55,1507.02
2039-01-01,50.04,-112.29,950.27,1192.29,1431.56,978.18,1180.61,1328.83,1135.80,1313.57,1443.57
2040-01-01,50.04,-112.29,956.04,1177.57,1422.96,1038.52,1217.19,1343.98,1070.62,1263.21,1427.24
2041-01-01,50.04,-112.29,1012.57,1252.38,1434.91,1016.48,1196.44,1502.63,1119.32,1304.82,1566.92
2042-01-01,50.04,-112.29,1018.44,1165.68,1445.44,986.54,1297.45,1423.49,1081.70,1277.52,1483.19
2043-01-01,50.04,-112.29,1016.39,1167.61,1375.00,1092.49,1256.58,1454.21,1054.14,1345.50,1586.42
2044-01-01,50.04,-112.29,991.34,1151.37,1322.96,1017.78,1224.78,1543.34,976.54,1270.19,1485.90
2045-01-01,50.04,-112.29,1007.61,1156.29,1381.17,1046.71,1203.96,1604.57,1072.85,1329.76,1604.71
2046-01-01,50.04,-112.29,1035.98,1236.99,1453.00,996.18,1234.10,1564.92,1133.50,1344.31,1526.11
2047-01-01,50.04,-112.29,988.55,1223.51,1449.83,984.33,1320.46,1470.66,1196.67,1349.95,1575.34
2048-01-01,50.04,-112.29,945.11,1238.94,1428.81,1142.38,1311.41,1559.68,1185.56,1342.48,1667.67
2049-01-01,50.04,-112.29,1027.78,1245.52,1466.18,1002.72,1237.13,1466.50,1176.10,1443.06,1716.97
2050-01-01,50.04,-112.29,977.32,1247.02,1370.64,1092.74,1228.72,1542.66,1146.38,1356.74,1667.06
2051-01-01,50.04,-112.29,1001.40,1237.09,1417.74,1124.21,1345.35,1490.05,1112.76,1348.13,1677.37
2052-01-01,50.04,-112.29,1013.59,1248.69,1460.55,1059.16,1306.86,1570.81,1052.22,1464.90,1609.41
2053-01-01,50.04,-112.29,1042.28,1150.30,1403.72,1105.23,1326.59,1498.06,1221.75,1529.01,1807.87
2054-01-01,50.04,-112.29,1004.24,1297.68,1509.33,1037.82,1330.64,1564.31,1222.77,1523.87,1663.85
2055-01-01,50.04,-112.29,1031.39,1258.66,1675.75,1031.03,1325.66,1567.40,1257.77,1464.20,1801.13
2056-01-01,50.04,-112.29,1013.89,1219.19,1412.94,1048.99,1240.42,1542.35,1332.35,1490.77,1707.57
2057-01-01,50.04,-112.29,1000.01,1201.31,1446.82,994.94,1328.64,1659.36,1301.45,1544.52,1781.99
2058-01-01,50.04,-112.29,1054.00,1217.20,1450.39,1218.33,1410.21,1660.85,1344.72,1545.47,1770.78
2059-01-01,50.04,-112.29,942.17,1227.53,1490.04,1126.05,1352.30,1659.79,1263.58,1598.37,1724.92
2060-01-01,50.04,-112.29,978.57,1287.56,1513.18,1143.20,1347.07,1637.10,1217.06,1550.30,1785.86
2061-01-01,50.04,-112.29,1063.98,1259.03,1361.07,1000.68,1378.91,1645.95,1165.27,1557.62,1783.47
2062-01-01,50.04,-112.29,941.47,1146.92,1440.48,1116.72,1416.44,1594.22,1318.56,1559.17,1774.70
2063-01-01,50.04,-112.29,918.13,1118.01,1358.33,1170.48,1396.88,1587.37,1233.34,1557.82,2007.42
2064-01-01,50.04,-112.29,1006.97,1244.28,1491.27,1090.73,1338.43,1586.46,1274.04,1592.43,1768.15
2065-01-01,50.04,-112.29,975.94,1188.32,1382.94,1108.82,1324.70,1614.26,1324.39,1592.82,1992.72
2066-01-01,50.04,-112.29,988.12,1212.64,1368.13,1123.40,1378.46,1599.37,1389.91,1625.47,1911.30
2067-01-01,50.04,-112.29,960.72,1156.47,1424.38,1121.97,1264.89,1697.43,1321.59,1744.43,1997.26
2068-01-01,50.04,-112.29,1014.12,1200.46,1392.55,1137.99,1340.03,1522.24,1428.06,1670.84,1992.73
2069-01-01,50.04,-112.29,1051.14,1218.35,1410.68,1106.99,1363.38,1602.97,1506.02,1698.77,2006.69
2070-01-01,50.04,-112.29,1011.09,1182.44,1404.84,1137.06,1375.10,1697.18,1237.69,1623.49,1879.19
2071-01-01,50.04,-112.29,967.55,1157.48,1408.07,1286.19,1477.90,1697.02,1323.80,1701.30,2027.88
2072-01-01,50.04,-112.29,947.07,1107.47,1456.77,1134.14,1474.84,1759.22,1368.12,1738.83,2003.51
2073-01-01,50.04,-112.29,941.25,1201.53,1512.50,1107.94,1443.11,1726.89,1486.69,1789.29,1978.77
2074-01-01,50.04,-112.29,935.16,1172.47,1519.97,1081.16,1446.01,1719.60,1452.83,1740.10,2033.54
2075-01-01,50.04,-112.29,972.53,1265.20,1540.49,1171.50,1379.92,1693.80,1431.81,1717.61,2003.12
2076-01-01,50.04,-112.29,978.54,1203.43,1504.06,1274.75,1452.07,1640.91,1424.28,1800.39,2020.98
2077-01-01,50.04,-112.29,957.52,1168.17,1316.15,1216.81,1497.22,1722.69,1601.53,1731.27,2108.80
2078-01-01,50.04,-112.29,841.46,1177.65,1459.00,1172.67,1433.04,1702.34,1450.33,1837.59,2117.58
2079-01-01,50.04,-112.29,976.39,1206.29,1432.74,1191.98,1486.12,1731.27,1444.71,1774.65,2088.79
2080-01-01,50.04,-112.29,1020.14,1244.73,1398.04,1219.42,1389.92,1747.33,1523.35,1859.05,2070.68
2081-01-01,50.04,-112.29,1028.32,1212.35,1517.53,1190.21,1457.43,1691.97,1416.51,1889.09,2170.23
2082-01-01,50.04,-112.29,1050.58,1175.46,1356.71,1167.62,1387.04,1609.06,1594.47,1966.98,2260.55
2083-01-01,50.04,-112.29,1016.08,1203.32,1414.46,1116.52,1382.73,1719.17,1423.49,1945.73,2157.43
2084-01-01,50.04,-112.29,964.60,1201.02,1409.68,1146.40,1505.13,1742.59,1546.83,1817.86,2227.13
2085-01-01,50.04,-112.29,1019.82,1185.09,1499.74,1197.00,1415.76,1704.00,1555.20,2001.26,2298.96
2086-01-01,50.04,-112.29,1001.24,1204.11,1426.80,1127.67,1411.50,1685.35,1530.27,1919.65,2253.34
2087-01-01,50.04,-112.29,940.15,1190.36,1573.44,1128.19,1402.30,1631.39,1584.24,1850.94,2306.83
2088-01-01,50.04,-112.29,1070.21,1247.85,1463.05,1082.61,1425.50,1748.99,1647.72,1908.75,2351.75
2089-01-01,50.04,-112.29,1030.12,1190.47,1484.91,1118.72,1407.52,1792.21,1583.71,2020.38,2393.26
2090-01-01,50.04,-112.29,1003.89,1157.30,1426.27,1218.02,1375.72,1684.69,1559.79,1897.29,2345.83
2091-01-01,50.04,-112.29,1006.64,1159.83,1365.41,1154.10,1447.80,1752.29,1642.09,2134.18,2379.25
2092-01-01,50.04,-112.29,963.50,1189.75,1361.20,1277.88,1559.01,1817.89,1769.03,2045.94,2422.72
2093-01-01,50.04,-112.29,932.11,1203.73,1409.18,1250.32,1385.92,1619.79,1715.70,2066.12,2429.92
2094-01-01,50.04,-112.29,926.41,1189.60,1477.60,1247.46,1458.99,1686.58,1578.17,2030.85,2374.81
2095-01-01,50.04,-112.29,991.40,1196.79,1349.57,1177.13,1493.31,1760.65,1624.36,2049.35,2353.15
2096-01-01,50.04,-112.29,998.73,1203.35,1471.88,1224.81,1548.54,1847.87,1514.56,2111.97,2387.24
2097-01-01,50.04,-112.29,988.76,1201.35,1434.37,1205.48,1449.65,1806.42,1735.75,2089.75,2572.51
2098-01-01,50.04,-112.29,939.86,1091.07,1549.28,1249.20,1476.59,1714.26,1675.83,2246.07,2563.51
2099-01-01,50.04,-112.29,1011.59,1225.69,1451.07,1272.59,1548.52,1718.34,1552.58,2169.23,2585.77
2100-01-01,50.04,-112.29,972.49,1206.37,1403.80,1236.27,1360.07,1876.06,1806.53,2182.32,2667.42
