time,lat,lon,rcp26_gddgrow_0_p10,rcp26_gddgrow_0_p50,rcp26_gddgrow_0_p90,rcp45_gddgrow_0_p10,rcp45_gddgrow_0_p50,rcp45_gddgrow_0_p90,rcp85_gddgrow_0_p10,rcp85_gddgrow_0_p50,rcp85_gddgrow_0_p90
1950-01-01,49.54,-113.46,2381.80,2768.84,3043.77,2381.80,2769.09,3043.76,2381.80,2767.52,3043.76
1951-01-01,49.54,-113.46,2469.28,2731.06,2971.42,2469.28,2731.06,2971.42,2469.28,2731.06,2971.43
1952-01-01,49.54,-113.46,2405.00,2592.92,2928.42,2402.88,2592.92,2928.22,2402.86,2592.92,2928.14
1953-01-01,49.54,-113.46,2438.29,2637.96,2790.11,2438.28,2638.37,2790.12,2438.03,2637.48,2790.12
1954-01-01,49.54,-113.46,2486.34,2615.42,2886.08,2485.30,2615.42,2888.23,2484.05,2615.42,2885.10
1955-01-01,49.54,-113.46,2385.74,2723.71,2913.62,2386.27,2723.70,2913.27,2385.67,2723.70,2913.43
1956-01-01,49.54,-113.46,2376.85,2693.09,2882.53,2376.85,2692.90,2882.53,2376.84,2692.41,2882.53
1957-01-01,49.54,-113.46,2335.40,2571.77,3021.76,2335.40,2571.87,3021.76,2335.40,2571.87,3021.76
1958-01-01,49.54,-113.46,2302.32,2508.79,2869.33,2302.32,2508.57,2869.33,2302.31,2508.66,2869.33
1959-01-01,49.54,-113.46,2284.80,2544.78,2858.22,2285.41,2544.78,2858.22,2284.98,2544.78,2858.22
1960-01-01,49.54,-113.46,2396.71,2679.27,2896.21,2395.93,2679.06,2896.20,2395.67,2678.75,2896.21
1961-01-01,49.54,-113.46,2441.98,2687.31,2911.81,2444.97,2687.30,2911.81,2445.82,2687.31,2911.80
1962-01-01,49.54,-113.46,2424.17,2645.56,2888.36,2422.12,2645.56,2892.53,2423.04,2645.56,2892.53
1963-01-01,49.54,-113.46,2387.22,2599.92,2789.28,2386.42,2599.92,2789.28,2383.01,2599.92,2789.28
1964-01-01,49.54,-113.46,2284.09,2465.16,2663.32,2283.03,2465.15,2665.51,2283.76,2465.16,2665.51
1965-01-01,49.54,-113.46,2324.25,2537.39,2720.03,2325.79,2538.13,2720.03,2325.17,2537.05,2720.03
1966-01-01,49.54,-113.46,2250.97,2555.05,2795.90,2250.97,2555.05,2795.91,2250.97,2555.05,2795.90
1967-01-01,49.54,-113.46,2395.76,2605.46,2819.78,2395.77,2606.04,2819.77,2395.76,2607.11,2820.31
1968-01-01,49.54,-113.46,2331.98,2547.69,2792.74,2331.98,2547.69,2792.73,2331.98,2547.67,2792.73
1969-01-01,49.54,-113.46,2317.15,2587.19,2839.04,2317.15,2587.58,2839.55,2317.15,2588.96,2838.23
1970-01-01,49.54,-113.46,2362.80,2612.99,2940.55,2362.79,2613.00,2940.55,2364.39,2613.00,2940.55
1971-01-01,49.54,-113.46,2299.56,2647.66,2930.27,2297.86,2647.82,2930.27,2297.51,2647.82,2929.93
1972-01-01,49.54,-113.46,2311.99,2608.80,2814.22,2312.00,2607.88,2811.29,2311.99,2607.88,2812.68
1973-01-01,49.54,-113.46,2410.30,2643.22,2883.70,2410.30,2643.22,2883.70,2410.30,2643.22,2883.70
1974-01-01,49.54,-113.46,2364.48,2618.86,2835.33,2363.30,2618.86,2835.33,2363.65,2618.86,2834.15
1975-01-01,49.54,-113.46,2282.51,2636.90,2832.18,2282.50,2637.01,2832.89,2282.50,2637.01,2831.96
1976-01-01,49.54,-113.46,2465.04,2709.69,2835.52,2465.04,2709.69,2834.65,2465.04,2709.44,2835.05
1977-01-01,49.54,-113.46,2459.75,2611.72,2987.66,2462.88,2611.72,2988.30,2462.88,2611.71,2987.26
1978-01-01,49.54,-113.46,2521.81,2700.57,2877.51,2522.93,2699.45,2877.51,2524.85,2699.50,2877.28
1979-01-01,49.54,-113.46,2417.94,2708.79,3100.83,2417.94,2708.80,3100.82,2417.94,2708.79,3097.31
1980-01-01,49.54,-113.46,2445.32,2598.27,2964.29,2447.91,2592.77,2966.53,2448.80,2594.34,2970.85
1981-01-01,49.54,-113.46,2345.46,2704.08,2899.73,2351.00,2704.03,2898.90,2348.26,2700.73,2899.64
1982-01-01,49.54,-113.46,2339.40,2676.53,2893.75,2337.69,2674.82,2893.00,2338.33,2675.03,2892.52
1983-01-01,49.54,-113.46,2315.76,2561.21,2825.94,2315.51,2560.71,2828.90,2313.95,2558.57,2827.44
1984-01-01,49.54,-113.46,2501.18,2673.16,3012.00,2501.64,2676.02,3009.36,2496.14,2675.92,3011.53
1985-01-01,49.54,-113.46,2368.16,2636.83,2884.26,2368.40,2639.99,2881.53,2364.42,2641.89,2885.14
1986-01-01,49.54,-113.46,2439.38,2734.02,2955.29,2438.05,2730.55,2955.12,2437.52,2728.58,2950.78
1987-01-01,49.54,-113.46,2389.85,2648.16,2925.98,2385.91,2648.53,2925.66,2390.22,2644.02,2923.86
1988-01-01,49.54,-113.46,2467.00,2723.71,2971.17,2467.05,2726.87,2969.09,2464.26,2721.80,2970.90
1989-01-01,49.54,-113.46,2532.73,2746.46,2993.80,2526.99,2747.55,2999.31,2526.43,2748.61,3000.85
1990-01-01,49.54,-113.46,2425.72,2702.97,2868.66,2425.87,2704.58,2871.92,2422.49,2705.77,2869.17
1991-01-01,49.54,-113.46,2424.98,2677.99,3057.02,2424.30,2683.91,3053.91,2425.72,2679.94,3055.63
1992-01-01,49.54,-113.46,2370.79,2539.75,2872.60,2371.52,2538.10,2874.10,2368.08,2539.44,2873.52
1993-01-01,49.54,-113.46,2372.84,2647.59,2870.42,2370.01,2644.25,2869.65,2368.56,2647.68,2871.50
1994-01-01,49.54,-113.46,2429.36,2658.94,2954.94,2430.78,2665.15,2956.24,2427.49,2657.60,2960.35
1995-01-01,49.54,-113.46,2397.34,2749.19,2882.12,2403.19,2749.36,2877.54,2401.68,2749.06,2881.56
1996-01-01,49.54,-113.46,2457.43,2708.90,2913.06,2456.48,2707.80,2915.48,2457.69,2705.66,2914.68
1997-01-01,49.54,-113.46,2417.12,2766.08,3001.83,2418.66,2765.18,2997.97,2416.51,2762.40,2996.16
1998-01-01,49.54,-113.46,2618.85,2805.61,3039.58,2619.44,2807.20,3040.15,2619.60,2804.64,3037.43
1999-01-01,49.54,-113.46,2623.37,2787.20,3013.90,2622.61,2789.02,3014.75,2623.17,2790.57,3003.54
2000-01-01,49.54,-113.46,2644.01,2831.57,3183.24,2640.85,2833.68,3184.14,2635.20,2826.52,3182.65
2001-01-01,49.54,-113.46,2593.73,2849.24,3062.14,2591.63,2852.82,3063.21,2589.58,2851.15,3060.50
2002-01-01,49.54,-113.46,2591.62,2892.20,3186.21,2589.54,2892.99,3185.85,2591.62,2886.50,3185.87
2003-01-01,49.54,-113.46,2565.07,2866.46,3160.83,2564.12,2864.63,3163.67,2562.40,2865.93,3156.62
2004-01-01,49.54,-113.46,2623.05,2895.31,3236.02,2623.71,2898.83,3233.23,2621.59,2897.05,3233.83
2005-01-01,49.54,-113.46,2613.19,2898.18,3057.70,2611.84,2891.39,3064.46,2620.21,2884.61,3049.51
2006-01-01,49.54,-113.46,2520.60,2945.13,3137.70,2594.09,2947.59,3224.85,2765.32,2972.58,3195.15
2007-01-01,49.54,-113.46,2632.48,2878.59,3229.43,2665.04,2885.39,3251.73,2690.05,2957.03,3425.54
2008-01-01,49.54,-113.46,2728.23,2927.63,3058.63,2614.77,2899.32,3122.32,2603.68,2914.97,3265.42
2009-01-01,49.54,-113.46,2773.37,2967.48,3219.01,2615.17,3006.33,3262.08,2620.07,2886.50,3256.05
2010-01-01,49.54,-113.46,2582.57,2839.98,3164.79,2584.51,2861.09,3168.75,2553.38,2849.05,3096.76
2011-01-01,49.54,-113.46,2607.71,2871.88,3222.26,2596.98,2955.22,3219.62,2624.64,2839.92,3028.90
2012-01-01,49.54,-113.46,2727.08,3003.40,3284.01,2699.39,2914.33,3045.00,2717.62,2962.75,3174.45
2013-01-01,49.54,-113.46,2744.25,2870.62,3168.30,2627.04,2860.18,3162.22,2761.48,2889.18,3041.63
2014-01-01,49.54,-113.46,2651.94,2946.02,3263.86,2639.43,2853.04,3225.06,2667.75,2950.52,3257.97
2015-01-01,49.54,-113.46,2781.83,2982.68,3124.71,2668.23,2932.81,3315.71,2685.30,2918.83,3319.29
2016-01-01,49.54,-113.46,2728.28,3091.62,3417.67,2588.76,2847.59,3191.25,2712.30,2947.10,3232.38
2017-01-01,49.54,-113.46,2659.92,3079.90,3284.73,2715.69,3000.87,3221.37,2790.32,3038.33,3357.99
2018-01-01,49.54,-113.46,2680.35,3034.46,3320.43,2780.02,3092.76,3370.81,2708.07,3064.23,3395.02
2019-01-01,49.54,-113.46,2722.60,2988.61,3258.89,2801.05,2980.67,3344.21,2802.06,3058.21,3287.46
2020-01-01,49.54,-113.46,2762.41,2976.87,3279.80,2608.11,2987.16,3336.38,2819.47,3100.60,3342.08
2021-01-01,49.54,-113.46,2749.82,3100.61,3379.01,2778.59,3036.96,3241.91,2598.09,3031.71,3283.49
2022-01-01,49.54,-113.46,2660.08,3045.50,3504.30,2742.53,3026.60,3244.30,2900.57,3129.07,3428.19
2023-01-01,49.54,-113.46,2720.87,3107.99,3353.67,2751.58,3140.19,3368.99,2877.34,3166.62,3519.18
2024-01-01,49.54,-113.46,2772.15,3135.93,3452.75,2739.95,3093.37,3359.91,2820.85,3028.70,3418.48
2025-01-01,49.54,-113.46,2830.05,3094.72,3342.37,2913.79,3094.31,3392.75,2892.15,3080.33,3393.47
2026-01-01,49.54,-113.46,2844.36,3112.99,3299.90,2759.31,3111.92,3608.63,2744.25,3091.71,3428.76
2027-01-01,49.54,-113.46,2696.08,3079.29,3488.23,2785.33,3094.53,3395.19,2877.86,3052.05,3426.42
2028-01-01,49.54,-113.46,2830.33,3149.93,3537.38,2703.96,3138.49,3578.83,2937.89,3208.46,3493.73
2029-01-01,49.54,-113.46,2826.82,3042.75,3452.17,2815.81,3032.36,3458.47,2941.45,3199.06,3404.58
2030-01-01,49.54,-113.46,2850.57,3177.97,3418.94,2926.11,3221.73,3364.28,2747.22,3160.85,3442.20
2031-01-01,49.54,-113.46,2862.54,3145.57,3443.75,2861.91,3134.84,3368.98,2729.64,3160.63,3372.91
2032-01-01,49.54,-113.46,2826.39,3112.73,3317.09,2720.09,3198.90,3572.51,2841.54,3142.13,3393.68
2033-01-01,49.54,-113.46,2804.62,3155.98,3523.02,2920.11,3179.16,3488.15,2856.05,3226.94,3476.98
2034-01-01,49.54,-113.46,3028.75,3235.53,3435.89,3042.80,3175.20,3465.18,2918.36,3317.42,3523.77
2035-01-01,49.54,-113.46,2909.65,3206.31,3546.87,2887.58,3207.88,3484.95,2994.92,3315.48,3699.08
2036-01-01,49.54,-113.46,2907.67,3247.22,3504.93,2843.26,3223.24,3522.58,2913.39,3129.17,3456.09
2037-01-01,49.54,-113.46,2823.96,3100.69,3423.49,2914.22,3347.78,3626.01,3038.34,3363.81,3725.59
2038-01-01,49.54,-113.46,2825.44,3179.14,3541.65,2954.94,3223.40,3496.23,3039.79,3375.18,3601.00
2039-01-01,49.54,-113.46,2786.68,3155.06,3612.43,2848.82,3225.61,3448.78,2970.98,3395.42,3679.10
2040-01-01,49.54,-113.46,2696.84,3096.27,3479.38,2950.05,3153.66,3439.49,2942.79,3243.37,3694.75
2041-01-01,49.54,-113.46,2845.19,3202.97,3463.68,2903.68,3166.96,3488.90,3095.77,3239.20,3691.63
2042-01-01,49.54,-113.46,2877.12,3082.27,3629.47,2927.30,3214.01,3489.60,2953.49,3254.19,3640.46
2043-01-01,49.54,-113.46,2939.03,3122.06,3515.27,2938.34,3217.34,3633.09,2988.07,3410.51,3616.46
2044-01-01,49.54,-113.46,2721.52,3189.86,3381.44,2826.02,3267.31,3723.94,2957.17,3170.30,3710.35
2045-01-01,49.54,-113.46,2902.69,3204.73,3480.09,2945.15,3251.32,3834.23,2963.96,3336.38,3613.87
2046-01-01,49.54,-113.46,2876.62,3237.31,3566.55,2803.55,3201.37,3641.81,3008.60,3371.87,3642.98
2047-01-01,49.54,-113.46,2789.75,3194.35,3524.16,2967.76,3367.71,3641.81,3190.70,3415.75,3585.15
2048-01-01,49.54,-113.46,2899.92,3200.88,3592.29,2939.04,3281.54,3674.91,3087.30,3452.01,3797.52
2049-01-01,49.54,-113.46,2950.82,3187.66,3559.74,2916.08,3328.79,3697.11,3168.21,3529.23,3750.48
2050-01-01,49.54,-113.46,2845.27,3194.85,3461.43,2981.95,3230.18,3624.04,3058.59,3406.90,3842.47
2051-01-01,49.54,-113.46,2925.28,3223.70,3660.42,3076.51,3341.93,3613.85,3019.15,3430.88,3958.10
2052-01-01,49.54,-113.46,2886.77,3243.14,3534.83,3051.84,3383.08,3844.89,3020.52,3412.63,4010.45
2053-01-01,49.54,-113.46,2917.47,3090.11,3588.18,3114.12,3409.96,3677.15,3310.90,3681.51,4011.66
2054-01-01,49.54,-113.46,2799.91,3318.90,3668.08,2973.13,3376.40,3826.04,3344.02,3543.01,3960.58
2055-01-01,49.54,-113.46,2946.12,3265.00,3772.86,2954.78,3420.13,3803.46,3288.38,3575.02,4046.82
2056-01-01,49.54,-113.46,2917.98,3317.66,3616.58,2984.11,3313.55,3631.59,3285.75,3623.59,4035.67
2057-01-01,49.54,-113.46,2731.77,3264.04,3638.64,2915.79,3350.33,3832.49,3211.08,3718.44,4075.75
2058-01-01,49.54,-113.46,2869.39,3203.40,3493.50,3098.48,3566.31,3886.74,3407.89,3694.94,4184.81
2059-01-01,49.54,-113.46,2845.98,3223.70,3779.25,3075.82,3413.01,3931.02,3394.63,3790.54,4125.19
2060-01-01,49.54,-113.46,2999.98,3292.05,3676.68,3103.18,3441.96,3778.25,3278.94,3686.43,4130.63
2061-01-01,49.54,-113.46,2873.00,3296.68,3542.41,2984.46,3432.07,3776.78,3140.81,3596.04,4223.65
2062-01-01,49.54,-113.46,2877.25,3144.83,3645.59,3045.70,3516.87,3872.59,3365.82,3703.00,4090.58
2063-01-01,49.54,-113.46,2769.01,3123.14,3458.98,3109.23,3509.27,3925.63,3189.85,3677.12,4492.48
2064-01-01,49.54,-113.46,2971.22,3212.97,3599.17,3001.15,3456.10,3809.56,3440.18,3841.43,4206.83
2065-01-01,49.54,-113.46,2860.20,3156.37,3562.07,3020.19,3437.53,3808.34,3431.66,3773.75,4308.63
2066-01-01,49.54,-113.46,2915.34,3214.25,3428.71,3171.87,3511.38,3841.00,3447.45,3910.83,4315.80
2067-01-01,49.54,-113.46,2835.64,3117.85,3530.36,3141.03,3381.20,3905.22,3512.01,3946.64,4498.67
2068-01-01,49.54,-113.46,2887.23,3167.35,3571.91,3009.25,3368.86,3760.66,3451.72,4002.95,4433.93
2069-01-01,49.54,-113.46,2992.11,3140.02,3528.92,2973.88,3360.10,3869.89,3749.74,4107.90,4455.35
2070-01-01,49.54,-113.46,2835.20,3142.02,3541.78,3107.06,3460.28,3958.80,3322.94,3793.66,4321.69
2071-01-01,49.54,-113.46,2878.52,3120.32,3483.65,3269.86,3575.58,3937.59,3358.19,3787.50,4341.36
2072-01-01,49.54,-113.46,2831.31,3042.90,3448.30,3154.08,3645.42,4093.13,3410.41,4001.82,4270.94
2073-01-01,49.54,-113.46,2850.88,3233.52,3585.30,3122.63,3471.56,3985.54,3564.47,4017.59,4337.46
2074-01-01,49.54,-113.46,2903.65,3193.39,3590.53,3003.82,3553.11,4065.27,3478.08,3861.14,4345.12
2075-01-01,49.54,-113.46,2766.11,3220.56,3671.72,3198.37,3464.50,3860.27,3726.93,3918.20,4479.93
2076-01-01,49.54,-113.46,2878.28,3203.86,3692.98,3153.46,3601.51,3790.10,3518.69,4109.77,4431.61
2077-01-01,49.54,-113.46,2769.09,3096.46,3503.99,3230.90,3491.31,3934.27,3722.16,4013.84,4414.95
2078-01-01,49.54,-113.46,2644.05,3062.07,3502.13,3123.10,3636.49,4010.96,3667.62,4024.19,4539.65
2079-01-01,49.54,-113.46,2731.94,3257.48,3479.94,3130.12,3616.59,4098.58,3544.12,4037.68,4495.34
2080-01-01,49.54,-113.46,2964.60,3217.88,3562.32,3209.68,3501.67,3955.79,3578.04,4015.42,4565.98
2081-01-01,49.54,-113.46,2922.20,3214.20,3608.01,2986.55,3603.76,4126.39,3611.50,4107.74,4665.97
2082-01-01,49.54,-113.46,2956.00,3176.20,3583.16,3238.98,3563.13,3952.96,3803.98,4379.19,4688.81
2083-01-01,49.54,-113.46,2903.37,3116.12,3621.76,3119.40,3521.34,3967.44,3685.39,4259.75,4676.07
2084-01-01,49.54,-113.46,2803.67,3204.99,3493.70,3012.63,3627.88,4017.66,3675.44,4102.57,4829.56
2085-01-01,49.54,-113.46,2957.28,3183.38,3719.56,3020.68,3528.17,3997.89,3656.07,4298.32,4757.88
2086-01-01,49.54,-113.46,2938.61,3272.43,3507.41,3067.53,3418.03,3995.33,3694.76,4257.98,4702.20
2087-01-01,49.54,-113.46,2856.30,3123.38,3690.41,3091.08,3404.58,4033.42,3802.03,4240.97,4725.28
2088-01-01,49.54,-113.46,3035.33,3288.51,3670.51,3024.62,3473.57,4000.71,3747.73,4245.25,4825.63
2089-01-01,49.54,-113.46,2898.93,3218.23,3660.10,3073.98,3559.83,4042.90,3748.94,4393.35,4857.39
2090-01-01,49.54,-113.46,2884.86,3130.43,3610.33,3211.48,3527.24,3970.94,3937.49,4249.46,4790.72
2091-01-01,49.54,-113.46,2938.22,3124.35,3483.93,3144.80,3588.24,3963.13,3897.49,4497.06,4978.23
2092-01-01,49.54,-113.46,2808.30,3186.34,3573.32,3224.72,3807.40,4049.27,3927.84,4423.94,5000.17
2093-01-01,49.54,-113.46,2815.35,3182.43,3541.87,3140.88,3491.58,3768.33,3848.96,4454.78,5003.42
2094-01-01,49.54,-113.46,2839.10,3145.17,3557.59,3201.66,3511.89,3878.86,3780.89,4341.30,5049.19
2095-01-01,49.54,-113.46,2725.50,3172.37,3518.98,3171.82,3699.45,3965.11,3841.17,4320.46,5068.66
2096-01-01,49.54,-113.46,2848.75,3186.84,3673.68,3358.26,3692.62,4011.62,3780.96,4561.41,4960.39
2097-01-01,49.54,-113.46,2931.94,3214.41,3557.56,3209.82,3559.27,4174.61,4132.70,4555.61,5114.82
2098-01-01,49.54,-113.46,2785.34,3080.40,3515.74,3207.14,3620.46,3957.00,3904.14,4744.85,5218.76
2099-01-01,49.54,-113.46,2984.64,3173.38,3740.10,3330.28,3816.18,4080.58,3797.44,4667.96,5241.18
2100-01-01,49.54,-113.46,2918.17,3242.01,3570.75,3191.30,3475.85,4025.24,4152.02,4702.24,5290.46
1950-01-01,49.54,-112.38,2606.57,2996.40,3276.00,2606.57,2996.40,3276.96,2606.57,2996.40,3276.20
1951-01-01,49.54,-112.38,2703.61,2975.87,3197.66,2703.61,2975.88,3197.66,2703.62,2975.87,3197.66
1952-01-01,49.54,-112.38,2629.43,2868.94,3146.06,2627.56,2869.45,3145.41,2627.49,2868.32,3145.90
1953-01-01,49.54,-112.38,2668.21,2935.23,3053.40,2669.15,2933.55,3053.40,2668.63,2934.73,3053.40
1954-01-01,49.54,-112.38,2726.78,2872.56,3131.54,2727.96,2872.57,3131.54,2726.65,2872.57,3132.03
1955-01-01,49.54,-112.38,2612.47,2934.36,3160.54,2613.40,2933.86,3160.53,2612.40,2933.48,3160.53
1956-01-01,49.54,-112.38,2631.00,2935.70,3127.34,2631.01,2935.69,3127.34,2631.01,2935.59,3127.33
1957-01-01,49.54,-112.38,2560.26,2826.97,3258.53,2561.99,2826.97,3258.53,2562.04,2826.97,3258.53
1958-01-01,49.54,-112.38,2510.21,2780.86,3111.22,2510.21,2782.47,3111.22,2510.22,2782.32,3111.22
1959-01-01,49.54,-112.38,2516.39,2759.06,3102.89,2516.48,2759.15,3102.89,2516.41,2757.89,3102.89
1960-01-01,49.54,-112.38,2679.48,2901.96,3126.00,2678.29,2900.27,3123.05,2677.72,2900.48,3123.05
1961-01-01,49.54,-112.38,2662.32,2927.72,3153.72,2665.03,2923.88,3153.72,2664.58,2925.55,3153.72
1962-01-01,49.54,-112.38,2626.81,2884.68,3137.43,2626.24,2884.68,3137.71,2625.94,2884.68,3137.72
1963-01-01,49.54,-112.38,2621.08,2801.42,3065.20,2621.08,2801.42,3065.20,2620.23,2801.42,3065.20
1964-01-01,49.54,-112.38,2529.72,2668.97,2913.55,2528.48,2668.97,2914.97,2529.18,2668.97,2914.97
1965-01-01,49.54,-112.38,2568.19,2770.95,2907.58,2568.19,2770.95,2907.81,2568.19,2771.01,2907.81
1966-01-01,49.54,-112.38,2486.22,2786.71,3053.18,2486.22,2786.71,3053.17,2486.22,2786.82,3053.17
1967-01-01,49.54,-112.38,2660.46,2865.26,3086.12,2660.46,2864.16,3086.82,2660.46,2864.97,3086.69
1968-01-01,49.54,-112.38,2561.55,2805.36,3052.32,2561.55,2805.35,3052.32,2561.55,2805.35,3052.32
1969-01-01,49.54,-112.38,2511.04,2834.49,3048.18,2511.05,2834.97,3048.18,2511.04,2835.21,3048.17
1970-01-01,49.54,-112.38,2602.23,2845.43,3166.98,2602.24,2845.42,3166.98,2601.81,2845.42,3166.98
1971-01-01,49.54,-112.38,2504.25,2858.68,3204.36,2505.39,2858.68,3204.36,2504.42,2858.68,3204.32
1972-01-01,49.54,-112.38,2578.13,2862.39,3082.73,2578.13,2861.85,3082.28,2578.13,2860.91,3082.73
1973-01-01,49.54,-112.38,2672.83,2880.33,3159.47,2672.83,2880.33,3159.47,2672.83,2880.33,3159.47
1974-01-01,49.54,-112.38,2559.16,2835.77,3080.31,2559.16,2836.68,3080.31,2559.16,2835.52,3080.31
1975-01-01,49.54,-112.38,2508.98,2883.28,3075.71,2508.98,2883.27,3075.71,2508.98,2881.92,3075.71
1976-01-01,49.54,-112.38,2657.00,2945.95,3080.91,2656.99,2945.94,3080.91,2656.99,2946.08,3080.91
1977-01-01,49.54,-112.38,2677.90,2858.38,3250.52,2681.28,2858.38,3250.52,2681.28,2859.24,3250.52
1978-01-01,49.54,-112.38,2780.51,2925.69,3144.13,2784.24,2925.69,3144.33,2786.46,2925.69,3144.04
1979-01-01,49.54,-112.38,2675.16,2933.96,3299.79,2675.15,2933.96,3297.59,2675.16,2933.96,3294.16
1980-01-01,49.54,-112.38,2671.43,2850.78,3223.87,2672.07,2850.81,3225.60,2676.86,2851.68,3230.99
1981-01-01,49.54,-112.38,2578.32,2952.45,3155.83,2582.66,2951.31,3155.96,2581.03,2947.39,3158.56
1982-01-01,49.54,-112.38,2567.68,2896.59,3177.86,2566.39,2897.33,3178.80,2567.62,2894.98,3173.86
1983-01-01,49.54,-112.38,2570.52,2798.36,3069.05,2571.08,2803.27,3070.96,2569.86,2798.50,3069.01
1984-01-01,49.54,-112.38,2736.36,2930.81,3254.54,2738.17,2931.25,3253.51,2742.63,2931.18,3253.69
1985-01-01,49.54,-112.38,2610.75,2890.70,3160.68,2610.92,2892.77,3154.52,2605.54,2890.41,3157.68
1986-01-01,49.54,-112.38,2677.49,2949.91,3228.53,2680.83,2950.14,3228.19,2677.85,2946.06,3225.56
1987-01-01,49.54,-112.38,2645.37,2899.75,3148.87,2642.98,2897.36,3148.58,2646.19,2893.22,3147.27
1988-01-01,49.54,-112.38,2688.71,2951.81,3204.59,2690.99,2952.48,3203.31,2687.26,2946.82,3208.22
1989-01-01,49.54,-112.38,2775.51,3023.49,3211.03,2774.05,3020.83,3215.03,2773.49,3018.12,3208.70
1990-01-01,49.54,-112.38,2672.04,2929.38,3112.18,2671.52,2931.91,3113.38,2668.41,2929.16,3112.73
1991-01-01,49.54,-112.38,2629.98,2925.41,3315.45,2630.15,2930.64,3309.36,2631.82,2929.03,3310.19
1992-01-01,49.54,-112.38,2575.08,2757.49,3167.04,2576.28,2758.13,3165.69,2576.90,2761.09,3167.57
1993-01-01,49.54,-112.38,2619.53,2873.89,3176.92,2618.88,2870.98,3173.51,2616.71,2873.94,3178.05
1994-01-01,49.54,-112.38,2689.39,2932.56,3208.95,2690.74,2930.55,3209.19,2687.03,2926.32,3211.65
1995-01-01,49.54,-112.38,2648.70,2984.46,3134.54,2656.06,2980.48,3130.99,2656.56,2979.34,3132.63
1996-01-01,49.54,-112.38,2695.03,2965.81,3128.59,2694.26,2970.23,3129.59,2690.91,2964.40,3135.83
1997-01-01,49.54,-112.38,2667.34,2989.25,3226.43,2669.86,2989.32,3227.34,2667.98,2988.59,3223.55
1998-01-01,49.54,-112.38,2844.31,3058.34,3323.79,2844.18,3052.48,3322.87,2844.46,3054.99,3319.84
1999-01-01,49.54,-112.38,2844.20,3040.89,3282.99,2843.74,3039.35,3284.18,2844.84,3038.14,3279.71
2000-01-01,49.54,-112.38,2893.53,3092.62,3426.14,2892.26,3093.45,3429.51,2886.18,3090.31,3427.10
2001-01-01,49.54,-112.38,2820.44,3098.34,3316.18,2817.83,3097.97,3317.42,2816.52,3093.09,3313.53
2002-01-01,49.54,-112.38,2817.30,3122.11,3417.28,2818.10,3123.08,3419.21,2816.04,3117.31,3417.42
2003-01-01,49.54,-112.38,2841.54,3072.49,3375.12,2841.00,3073.86,3376.74,2838.99,3073.04,3370.14
2004-01-01,49.54,-112.38,2842.69,3129.14,3478.02,2842.19,3129.95,3475.89,2843.07,3129.82,3476.36
2005-01-01,49.54,-112.38,2853.10,3108.97,3297.11,2852.37,3114.48,3300.39,2857.85,3112.44,3285.85
2006-01-01,49.54,-112.38,2755.51,3175.84,3363.39,2811.46,3176.42,3464.76,2999.87,3213.57,3434.31
2007-01-01,49.54,-112.38,2840.72,3074.38,3468.53,2894.79,3177.56,3490.52,2911.04,3190.23,3592.27
2008-01-01,49.54,-112.38,2939.22,3146.00,3325.92,2864.60,3141.26,3357.21,2812.69,3133.97,3501.04
2009-01-01,49.54,-112.38,3017.23,3172.65,3450.61,2851.04,3261.37,3527.32,2838.70,3118.18,3579.49
2010-01-01,49.54,-112.38,2828.42,3099.86,3392.78,2816.51,3105.31,3429.68,2778.05,3110.82,3332.02
2011-01-01,49.54,-112.38,2841.48,3101.67,3444.57,2856.72,3193.29,3468.53,2866.16,3046.69,3245.68
2012-01-01,49.54,-112.38,2933.09,3253.54,3543.42,2911.15,3168.96,3348.35,2930.66,3186.53,3435.44
2013-01-01,49.54,-112.38,2964.93,3078.36,3408.27,2843.29,3107.39,3395.06,3039.79,3148.19,3310.38
2014-01-01,49.54,-112.38,2868.87,3180.22,3538.11,2875.72,3101.63,3446.79,2887.14,3197.54,3531.19
2015-01-01,49.54,-112.38,3038.18,3219.37,3417.94,2894.43,3174.51,3564.74,2904.64,3170.14,3528.15
2016-01-01,49.54,-112.38,2988.62,3343.63,3665.58,2795.83,3078.51,3415.77,2940.06,3196.97,3446.29
2017-01-01,49.54,-112.38,2910.35,3325.31,3589.96,2972.15,3211.04,3477.01,2998.60,3287.38,3604.34
2018-01-01,49.54,-112.38,2884.26,3269.47,3542.69,3016.48,3331.45,3620.86,2904.12,3315.29,3646.49
2019-01-01,49.54,-112.38,2980.88,3224.19,3486.48,3033.10,3214.96,3598.30,3070.94,3304.32,3503.96
2020-01-01,49.54,-112.38,3030.98,3215.17,3498.18,2859.42,3241.58,3606.04,3054.40,3374.98,3615.09
2021-01-01,49.54,-112.38,2963.28,3355.71,3625.68,3046.09,3258.91,3506.84,2838.63,3259.45,3517.88
2022-01-01,49.54,-112.38,2878.93,3283.65,3672.17,2974.30,3268.65,3491.55,3141.37,3382.39,3656.66
2023-01-01,49.54,-112.38,2980.41,3352.31,3597.75,3000.32,3394.24,3623.21,3123.93,3376.61,3750.67
2024-01-01,49.54,-112.38,2937.57,3404.85,3709.92,3034.98,3328.74,3612.27,3047.81,3243.28,3618.77
2025-01-01,49.54,-112.38,3092.98,3314.12,3577.33,3146.85,3309.88,3653.72,3108.61,3312.63,3658.46
2026-01-01,49.54,-112.38,3078.53,3379.34,3548.97,3016.74,3319.37,3855.97,2935.66,3266.60,3641.77
2027-01-01,49.54,-112.38,2949.81,3338.34,3744.26,3029.22,3305.90,3623.75,3099.97,3289.41,3691.86
2028-01-01,49.54,-112.38,3048.39,3391.69,3759.63,2949.96,3373.77,3805.44,3189.67,3426.12,3759.58
2029-01-01,49.54,-112.38,3025.15,3277.01,3708.79,3058.48,3286.70,3744.04,3145.96,3417.54,3623.96
2030-01-01,49.54,-112.38,3101.92,3417.39,3671.12,3147.92,3450.39,3624.94,2992.53,3394.54,3658.86
2031-01-01,49.54,-112.38,3113.75,3343.85,3763.91,3094.60,3356.51,3619.79,3025.57,3431.75,3621.71
2032-01-01,49.54,-112.38,3054.31,3347.31,3554.36,2995.35,3418.19,3829.34,3101.13,3378.76,3642.22
2033-01-01,49.54,-112.38,3024.13,3393.95,3753.29,3149.31,3438.80,3722.13,3127.54,3433.45,3710.68
2034-01-01,49.54,-112.38,3216.50,3478.45,3667.52,3248.88,3414.33,3671.35,3170.15,3523.33,3779.58
2035-01-01,49.54,-112.38,3170.99,3442.15,3792.11,3113.17,3443.36,3719.74,3213.38,3547.89,3947.46
2036-01-01,49.54,-112.38,3128.78,3495.59,3779.50,3112.34,3457.25,3758.62,3102.89,3361.44,3693.77
2037-01-01,49.54,-112.38,3044.57,3343.36,3682.82,3146.14,3589.65,3872.27,3228.80,3600.25,3999.14
2038-01-01,49.54,-112.38,3035.05,3405.46,3766.05,3181.19,3469.49,3762.87,3254.86,3604.46,3827.92
2039-01-01,49.54,-112.38,2989.39,3403.99,3784.23,3070.26,3437.30,3684.96,3198.64,3550.44,3909.60
2040-01-01,49.54,-112.38,2949.33,3328.41,3734.07,3178.47,3406.70,3658.55,3144.93,3459.93,3882.97
2041-01-01,49.54,-112.38,3064.11,3411.91,3650.49,3153.37,3404.91,3846.25,3324.53,3492.50,3884.96
2042-01-01,49.54,-112.38,3107.85,3299.00,3863.60,3160.86,3454.90,3796.99,3208.54,3529.08,3894.21
2043-01-01,49.54,-112.38,3196.78,3350.90,3734.54,3190.13,3480.66,3871.76,3251.32,3627.62,3830.66
2044-01-01,49.54,-112.38,2954.03,3429.00,3607.44,3031.67,3491.79,3948.43,3170.16,3430.03,3995.23
2045-01-01,49.54,-112.38,3135.85,3457.65,3723.55,3228.00,3505.17,4084.79,3228.42,3556.10,3884.03
2046-01-01,49.54,-112.38,3099.23,3517.18,3768.58,3084.63,3479.74,3950.28,3236.19,3633.18,3904.55
2047-01-01,49.54,-112.38,3048.30,3400.34,3786.79,3194.82,3601.30,3867.37,3402.41,3674.15,3863.84
2048-01-01,49.54,-112.38,3125.86,3412.61,3832.41,3211.71,3525.33,3918.63,3331.03,3729.43,4034.29
2049-01-01,49.54,-112.38,3218.94,3445.89,3812.31,3120.07,3525.00,3923.78,3435.61,3778.85,4065.72
2050-01-01,49.54,-112.38,3121.32,3444.70,3737.54,3166.06,3466.51,3855.42,3303.46,3623.27,4093.51
2051-01-01,49.54,-112.38,3149.80,3473.20,3928.93,3326.37,3589.43,3886.00,3230.09,3670.69,4225.21
2052-01-01,49.54,-112.38,3101.43,3482.92,3751.81,3279.21,3602.76,4043.80,3268.04,3668.96,4231.98
2053-01-01,49.54,-112.38,3169.80,3332.09,3822.45,3358.07,3649.92,3918.51,3535.38,3913.16,4270.51
2054-01-01,49.54,-112.38,3023.79,3597.15,3938.33,3195.73,3643.10,4016.89,3597.48,3796.72,4181.63
2055-01-01,49.54,-112.38,3176.61,3518.87,4074.99,3200.01,3676.34,4062.39,3525.73,3828.21,4285.86
2056-01-01,49.54,-112.38,3165.18,3562.42,3862.53,3231.72,3556.35,3899.98,3525.08,3850.37,4227.55
2057-01-01,49.54,-112.38,2931.87,3485.52,3877.82,3153.88,3600.81,4116.60,3454.02,3949.72,4315.43
2058-01-01,49.54,-112.38,3084.71,3423.66,3739.41,3363.35,3803.86,4125.37,3654.35,3941.03,4413.71
2059-01-01,49.54,-112.38,3081.56,3481.65,4033.12,3294.92,3649.78,4156.56,3614.98,4027.67,4355.22
2060-01-01,49.54,-112.38,3230.89,3522.72,3909.55,3327.50,3645.77,4090.87,3479.06,3911.99,4349.43
2061-01-01,49.54,-112.38,3123.93,3523.56,3813.88,3206.92,3654.04,3998.96,3410.45,3823.43,4474.19
2062-01-01,49.54,-112.38,3095.08,3413.87,3871.57,3262.09,3758.86,4115.07,3565.70,3979.67,4308.23
2063-01-01,49.54,-112.38,2975.64,3350.65,3681.57,3364.78,3698.10,4149.68,3419.25,3912.55,4730.42
2064-01-01,49.54,-112.38,3215.79,3449.58,3879.40,3280.07,3696.93,4073.23,3642.90,4053.43,4382.36
2065-01-01,49.54,-112.38,3090.93,3388.91,3816.11,3196.64,3652.10,4040.80,3678.73,4030.52,4485.67
2066-01-01,49.54,-112.38,3143.48,3457.26,3665.18,3390.65,3728.42,4075.92,3696.79,4116.40,4539.14
2067-01-01,49.54,-112.38,3102.42,3409.81,3770.20,3404.87,3586.43,4090.06,3722.86,4132.77,4726.98
2068-01-01,49.54,-112.38,3114.92,3430.75,3816.78,3294.77,3569.95,4027.48,3679.57,4238.54,4671.37
2069-01-01,49.54,-112.38,3262.32,3387.15,3735.37,3206.73,3603.78,4084.71,3975.66,4306.17,4658.29
2070-01-01,49.54,-112.38,3051.14,3402.29,3774.43,3323.10,3689.33,4160.71,3594.09,4108.72,4570.47
2071-01-01,49.54,-112.38,3103.38,3396.46,3738.38,3525.74,3843.46,4149.06,3644.70,4052.81,4658.21
2072-01-01,49.54,-112.38,3066.21,3270.79,3717.05,3412.28,3895.05,4335.27,3677.11,4239.87,4530.88
2073-01-01,49.54,-112.38,3089.45,3470.75,3820.84,3321.09,3738.32,4236.00,3807.41,4241.67,4591.29
2074-01-01,49.54,-112.38,3111.26,3436.87,3834.77,3261.03,3768.87,4300.85,3704.04,4153.04,4598.43
2075-01-01,49.54,-112.38,3004.66,3466.91,3935.51,3467.09,3740.91,4168.65,3951.57,4206.53,4713.30
2076-01-01,49.54,-112.38,3142.18,3474.53,3943.07,3423.04,3785.63,4098.64,3711.73,4293.65,4652.48
2077-01-01,49.54,-112.38,2981.53,3351.57,3749.57,3501.15,3788.26,4162.75,3977.51,4283.45,4730.52
2078-01-01,49.54,-112.38,2842.37,3339.89,3753.05,3358.28,3841.92,4201.79,3935.48,4246.89,4868.82
2079-01-01,49.54,-112.38,2968.05,3500.35,3731.94,3353.31,3859.44,4342.49,3824.67,4287.58,4757.15
2080-01-01,49.54,-112.38,3225.94,3429.06,3809.01,3446.55,3717.96,4203.19,3831.92,4287.52,4819.04
2081-01-01,49.54,-112.38,3138.63,3463.07,3828.95,3222.65,3792.32,4342.28,3846.35,4370.86,4885.28
2082-01-01,49.54,-112.38,3216.16,3393.98,3805.29,3539.66,3809.39,4200.68,4015.62,4613.10,4987.43
2083-01-01,49.54,-112.38,3192.31,3409.54,3826.45,3370.76,3767.02,4225.01,3959.18,4469.73,4876.45
2084-01-01,49.54,-112.38,3117.97,3451.50,3726.88,3270.99,3857.51,4240.63,3941.51,4415.14,5026.13
2085-01-01,49.54,-112.38,3180.45,3455.67,3968.14,3264.27,3782.80,4231.86,3924.74,4541.91,4989.69
2086-01-01,49.54,-112.38,3144.55,3485.28,3714.55,3304.80,3688.55,4226.37,3883.53,4515.25,4880.82
2087-01-01,49.54,-112.38,3079.10,3354.97,3949.63,3331.01,3673.62,4226.75,4036.83,4445.95,4977.89
2088-01-01,49.54,-112.38,3240.21,3522.82,3925.52,3268.50,3754.97,4201.76,3985.76,4476.98,5029.20
2089-01-01,49.54,-112.38,3125.55,3458.29,3905.79,3336.32,3794.27,4216.24,3930.39,4640.92,5049.04
2090-01-01,49.54,-112.38,3106.95,3357.25,3865.57,3428.50,3689.83,4233.96,4158.97,4470.53,5049.43
2091-01-01,49.54,-112.38,3151.11,3347.17,3713.54,3425.45,3838.08,4228.74,4090.71,4757.16,5157.30
2092-01-01,49.54,-112.38,3035.99,3417.86,3824.99,3463.14,4016.29,4287.14,4128.29,4680.17,5227.53
2093-01-01,49.54,-112.38,3047.59,3396.85,3801.84,3405.91,3760.97,4043.30,4073.11,4697.05,5234.59
2094-01-01,49.54,-112.38,3074.64,3365.67,3831.90,3449.32,3741.06,4157.76,4020.13,4562.68,5238.11
2095-01-01,49.54,-112.38,2979.20,3445.57,3795.31,3404.13,3932.21,4238.90,4077.91,4518.53,5260.21
2096-01-01,49.54,-112.38,3130.68,3420.91,3896.55,3567.79,3960.70,4306.12,3966.19,4737.34,5149.49
2097-01-01,49.54,-112.38,3135.09,3456.14,3819.18,3446.87,3804.72,4396.78,4306.51,4751.06,5312.12
2098-01-01,49.54,-112.38,3017.58,3279.80,3781.53,3497.93,3873.84,4193.40,4143.27,4937.90,5427.36
2099-01-01,49.54,-112.38,3181.35,3431.99,4038.69,3556.54,4042.19,4281.73,4013.86,4816.72,5537.10
2100-01-01,49.54,-112.38,3155.71,3468.62,3814.62,3428.31,3705.18,4270.22,4393.71,4832.33,5563.34
1950-01-01,49.79,-112.79,2647.89,3056.84,3340.78,2647.89,3057.34,3340.78,2647.89,3056.39,3340.78
1951-01-01,49.79,-112.79,2754.98,3032.31,3256.12,2754.98,3032.31,3257.44,2754.98,3032.31,3257.45
1952-01-01,49.79,-112.79,2683.43,2895.44,3204.86,2682.58,2899.90,3203.96,2682.47,2899.62,3203.79
1953-01-01,49.79,-112.79,2719.80,2966.00,3093.25,2719.65,2965.86,3093.26,2719.09,2967.51,3093.25
1954-01-01,49.79,-112.79,2773.65,2915.52,3179.23,2775.36,2915.52,3179.18,2773.86,2915.52,3179.97
1955-01-01,49.79,-112.79,2669.31,2989.85,3211.92,2669.26,2989.77,3211.92,2668.78,2988.69,3211.92
1956-01-01,49.79,-112.79,2675.15,2985.36,3198.23,2675.15,2984.49,3198.23,2675.16,2985.91,3198.23
1957-01-01,49.79,-112.79,2615.09,2865.88,3321.50,2617.33,2865.88,3321.49,2617.39,2865.88,3321.50
1958-01-01,49.79,-112.79,2565.53,2823.07,3176.49,2565.53,2823.82,3176.50,2565.53,2824.19,3176.50
1959-01-01,49.79,-112.79,2545.01,2818.59,3174.46,2544.91,2818.59,3174.47,2544.46,2818.07,3174.47
1960-01-01,49.79,-112.79,2709.82,2958.70,3191.89,2708.57,2953.52,3188.12,2705.98,2955.28,3188.12
1961-01-01,49.79,-112.79,2695.83,2975.39,3219.96,2700.41,2975.39,3219.97,2699.60,2975.39,3219.97
1962-01-01,49.79,-112.79,2660.26,2928.18,3190.76,2658.68,2928.18,3192.13,2660.35,2928.18,3192.13
1963-01-01,49.79,-112.79,2658.80,2856.66,3123.46,2658.61,2856.66,3123.46,2657.59,2856.66,3123.46
1964-01-01,49.79,-112.79,2564.13,2724.50,2963.73,2563.59,2724.50,2965.21,2562.60,2724.50,2965.21
1965-01-01,49.79,-112.79,2608.45,2818.07,2974.39,2611.82,2817.93,2973.29,2610.70,2819.38,2973.29
1966-01-01,49.79,-112.79,2504.41,2844.89,3122.86,2504.40,2844.90,3122.86,2504.40,2845.93,3122.86
1967-01-01,49.79,-112.79,2699.05,2906.40,3138.34,2699.05,2906.39,3138.87,2699.06,2906.39,3138.70
1968-01-01,49.79,-112.79,2585.63,2856.08,3110.84,2585.63,2856.08,3110.84,2585.63,2856.08,3110.84
1969-01-01,49.79,-112.79,2582.42,2870.89,3111.14,2582.42,2870.89,3111.58,2582.42,2870.89,3110.33
1970-01-01,49.79,-112.79,2649.92,2906.27,3229.82,2649.72,2906.27,3229.82,2650.23,2906.27,3229.83
1971-01-01,49.79,-112.79,2548.96,2926.35,3261.13,2550.00,2926.35,3261.13,2548.78,2926.35,3260.98
1972-01-01,49.79,-112.79,2607.86,2900.75,3134.71,2607.86,2897.77,3134.96,2607.86,2897.77,3134.72
1973-01-01,49.79,-112.79,2712.18,2936.69,3214.67,2712.19,2936.69,3214.67,2712.18,2936.69,3214.67
1974-01-01,49.79,-112.79,2605.22,2904.32,3138.11,2605.21,2903.01,3138.11,2605.69,2903.04,3138.11
1975-01-01,49.79,-112.79,2561.53,2937.56,3118.93,2561.53,2936.98,3118.92,2561.52,2936.98,3118.93
1976-01-01,49.79,-112.79,2699.67,2987.52,3149.56,2699.67,2987.51,3150.49,2699.67,2986.68,3150.49
1977-01-01,49.79,-112.79,2738.47,2902.44,3300.57,2743.00,2902.44,3300.74,2743.00,2902.03,3300.54
1978-01-01,49.79,-112.79,2813.17,2984.26,3200.72,2813.09,2984.27,3201.33,2815.22,2984.26,3200.79
1979-01-01,49.79,-112.79,2694.77,2990.89,3382.51,2694.77,2990.89,3381.56,2694.77,2990.88,3379.26
1980-01-01,49.79,-112.79,2717.18,2895.12,3278.91,2719.92,2887.99,3280.55,2722.28,2889.79,3285.07
1981-01-01,49.79,-112.79,2601.20,3000.68,3212.01,2603.33,2998.88,3212.04,2602.64,2994.02,3209.98
1982-01-01,49.79,-112.79,2600.67,2951.37,3223.68,2600.77,2951.08,3221.53,2601.20,2956.42,3216.48
1983-01-01,49.79,-112.79,2609.52,2842.46,3132.17,2610.25,2845.29,3135.06,2608.40,2843.47,3134.36
1984-01-01,49.79,-112.79,2766.30,2979.54,3300.18,2768.35,2984.42,3296.62,2775.31,2983.88,3298.71
1985-01-01,49.79,-112.79,2630.41,2926.14,3187.97,2631.14,2927.52,3181.28,2626.63,2928.17,3186.13
1986-01-01,49.79,-112.79,2733.48,2998.45,3277.53,2733.85,2998.22,3276.36,2732.03,2994.29,3272.58
1987-01-01,49.79,-112.79,2683.06,2945.78,3214.30,2679.08,2945.31,3213.79,2683.04,2945.38,3212.43
1988-01-01,49.79,-112.79,2746.17,3002.05,3259.22,2747.93,3004.14,3256.29,2744.06,2997.97,3260.94
1989-01-01,49.79,-112.79,2808.81,3035.50,3282.12,2809.48,3030.92,3286.14,2807.65,3030.91,3279.76
1990-01-01,49.79,-112.79,2708.66,2984.62,3155.64,2708.18,2982.30,3158.81,2706.20,2982.74,3155.94
1991-01-01,49.79,-112.79,2680.16,2974.70,3365.71,2680.46,2980.94,3359.98,2682.11,2977.92,3362.21
1992-01-01,49.79,-112.79,2637.79,2806.65,3205.38,2638.32,2807.50,3208.64,2635.55,2810.79,3208.09
1993-01-01,49.79,-112.79,2678.90,2925.56,3228.29,2678.81,2921.76,3224.45,2676.73,2925.10,3228.79
1994-01-01,49.79,-112.79,2736.06,2978.10,3251.47,2738.21,2975.64,3248.56,2733.26,2970.63,3252.01
1995-01-01,49.79,-112.79,2689.93,3037.57,3180.06,2695.68,3037.31,3176.14,2694.97,3037.31,3178.20
1996-01-01,49.79,-112.79,2741.32,3009.45,3212.24,2741.93,3009.71,3212.30,2738.90,3006.33,3213.78
1997-01-01,49.79,-112.79,2697.64,3043.38,3281.40,2699.53,3042.36,3280.01,2698.00,3041.69,3278.12
1998-01-01,49.79,-112.79,2901.79,3111.23,3373.58,2899.06,3107.07,3373.76,2900.06,3108.33,3370.16
1999-01-01,49.79,-112.79,2889.65,3093.68,3324.01,2888.26,3097.32,3326.92,2889.11,3096.97,3318.61
2000-01-01,49.79,-112.79,2930.68,3147.37,3459.19,2931.92,3147.50,3462.94,2924.89,3141.62,3459.78
2001-01-01,49.79,-112.79,2879.60,3147.93,3382.91,2877.91,3148.58,3385.20,2876.86,3142.24,3378.29
2002-01-01,49.79,-112.79,2874.03,3163.76,3483.29,2873.65,3163.97,3482.46,2873.78,3158.54,3482.61
2003-01-01,49.79,-112.79,2874.45,3129.52,3448.29,2874.04,3127.81,3450.78,2871.94,3129.38,3444.32
2004-01-01,49.79,-112.79,2906.71,3193.46,3534.39,2903.29,3194.55,3530.95,2904.22,3193.25,3532.78
2005-01-01,49.79,-112.79,2893.85,3161.98,3366.43,2892.88,3168.50,3371.43,2899.45,3177.88,3352.70
2006-01-01,49.79,-112.79,2800.83,3234.82,3418.71,2859.86,3225.60,3538.43,3049.54,3245.65,3496.77
2007-01-01,49.79,-112.79,2900.07,3128.52,3533.19,2934.53,3210.94,3538.04,2953.55,3251.04,3676.28
2008-01-01,49.79,-112.79,2998.44,3190.19,3360.67,2912.99,3201.47,3397.94,2870.83,3186.70,3563.03
2009-01-01,49.79,-112.79,3065.97,3232.89,3515.51,2890.52,3305.00,3588.47,2885.89,3174.84,3618.68
2010-01-01,49.79,-112.79,2846.98,3148.95,3436.01,2873.56,3166.43,3470.91,2828.22,3154.37,3378.16
2011-01-01,49.79,-112.79,2886.44,3149.58,3495.80,2883.11,3243.19,3518.30,2925.79,3089.67,3312.08
2012-01-01,49.79,-112.79,2981.47,3308.19,3590.46,2961.03,3213.82,3369.15,2976.40,3241.06,3482.35
2013-01-01,49.79,-112.79,3010.68,3145.17,3466.07,2898.36,3152.53,3437.82,3061.21,3192.51,3352.73
2014-01-01,49.79,-112.79,2912.34,3236.73,3603.21,2912.50,3144.25,3521.47,2948.23,3238.03,3582.37
2015-01-01,49.79,-112.79,3060.74,3259.81,3453.86,2957.70,3227.05,3632.73,2942.89,3221.40,3602.96
2016-01-01,49.79,-112.79,3013.46,3393.24,3741.67,2839.37,3117.42,3486.71,2993.81,3256.41,3524.08
2017-01-01,49.79,-112.79,2960.14,3366.06,3629.62,3006.91,3280.78,3520.43,3051.57,3333.59,3664.58
2018-01-01,49.79,-112.79,2925.89,3320.96,3612.62,3060.22,3381.31,3680.63,2956.85,3346.32,3715.11
2019-01-01,49.79,-112.79,3022.10,3264.61,3545.57,3085.66,3263.18,3643.52,3107.32,3358.65,3568.43
2020-01-01,49.79,-112.79,3062.07,3262.51,3560.22,2893.54,3293.57,3660.46,3083.80,3419.62,3663.87
2021-01-01,49.79,-112.79,3018.08,3415.79,3686.26,3067.89,3313.41,3540.92,2883.59,3306.62,3573.43
2022-01-01,49.79,-112.79,2927.24,3321.03,3760.43,3005.73,3322.35,3541.71,3212.89,3430.79,3709.73
2023-01-01,49.79,-112.79,3022.66,3388.97,3649.82,3046.80,3441.22,3670.89,3172.23,3409.81,3809.49
2024-01-01,49.79,-112.79,2993.04,3440.83,3761.01,3083.61,3383.12,3679.79,3098.18,3288.26,3694.07
2025-01-01,49.79,-112.79,3119.77,3369.47,3631.56,3198.20,3376.00,3694.46,3138.26,3370.54,3713.67
2026-01-01,49.79,-112.79,3134.97,3424.55,3599.51,3053.89,3379.02,3908.94,2982.61,3340.05,3706.28
2027-01-01,49.79,-112.79,2978.36,3391.01,3813.48,3062.84,3367.21,3666.66,3163.80,3338.81,3749.16
2028-01-01,49.79,-112.79,3090.54,3444.24,3810.70,2996.47,3428.87,3891.43,3238.20,3493.64,3816.96
2029-01-01,49.79,-112.79,3098.09,3332.90,3764.51,3091.66,3340.37,3788.99,3217.62,3477.44,3672.48
2030-01-01,49.79,-112.79,3154.34,3454.39,3718.97,3203.50,3502.80,3659.99,3033.09,3437.89,3728.81
2031-01-01,49.79,-112.79,3167.57,3393.43,3792.29,3148.19,3429.58,3713.15,3037.60,3483.35,3661.98
2032-01-01,49.79,-112.79,3101.48,3395.99,3620.09,3029.70,3482.72,3887.26,3132.91,3420.30,3696.52
2033-01-01,49.79,-112.79,3075.84,3429.13,3806.51,3189.06,3473.04,3775.78,3141.86,3509.64,3762.24
2034-01-01,49.79,-112.79,3285.52,3537.31,3734.23,3292.04,3450.55,3751.79,3207.51,3599.32,3849.32
2035-01-01,49.79,-112.79,3190.26,3482.69,3845.09,3174.38,3490.16,3767.56,3262.76,3611.15,4015.20
2036-01-01,49.79,-112.79,3184.10,3534.14,3829.13,3158.59,3508.84,3811.49,3171.02,3411.28,3770.75
2037-01-01,49.79,-112.79,3083.13,3392.34,3740.72,3192.12,3654.66,3930.59,3291.06,3670.19,4061.98
2038-01-01,49.79,-112.79,3095.61,3448.78,3833.51,3222.77,3507.01,3839.29,3321.14,3662.85,3905.74
2039-01-01,49.79,-112.79,3028.06,3453.30,3864.68,3101.88,3512.49,3760.78,3245.21,3637.91,3969.85
2040-01-01,49.79,-112.79,2992.92,3379.03,3785.13,3239.36,3450.62,3719.83,3188.82,3515.94,3951.37
2041-01-01,49.79,-112.79,3119.78,3477.15,3718.34,3183.58,3464.33,3857.58,3361.42,3539.08,3962.08
2042-01-01,49.79,-112.79,3166.69,3339.89,3925.44,3215.21,3514.32,3842.92,3239.06,3560.28,3951.26
2043-01-01,49.79,-112.79,3236.12,3407.57,3787.19,3215.29,3534.13,3933.29,3265.91,3692.84,3883.18
2044-01-01,49.79,-112.79,2987.85,3462.15,3664.33,3069.45,3553.29,4008.66,3224.68,3471.71,4040.43
2045-01-01,49.79,-112.79,3207.94,3500.98,3783.70,3264.31,3553.32,4157.38,3258.57,3596.68,3953.15
2046-01-01,49.79,-112.79,3146.91,3540.11,3823.09,3110.60,3520.87,3992.01,3293.79,3667.30,3951.07
2047-01-01,49.79,-112.79,3076.63,3445.66,3823.30,3235.40,3659.66,3922.61,3456.98,3716.27,3892.64
2048-01-01,49.79,-112.79,3163.28,3474.01,3891.21,3230.09,3566.64,3974.58,3373.51,3782.04,4094.28
2049-01-01,49.79,-112.79,3269.92,3490.67,3867.42,3167.53,3606.14,3974.16,3473.41,3828.30,4086.28
2050-01-01,49.79,-112.79,3154.78,3497.11,3795.01,3218.31,3513.66,3896.36,3332.28,3663.92,4134.07
2051-01-01,49.79,-112.79,3200.27,3510.28,3986.07,3377.63,3646.55,3921.17,3293.72,3715.92,4287.10
2052-01-01,49.79,-112.79,3160.33,3521.02,3808.66,3343.96,3656.01,4095.36,3296.64,3715.36,4286.70
2053-01-01,49.79,-112.79,3212.29,3375.51,3861.58,3408.14,3713.77,3975.52,3589.97,3974.71,4323.96
2054-01-01,49.79,-112.79,3092.09,3635.76,3996.74,3239.99,3690.90,4065.52,3640.34,3841.90,4238.17
2055-01-01,49.79,-112.79,3231.46,3578.50,4129.06,3242.67,3728.77,4121.33,3569.84,3868.96,4358.83
2056-01-01,49.79,-112.79,3231.60,3625.59,3944.74,3291.53,3611.49,3929.84,3571.53,3906.00,4294.91
2057-01-01,49.79,-112.79,2977.99,3542.42,3942.46,3195.74,3637.56,4162.74,3505.84,4028.43,4373.48
2058-01-01,49.79,-112.79,3125.18,3478.32,3788.58,3393.88,3865.99,4201.17,3692.18,3991.31,4501.65
2059-01-01,49.79,-112.79,3133.72,3522.13,4088.29,3361.46,3713.33,4223.92,3675.69,4065.31,4448.94
2060-01-01,49.79,-112.79,3295.99,3566.37,3991.76,3402.02,3709.77,4128.58,3541.34,3986.24,4417.88
2061-01-01,49.79,-112.79,3141.24,3583.61,3884.17,3261.36,3710.31,4052.28,3454.92,3873.48,4550.26
2062-01-01,49.79,-112.79,3165.66,3472.40,3918.39,3300.89,3804.28,4156.44,3621.99,4016.06,4366.82
2063-01-01,49.79,-112.79,3021.54,3403.71,3744.64,3401.67,3765.63,4234.56,3451.96,3972.79,4797.40
2064-01-01,49.79,-112.79,3221.56,3498.56,3928.99,3297.26,3756.58,4133.13,3711.59,4128.50,4471.62
2065-01-01,49.79,-112.79,3134.37,3434.79,3881.42,3252.55,3704.66,4094.05,3721.82,4058.42,4553.39
2066-01-01,49.79,-112.79,3194.38,3495.41,3712.51,3458.79,3783.22,4132.57,3726.80,4174.16,4606.25
2067-01-01,49.79,-112.79,3144.96,3465.90,3824.60,3464.99,3633.14,4165.32,3778.36,4233.50,4786.48
2068-01-01,49.79,-112.79,3174.76,3463.85,3872.82,3322.24,3632.51,4079.90,3735.71,4281.09,4743.23
2069-01-01,49.79,-112.79,3288.90,3444.25,3813.57,3266.53,3645.11,4171.61,4064.26,4370.34,4734.69
2070-01-01,49.79,-112.79,3100.09,3445.20,3843.01,3392.35,3749.12,4232.91,3615.46,4134.54,4629.47
2071-01-01,49.79,-112.79,3157.76,3445.67,3797.99,3574.26,3874.97,4212.00,3679.28,4102.49,4705.68
2072-01-01,49.79,-112.79,3114.86,3318.62,3760.13,3453.94,3954.02,4387.69,3704.52,4304.95,4585.56
2073-01-01,49.79,-112.79,3129.82,3522.77,3870.42,3375.03,3772.96,4273.55,3864.46,4295.67,4660.32
2074-01-01,49.79,-112.79,3175.97,3488.56,3867.75,3308.45,3811.26,4353.25,3733.18,4184.50,4644.48
2075-01-01,49.79,-112.79,3043.79,3508.13,4003.26,3511.36,3776.50,4209.91,4008.35,4232.68,4774.79
2076-01-01,49.79,-112.79,3162.57,3513.21,4003.26,3449.50,3846.31,4095.69,3756.12,4378.91,4708.75
2077-01-01,49.79,-112.79,3027.74,3399.55,3803.56,3544.59,3795.32,4220.32,4013.68,4330.52,4748.97
2078-01-01,49.79,-112.79,2888.77,3374.24,3795.90,3402.07,3898.71,4279.81,3980.49,4318.45,4891.05
2079-01-01,49.79,-112.79,3007.09,3563.72,3772.68,3390.35,3911.49,4401.96,3883.04,4353.60,4789.15
2080-01-01,49.79,-112.79,3285.41,3487.42,3857.38,3506.77,3783.16,4247.14,3876.19,4321.91,4875.25
2081-01-01,49.79,-112.79,3197.47,3512.75,3900.73,3266.93,3863.49,4417.92,3900.70,4419.16,4963.44
2082-01-01,49.79,-112.79,3252.57,3472.83,3859.91,3554.82,3870.47,4251.83,4068.78,4670.81,5049.36
2083-01-01,49.79,-112.79,3216.66,3431.89,3876.04,3415.23,3829.17,4279.02,3985.59,4538.81,4927.37
2084-01-01,49.79,-112.79,3135.69,3485.08,3796.77,3315.42,3920.65,4291.04,3984.19,4451.45,5086.36
2085-01-01,49.79,-112.79,3249.10,3501.72,4036.98,3306.52,3822.95,4288.99,3972.42,4599.65,5036.21
2086-01-01,49.79,-112.79,3206.43,3538.45,3782.28,3355.70,3738.47,4280.72,3950.42,4570.37,4970.95
2087-01-01,49.79,-112.79,3118.24,3395.82,4000.32,3381.48,3710.36,4309.79,4082.41,4525.10,5020.32
2088-01-01,49.79,-112.79,3300.02,3570.97,3978.42,3311.99,3788.45,4268.15,4035.37,4527.98,5093.08
2089-01-01,49.79,-112.79,3185.61,3513.32,3963.50,3362.17,3835.01,4320.74,3994.85,4699.07,5119.52
2090-01-01,49.79,-112.79,3155.45,3395.86,3919.11,3482.98,3770.17,4308.64,4218.75,4523.39,5114.99
2091-01-01,49.79,-112.79,3216.83,3424.83,3780.54,3468.92,3902.22,4281.11,4153.53,4821.76,5229.78
2092-01-01,49.79,-112.79,3089.24,3472.27,3881.97,3515.27,4082.85,4336.63,4173.10,4741.11,5296.71
2093-01-01,49.79,-112.79,3091.45,3447.56,3849.29,3436.82,3797.26,4081.99,4130.60,4749.83,5306.27
2094-01-01,49.79,-112.79,3129.97,3425.34,3865.35,3501.86,3772.61,4233.56,4071.34,4620.91,5327.31
2095-01-01,49.79,-112.79,3017.23,3493.50,3853.32,3447.20,3989.28,4286.48,4133.67,4569.72,5327.78
2096-01-01,49.79,-112.79,3145.53,3480.84,3951.98,3650.38,3995.07,4334.39,4050.65,4783.20,5219.80
2097-01-01,49.79,-112.79,3202.09,3506.98,3871.24,3487.71,3867.34,4460.75,4416.65,4830.45,5431.93
2098-01-01,49.79,-112.79,3055.72,3316.09,3836.11,3538.47,3924.97,4242.84,4202.31,5012.80,5498.25
2099-01-01,49.79,-112.79,3229.20,3464.22,4093.17,3617.81,4103.09,4360.47,4078.43,4877.48,5594.46
2100-01-01,49.79,-112.79,3203.25,3520.93,3880.84,3476.32,3753.24,4321.48,4453.39,4937.01,5641.72
1950-01-01,50.04,-113.54,2434.10,2842.99,3106.35,2434.10,2843.33,3106.35,2434.10,2842.95,3106.35
1951-01-01,50.04,-113.54,2533.37,2787.22,3031.27,2533.37,2787.33,3030.19,2533.37,2785.44,3030.95
1952-01-01,50.04,-113.54,2465.57,2615.60,2993.83,2465.73,2615.59,2994.41,2465.69,2615.60,2994.03
1953-01-01,50.04,-113.54,2487.81,2705.91,2838.89,2485.45,2704.62,2838.89,2488.67,2704.62,2837.45
1954-01-01,50.04,-113.54,2544.67,2681.86,2933.31,2543.21,2679.99,2934.70,2542.42,2679.83,2932.45
1955-01-01,50.04,-113.54,2446.10,2778.92,2969.83,2445.05,2779.73,2969.83,2446.60,2778.88,2969.83
1956-01-01,50.04,-113.54,2416.59,2730.34,2965.09,2416.59,2730.33,2965.09,2416.59,2730.33,2965.09
1957-01-01,50.04,-113.54,2381.11,2619.07,3082.78,2381.11,2619.07,3082.78,2381.11,2619.07,3082.78
1958-01-01,50.04,-113.54,2360.61,2567.58,2958.54,2360.61,2567.63,2958.54,2360.61,2567.50,2958.54
1959-01-01,50.04,-113.54,2325.94,2618.15,2941.19,2326.57,2618.10,2941.19,2327.39,2618.15,2941.19
1960-01-01,50.04,-113.54,2454.81,2720.11,2973.65,2454.37,2719.86,2971.31,2455.36,2720.76,2971.31
1961-01-01,50.04,-113.54,2479.01,2742.86,2984.33,2483.52,2742.86,2984.33,2484.41,2742.86,2984.33
1962-01-01,50.04,-113.54,2464.58,2680.90,2949.36,2463.43,2680.90,2952.32,2467.22,2680.90,2952.32
1963-01-01,50.04,-113.54,2423.21,2644.00,2859.87,2421.73,2644.00,2859.87,2421.01,2644.00,2859.87
1964-01-01,50.04,-113.54,2319.08,2513.18,2734.56,2318.99,2513.18,2732.67,2318.70,2513.19,2734.70
1965-01-01,50.04,-113.54,2369.85,2591.41,2781.82,2371.07,2591.68,2781.82,2371.00,2590.84,2781.82
1966-01-01,50.04,-113.54,2298.55,2616.36,2887.65,2298.55,2616.36,2887.65,2298.55,2616.36,2887.65
1967-01-01,50.04,-113.54,2453.33,2652.25,2874.55,2453.33,2652.25,2875.80,2453.33,2652.26,2875.28
1968-01-01,50.04,-113.54,2355.81,2606.73,2850.33,2355.81,2606.73,2850.33,2355.81,2606.27,2850.33
1969-01-01,50.04,-113.54,2364.23,2633.72,2887.98,2364.23,2633.72,2886.35,2364.23,2633.72,2887.07
1970-01-01,50.04,-113.54,2415.00,2674.98,3020.63,2415.00,2675.11,3020.63,2414.83,2674.98,3020.63
1971-01-01,50.04,-113.54,2343.33,2711.15,2986.29,2342.57,2711.51,2986.30,2343.13,2711.51,2986.12
1972-01-01,50.04,-113.54,2342.15,2666.07,2882.62,2342.14,2666.06,2882.62,2342.14,2666.07,2882.49
1973-01-01,50.04,-113.54,2453.57,2697.61,2965.60,2453.57,2697.61,2965.60,2453.57,2697.61,2965.60
1974-01-01,50.04,-113.54,2397.98,2688.01,2904.46,2397.10,2688.01,2904.46,2396.64,2688.01,2900.39
1975-01-01,50.04,-113.54,2345.82,2687.51,2893.84,2345.83,2685.92,2893.83,2345.83,2685.92,2893.84
1976-01-01,50.04,-113.54,2495.60,2743.07,2888.95,2495.59,2743.07,2891.00,2495.59,2743.34,2889.29
1977-01-01,50.04,-113.54,2520.13,2668.82,3052.97,2521.69,2668.82,3052.75,2521.69,2668.82,3052.11
1978-01-01,50.04,-113.54,2603.54,2757.90,2949.02,2603.94,2757.89,2949.55,2605.81,2757.99,2949.37
1979-01-01,50.04,-113.54,2447.73,2776.17,3152.91,2447.73,2776.17,3151.98,2447.73,2776.16,3151.80
1980-01-01,50.04,-113.54,2497.59,2642.03,3021.83,2499.44,2638.23,3022.20,2502.28,2639.41,3026.29
1981-01-01,50.04,-113.54,2380.04,2792.98,2961.88,2378.14,2791.40,2961.93,2374.38,2789.62,2959.34
1982-01-01,50.04,-113.54,2374.41,2711.85,2972.85,2373.38,2714.59,2973.17,2373.26,2713.64,2973.10
1983-01-01,50.04,-113.54,2345.25,2614.19,2913.71,2345.80,2613.92,2917.02,2343.86,2609.57,2917.53
1984-01-01,50.04,-113.54,2534.36,2744.16,3045.01,2535.65,2745.97,3045.96,2529.54,2745.79,3044.64
1985-01-01,50.04,-113.54,2408.05,2682.82,2941.82,2408.48,2685.44,2936.55,2405.09,2687.65,2941.28
1986-01-01,50.04,-113.54,2500.42,2764.46,3022.22,2500.43,2758.89,3022.21,2500.04,2758.13,3016.46
1987-01-01,50.04,-113.54,2433.68,2700.28,2995.23,2428.21,2696.84,2995.52,2431.26,2700.85,2992.90
1988-01-01,50.04,-113.54,2520.13,2775.93,3031.29,2520.91,2779.78,3028.26,2517.52,2772.01,3030.69
1989-01-01,50.04,-113.54,2560.80,2792.90,3061.60,2558.36,2789.41,3068.63,2555.41,2791.73,3068.20
1990-01-01,50.04,-113.54,2473.08,2746.07,2942.78,2472.12,2747.08,2944.93,2469.69,2748.80,2943.32
1991-01-01,50.04,-113.54,2475.06,2730.22,3105.37,2474.83,2734.73,3101.20,2476.11,2731.07,3102.24
1992-01-01,50.04,-113.54,2425.18,2580.50,2915.34,2426.58,2579.33,2918.24,2420.85,2581.27,2916.59
1993-01-01,50.04,-113.54,2439.75,2705.50,2948.49,2436.75,2700.88,2950.98,2434.76,2703.89,2950.58
1994-01-01,50.04,-113.54,2508.33,2719.97,2996.44,2509.28,2717.99,2996.17,2506.63,2710.71,3002.76
1995-01-01,50.04,-113.54,2426.08,2816.62,2943.47,2432.55,2813.77,2938.40,2431.38,2813.27,2942.35
1996-01-01,50.04,-113.54,2513.64,2775.19,3006.26,2515.60,2773.90,3010.12,2509.92,2772.55,3009.44
1997-01-01,50.04,-113.54,2474.58,2801.20,3064.26,2475.00,2801.13,3060.18,2474.17,2797.93,3055.55
1998-01-01,50.04,-113.54,2669.33,2857.31,3119.67,2670.82,2857.93,3120.59,2672.50,2855.12,3116.92
1999-01-01,50.04,-113.54,2655.92,2856.01,3052.42,2652.06,2860.03,3051.97,2657.95,2860.03,3043.16
2000-01-01,50.04,-113.54,2682.03,2883.83,3209.45,2680.57,2884.85,3211.70,2672.80,2883.78,3208.75
2001-01-01,50.04,-113.54,2656.43,2896.46,3136.06,2655.26,2899.39,3137.91,2654.02,2898.26,3134.01
2002-01-01,50.04,-113.54,2666.35,2927.23,3256.78,2664.92,2927.95,3256.65,2664.75,2923.27,3255.56
2003-01-01,50.04,-113.54,2598.31,2901.80,3210.98,2595.76,2901.84,3215.08,2596.10,2904.29,3206.83
2004-01-01,50.04,-113.54,2667.24,2974.43,3286.95,2665.50,2979.23,3283.43,2663.77,2974.95,3281.61
2005-01-01,50.04,-113.54,2659.13,2936.15,3124.44,2657.06,2933.36,3131.60,2665.66,2939.89,3115.88
2006-01-01,50.04,-113.54,2575.13,2975.31,3196.61,2633.77,2983.20,3294.29,2819.46,3021.39,3254.91
2007-01-01,50.04,-113.54,2686.24,2901.38,3299.57,2687.76,2934.86,3295.01,2729.58,3000.24,3464.94
2008-01-01,50.04,-113.54,2758.99,2954.42,3109.25,2668.63,2951.35,3162.77,2637.69,2951.86,3338.76
2009-01-01,50.04,-113.54,2807.24,3013.24,3293.83,2679.95,3062.22,3329.11,2648.20,2952.46,3320.42
2010-01-01,50.04,-113.54,2602.09,2898.67,3184.61,2632.75,2917.50,3203.29,2600.96,2914.06,3158.21
2011-01-01,50.04,-113.54,2653.40,2915.59,3264.79,2638.28,3004.75,3260.37,2675.44,2868.70,3059.06
2012-01-01,50.04,-113.54,2758.75,3057.86,3330.27,2739.63,2952.10,3078.62,2753.42,3026.03,3215.74
2013-01-01,50.04,-113.54,2803.16,2921.08,3232.58,2678.94,2905.47,3213.20,2812.83,2930.05,3106.19
2014-01-01,50.04,-113.54,2677.23,3001.77,3332.45,2659.79,2903.81,3304.45,2720.85,2983.87,3315.23
2015-01-01,50.04,-113.54,2813.83,3020.44,3167.64,2749.77,2992.63,3385.80,2714.40,2968.03,3372.86
2016-01-01,50.04,-113.54,2742.13,3143.88,3502.36,2616.66,2883.45,3260.40,2765.02,3011.99,3334.87
2017-01-01,50.04,-113.54,2724.03,3132.17,3347.53,2754.56,3074.40,3263.70,2838.41,3070.56,3406.93
2018-01-01,50.04,-113.54,2670.81,3095.15,3404.14,2821.24,3122.26,3444.73,2740.71,3075.21,3459.68
2019-01-01,50.04,-113.54,2751.28,3036.08,3311.44,2822.88,3037.02,3383.33,2858.62,3122.03,3325.12
2020-01-01,50.04,-113.54,2793.32,3027.33,3328.18,2650.90,3051.76,3383.82,2835.40,3162.54,3386.57
2021-01-01,50.04,-113.54,2795.15,3144.60,3428.59,2799.32,3068.78,3273.13,2658.12,3073.99,3321.09
2022-01-01,50.04,-113.54,2703.80,3077.45,3550.43,2765.94,3075.37,3300.62,2969.54,3192.96,3483.05
2023-01-01,50.04,-113.54,2781.39,3164.57,3423.69,2791.42,3175.58,3425.93,2918.89,3162.51,3557.46
2024-01-01,50.04,-113.54,2802.48,3193.02,3510.40,2790.22,3129.34,3427.75,2868.88,3045.07,3487.29
2025-01-01,50.04,-113.54,2853.37,3140.58,3393.86,2966.20,3149.60,3451.16,2923.01,3126.19,3462.51
2026-01-01,50.04,-113.54,2900.88,3160.56,3332.01,2806.81,3143.52,3633.63,2776.64,3120.40,3482.13
2027-01-01,50.04,-113.54,2727.02,3144.30,3559.77,2822.44,3141.74,3414.99,2924.53,3092.12,3485.40
2028-01-01,50.04,-113.54,2863.19,3194.44,3575.28,2747.79,3178.27,3652.31,2985.52,3250.53,3551.01
2029-01-01,50.04,-113.54,2861.13,3088.75,3507.46,2860.92,3100.99,3542.62,2997.38,3238.16,3438.32
2030-01-01,50.04,-113.54,2903.41,3201.91,3482.65,2982.15,3248.13,3407.18,2795.18,3199.30,3498.78
2031-01-01,50.04,-113.54,2910.63,3173.92,3469.05,2899.71,3187.51,3447.98,2757.89,3193.27,3428.42
2032-01-01,50.04,-113.54,2858.35,3164.53,3375.45,2772.90,3234.49,3612.68,2897.23,3163.90,3442.57
2033-01-01,50.04,-113.54,2838.73,3194.19,3542.86,2936.27,3230.67,3538.71,2891.38,3299.84,3524.59
2034-01-01,50.04,-113.54,3040.81,3285.62,3496.96,3088.17,3214.42,3536.08,2973.66,3355.71,3614.59
2035-01-01,50.04,-113.54,2940.52,3224.70,3595.01,2942.72,3251.40,3517.24,3038.68,3387.84,3763.80
2036-01-01,50.04,-113.54,2969.28,3276.38,3557.74,2909.79,3276.29,3561.11,2976.54,3178.86,3534.11
2037-01-01,50.04,-113.54,2845.27,3154.56,3479.09,2938.35,3415.90,3680.30,3080.79,3424.09,3792.18
2038-01-01,50.04,-113.54,2874.77,3213.33,3600.11,3010.01,3263.28,3589.34,3089.03,3427.03,3672.54
2039-01-01,50.04,-113.54,2803.77,3211.98,3668.89,2876.53,3263.07,3519.98,3040.05,3419.02,3716.02
2040-01-01,50.04,-113.54,2722.14,3148.23,3525.10,2980.33,3200.17,3488.18,2978.33,3259.22,3735.79
2041-01-01,50.04,-113.54,2891.33,3250.90,3515.80,2947.48,3233.29,3535.17,3123.21,3287.74,3746.62
2042-01-01,50.04,-113.54,2924.25,3092.37,3681.83,2961.90,3239.64,3547.67,2975.02,3295.54,3691.54
2043-01-01,50.04,-113.54,2986.14,3160.54,3564.87,2967.05,3273.27,3676.29,3027.81,3428.47,3679.39
2044-01-01,50.04,-113.54,2755.78,3207.90,3415.44,2834.30,3322.75,3759.23,2985.13,3211.08,3765.08
2045-01-01,50.04,-113.54,2983.81,3240.11,3532.60,2974.88,3276.62,3892.30,2966.62,3364.85,3660.29
2046-01-01,50.04,-113.54,2913.42,3276.98,3572.74,2828.71,3258.47,3696.43,3051.59,3393.58,3685.50
2047-01-01,50.04,-113.54,2841.03,3216.38,3545.86,2968.55,3416.39,3677.12,3223.05,3468.91,3613.26
2048-01-01,50.04,-113.54,2915.98,3232.26,3649.12,2955.25,3314.27,3728.30,3137.62,3479.68,3852.12
2049-01-01,50.04,-113.54,3007.37,3224.52,3594.53,2933.75,3373.51,3716.50,3207.32,3572.21,3779.91
2050-01-01,50.04,-113.54,2885.25,3246.90,3518.84,2988.06,3266.06,3635.46,3085.04,3425.36,3865.15
2051-01-01,50.04,-113.54,2956.17,3249.37,3699.69,3112.01,3391.08,3656.17,3056.36,3461.30,4011.93
2052-01-01,50.04,-113.54,2916.86,3275.19,3591.09,3106.94,3404.41,3854.31,3050.35,3469.37,4028.55
2053-01-01,50.04,-113.54,2973.88,3114.74,3607.25,3155.76,3467.48,3732.46,3332.50,3731.02,4062.88
2054-01-01,50.04,-113.54,2883.77,3364.98,3732.92,2998.57,3428.54,3827.71,3386.85,3583.63,3983.36
2055-01-01,50.04,-113.54,2996.57,3323.91,3821.72,2988.51,3477.99,3858.95,3321.74,3611.88,4115.24
2056-01-01,50.04,-113.54,2983.59,3380.86,3721.52,3054.00,3359.01,3664.59,3318.19,3654.27,4082.17
2057-01-01,50.04,-113.54,2766.22,3300.98,3688.17,2959.10,3357.68,3848.69,3261.95,3777.23,4100.26
2058-01-01,50.04,-113.54,2916.20,3262.48,3547.27,3118.64,3594.86,3945.00,3454.95,3739.80,4254.54
2059-01-01,50.04,-113.54,2907.85,3259.00,3836.92,3146.40,3457.62,3959.66,3436.42,3838.03,4228.57
2060-01-01,50.04,-113.54,3066.39,3321.32,3721.93,3141.51,3474.18,3830.54,3329.50,3758.46,4186.72
2061-01-01,50.04,-113.54,2881.47,3340.82,3628.06,3038.09,3463.20,3805.26,3192.20,3653.19,4280.21
2062-01-01,50.04,-113.54,2936.03,3193.06,3663.87,3057.84,3583.58,3932.92,3402.15,3726.07,4115.83
2063-01-01,50.04,-113.54,2779.05,3149.90,3496.76,3135.40,3548.36,3997.43,3206.03,3734.94,4557.75
2064-01-01,50.04,-113.54,2966.54,3250.64,3659.32,3044.11,3506.84,3862.64,3482.44,3892.60,4245.08
2065-01-01,50.04,-113.54,2898.35,3201.65,3644.38,3047.57,3452.20,3859.59,3472.97,3806.04,4305.76
2066-01-01,50.04,-113.54,2938.10,3263.46,3479.11,3233.03,3554.97,3891.82,3470.65,3939.15,4382.17
2067-01-01,50.04,-113.54,2849.39,3209.18,3571.73,3202.21,3392.23,3952.01,3560.05,4016.81,4533.05
2068-01-01,50.04,-113.54,2928.26,3212.82,3609.28,3044.22,3417.91,3813.69,3500.76,4036.90,4498.47
2069-01-01,50.04,-113.54,3022.55,3201.71,3584.95,3036.62,3387.86,3935.80,3830.00,4135.83,4500.10
2070-01-01,50.04,-113.54,2881.59,3204.77,3620.77,3173.27,3510.56,4003.00,3333.33,3839.55,4360.63
2071-01-01,50.04,-113.54,2901.63,3167.41,3550.53,3323.10,3593.22,3963.33,3398.55,3833.55,4370.28
2072-01-01,50.04,-113.54,2872.75,3066.33,3509.85,3190.93,3699.14,4135.79,3430.86,4037.30,4314.38
2073-01-01,50.04,-113.54,2894.48,3271.24,3624.53,3151.06,3501.33,4029.22,3599.05,4027.37,4370.91
2074-01-01,50.04,-113.54,2943.04,3242.83,3599.52,3053.98,3571.92,4087.13,3487.41,3902.26,4379.31
2075-01-01,50.04,-113.54,2793.72,3254.81,3728.19,3243.32,3495.87,3905.23,3755.18,3961.87,4514.22
2076-01-01,50.04,-113.54,2926.38,3234.23,3761.49,3185.78,3634.51,3839.30,3499.01,4147.44,4470.76
2077-01-01,50.04,-113.54,2801.20,3168.86,3534.72,3256.50,3517.43,3972.28,3739.09,4057.68,4431.24
2078-01-01,50.04,-113.54,2658.27,3097.82,3531.15,3141.91,3660.14,4066.76,3709.17,4080.25,4577.26
2079-01-01,50.04,-113.54,2767.36,3324.73,3518.07,3164.52,3652.98,4130.28,3593.79,4077.73,4501.85
2080-01-01,50.04,-113.54,3027.45,3266.39,3603.28,3259.78,3561.14,3990.69,3612.13,4054.85,4583.96
2081-01-01,50.04,-113.54,2971.24,3262.59,3666.37,3031.63,3634.42,4172.26,3656.47,4148.18,4697.74
2082-01-01,50.04,-113.54,2989.77,3249.86,3611.36,3264.76,3599.24,3998.25,3836.41,4406.98,4739.70
2083-01-01,50.04,-113.54,2932.14,3165.38,3645.56,3154.35,3569.70,4013.26,3724.55,4297.29,4689.09
2084-01-01,50.04,-113.54,2841.52,3225.18,3546.99,3059.15,3670.96,4020.66,3731.73,4151.52,4850.75
2085-01-01,50.04,-113.54,3024.31,3243.46,3756.34,3067.03,3567.04,4034.97,3687.55,4338.88,4775.78
2086-01-01,50.04,-113.54,2981.14,3303.10,3553.53,3105.52,3459.06,4022.98,3709.30,4299.03,4755.19
2087-01-01,50.04,-113.54,2885.32,3140.62,3754.06,3131.90,3445.20,4084.02,3812.74,4285.80,4734.59
2088-01-01,50.04,-113.54,3065.44,3335.77,3714.75,3071.54,3522.43,3986.53,3777.80,4253.70,4849.43
2089-01-01,50.04,-113.54,2964.31,3235.57,3706.39,3097.72,3561.61,4116.56,3778.74,4423.03,4879.24
2090-01-01,50.04,-113.54,2932.35,3151.46,3662.16,3261.02,3571.87,4041.69,3969.45,4301.33,4843.45
2091-01-01,50.04,-113.54,2992.88,3203.99,3536.04,3196.83,3666.30,4009.27,3921.57,4532.81,5083.28
2092-01-01,50.04,-113.54,2853.45,3231.94,3627.87,3263.87,3833.06,4100.50,3934.14,4453.97,5036.01
2093-01-01,50.04,-113.54,2861.28,3225.19,3582.46,3181.05,3529.67,3785.89,3897.80,4493.51,5049.42
2094-01-01,50.04,-113.54,2884.95,3204.59,3599.26,3262.50,3543.38,3965.93,3816.40,4381.10,5103.85
2095-01-01,50.04,-113.54,2778.08,3224.47,3590.48,3194.39,3733.01,4040.79,3873.80,4334.04,5093.17
2096-01-01,50.04,-113.54,2865.51,3243.44,3709.23,3424.20,3726.91,4043.47,3839.48,4549.86,5016.35
2097-01-01,50.04,-113.54,2977.67,3257.89,3603.19,3247.26,3621.33,4226.84,4226.13,4589.61,5206.90
2098-01-01,50.04,-113.54,2803.30,3078.21,3566.78,3256.99,3680.37,3996.36,3951.54,4764.31,5272.93
2099-01-01,50.04,-113.54,2992.16,3218.76,3811.67,3384.32,3855.52,4136.95,3807.74,4664.24,5309.58
2100-01-01,50.04,-113.54,2971.74,3276.15,3607.19,3216.95,3499.15,4061.78,4191.84,4756.02,5323.00
1950-01-01,50.04,-112.29,2620.50,3010.03,3279.50,2620.50,3009.99,3279.50,2620.50,3009.82,3279.50
1951-01-01,50.04,-112.29,2719.88,2987.32,3218.43,2719.87,2987.32,3217.97,2719.87,2987.13,3217.85
1952-01-01,50.04,-112.29,2638.84,2882.86,3161.52,2638.38,2884.70,3161.60,2638.13,2883.74,3161.20
1953-01-01,50.04,-112.29,2665.07,2912.79,3053.90,2663.96,2912.60,3053.90,2666.68,2912.60,3053.90
1954-01-01,50.04,-112.29,2733.64,2882.57,3125.08,2733.54,2882.57,3126.45,2735.02,2882.57,3125.37
1955-01-01,50.04,-112.29,2639.89,2952.66,3158.92,2639.41,2952.66,3158.92,2639.46,2952.53,3158.93
1956-01-01,50.04,-112.29,2638.21,2921.67,3150.09,2638.21,2920.27,3150.09,2638.21,2921.01,3150.09
1957-01-01,50.04,-112.29,2591.69,2812.10,3257.80,2591.69,2812.10,3257.80,2594.61,2812.10,3257.80
1958-01-01,50.04,-112.29,2547.42,2774.70,3121.78,2547.42,2776.59,3121.77,2547.42,2776.23,3121.77
1959-01-01,50.04,-112.29,2520.93,2769.88,3141.46,2520.81,2769.00,3141.46,2519.96,2769.15,3141.46
1960-01-01,50.04,-112.29,2702.06,2904.43,3146.02,2701.69,2899.80,3143.53,2702.38,2900.51,3143.53
1961-01-01,50.04,-112.29,2655.39,2926.11,3161.81,2655.53,2926.11,3161.82,2655.34,2926.11,3161.82
1962-01-01,50.04,-112.29,2607.22,2892.57,3154.21,2605.70,2892.57,3154.66,2606.38,2892.57,3154.67
1963-01-01,50.04,-112.29,2619.56,2794.14,3065.67,2620.08,2795.17,3065.67,2618.21,2795.17,3065.67
1964-01-01,50.04,-112.29,2526.35,2674.50,2922.90,2527.57,2674.50,2920.87,2526.80,2674.50,2925.05
1965-01-01,50.04,-112.29,2574.21,2767.93,2926.93,2576.82,2767.86,2926.93,2576.19,2770.26,2926.93
1966-01-01,50.04,-112.29,2464.89,2789.28,3098.86,2464.89,2789.40,3098.86,2464.88,2792.69,3098.86
1967-01-01,50.04,-112.29,2671.02,2866.38,3112.20,2671.02,2866.39,3113.09,2671.02,2866.39,3114.28
1968-01-01,50.04,-112.29,2539.21,2818.02,3061.18,2539.21,2818.02,3061.18,2539.21,2818.02,3061.18
1969-01-01,50.04,-112.29,2532.65,2822.85,3026.45,2532.65,2822.85,3027.04,2532.64,2822.85,3029.78
1970-01-01,50.04,-112.29,2627.02,2842.51,3174.77,2627.02,2842.51,3174.77,2628.17,2842.51,3174.77
1971-01-01,50.04,-112.29,2496.39,2874.66,3204.94,2496.59,2876.57,3204.94,2496.80,2876.57,3204.69
1972-01-01,50.04,-112.29,2587.77,2858.12,3086.21,2587.77,2857.09,3086.20,2587.77,2857.09,3086.03
1973-01-01,50.04,-112.29,2676.52,2888.69,3158.32,2676.52,2888.69,3158.32,2676.52,2888.69,3158.32
1974-01-01,50.04,-112.29,2569.46,2866.12,3088.81,2569.46,2866.17,3088.82,2569.46,2866.52,3088.81
1975-01-01,50.04,-112.29,2534.21,2894.84,3082.95,2534.21,2894.84,3082.95,2534.14,2897.75,3082.95
1976-01-01,50.04,-112.29,2641.89,2944.34,3067.09,2641.90,2944.34,3065.15,2641.90,2948.02,3065.06
1977-01-01,50.04,-112.29,2693.88,2872.26,3242.64,2695.42,2872.26,3243.03,2695.42,2876.38,3243.09
1978-01-01,50.04,-112.29,2793.08,2932.84,3160.56,2793.96,2932.83,3160.56,2793.96,2932.84,3160.62
1979-01-01,50.04,-112.29,2654.98,2958.62,3284.67,2654.98,2958.62,3284.47,2654.98,2958.62,3282.14
1980-01-01,50.04,-112.29,2680.40,2846.27,3222.31,2678.19,2840.68,3221.48,2681.62,2842.99,3227.78
1981-01-01,50.04,-112.29,2572.96,2964.84,3169.04,2572.55,2961.90,3167.73,2568.84,2957.42,3165.73
1982-01-01,50.04,-112.29,2546.44,2902.97,3200.53,2554.13,2903.68,3199.45,2547.49,2906.25,3194.03
1983-01-01,50.04,-112.29,2560.32,2818.31,3105.11,2559.95,2821.22,3106.91,2559.86,2819.72,3107.06
1984-01-01,50.04,-112.29,2738.40,2949.21,3238.86,2739.96,2951.90,3237.36,2746.89,2950.90,3236.46
1985-01-01,50.04,-112.29,2600.97,2886.48,3131.34,2601.82,2885.35,3123.77,2597.07,2881.80,3129.77
1986-01-01,50.04,-112.29,2684.64,2925.70,3228.96,2686.02,2927.84,3224.33,2694.47,2922.86,3230.70
1987-01-01,50.04,-112.29,2641.25,2902.75,3163.63,2638.14,2900.72,3162.73,2641.72,2901.58,3161.21
1988-01-01,50.04,-112.29,2704.79,2941.52,3218.70,2705.51,2941.56,3217.91,2701.95,2940.39,3223.55
1989-01-01,50.04,-112.29,2751.22,2993.03,3192.92,2752.72,2990.14,3198.42,2750.06,2986.92,3190.23
1990-01-01,50.04,-112.29,2685.44,2949.11,3143.65,2684.32,2952.21,3143.39,2684.77,2948.71,3144.41
1991-01-01,50.04,-112.29,2615.68,2923.92,3299.57,2616.45,2930.31,3293.41,2618.76,2929.43,3293.96
1992-01-01,50.04,-112.29,2586.73,2781.60,3166.38,2588.29,2782.48,3170.89,2589.20,2784.18,3169.68
1993-01-01,50.04,-112.29,2640.61,2882.25,3199.73,2639.91,2879.04,3196.16,2637.04,2880.88,3191.96
1994-01-01,50.04,-112.29,2720.96,2934.74,3219.29,2722.36,2932.54,3218.87,2717.91,2927.87,3222.62
1995-01-01,50.04,-112.29,2645.13,2969.75,3142.14,2649.59,2967.33,3138.32,2649.36,2965.63,3141.45
1996-01-01,50.04,-112.29,2714.19,2963.96,3153.49,2716.81,2967.54,3152.94,2713.01,2961.69,3154.01
1997-01-01,50.04,-112.29,2669.31,2992.59,3221.79,2670.26,2992.42,3221.52,2671.07,2989.92,3218.45
1998-01-01,50.04,-112.29,2823.07,3060.27,3331.45,2821.78,3056.68,3333.37,2824.71,3058.12,3329.93
1999-01-01,50.04,-112.29,2822.66,3037.60,3262.55,2822.74,3042.89,3262.73,2823.08,3036.34,3254.23
2000-01-01,50.04,-112.29,2871.51,3074.29,3390.60,2872.76,3075.42,3398.00,2865.97,3074.80,3399.17
2001-01-01,50.04,-112.29,2840.15,3107.42,3329.67,2839.21,3107.08,3331.19,2838.40,3099.67,3329.71
2002-01-01,50.04,-112.29,2803.67,3092.59,3404.89,2805.51,3092.96,3405.21,2803.00,3088.10,3410.17
2003-01-01,50.04,-112.29,2836.15,3053.62,3350.16,2836.74,3051.10,3354.05,2832.51,3058.57,3345.15
2004-01-01,50.04,-112.29,2851.43,3145.45,3464.41,2847.95,3148.80,3461.80,2848.60,3140.26,3457.38
2005-01-01,50.04,-112.29,2859.79,3100.70,3287.76,2858.18,3106.65,3292.32,2863.38,3121.06,3274.41
2006-01-01,50.04,-112.29,2771.88,3183.49,3348.71,2804.30,3159.69,3464.44,2998.37,3179.59,3429.13
2007-01-01,50.04,-112.29,2851.08,3104.29,3477.09,2888.36,3183.32,3456.68,2904.60,3201.29,3592.57
2008-01-01,50.04,-112.29,2927.81,3121.04,3311.05,2872.56,3138.01,3335.73,2820.43,3120.16,3510.05
2009-01-01,50.04,-112.29,2980.64,3148.36,3453.87,2828.87,3237.69,3511.53,2817.98,3118.73,3567.73
2010-01-01,50.04,-112.29,2814.75,3116.97,3375.14,2824.30,3101.15,3432.87,2797.30,3136.18,3323.00
2011-01-01,50.04,-112.29,2850.26,3082.20,3424.00,2841.73,3187.33,3444.54,2888.96,3030.72,3241.14
2012-01-01,50.04,-112.29,2929.05,3264.89,3535.17,2913.25,3165.43,3328.26,2934.59,3200.70,3429.57
2013-01-01,50.04,-112.29,2911.25,3108.16,3395.67,2854.61,3114.33,3391.98,3016.98,3129.11,3327.37
2014-01-01,50.04,-112.29,2875.53,3168.13,3532.82,2883.73,3098.27,3461.67,2900.94,3191.04,3524.42
2015-01-01,50.04,-112.29,3010.29,3195.35,3400.95,2923.82,3153.66,3579.13,2890.64,3179.79,3530.72
2016-01-01,50.04,-112.29,2975.62,3338.45,3676.16,2774.05,3084.68,3424.75,2940.45,3203.00,3470.03
2017-01-01,50.04,-112.29,2935.80,3308.39,3555.39,2957.88,3247.38,3436.66,2994.10,3287.94,3597.01
2018-01-01,50.04,-112.29,2876.40,3265.47,3570.29,3021.76,3326.89,3626.15,2896.14,3278.16,3637.56
2019-01-01,50.04,-112.29,2974.62,3218.30,3463.57,3009.09,3201.03,3580.79,3091.08,3312.69,3489.81
2020-01-01,50.04,-112.29,3037.06,3215.47,3484.33,2843.19,3230.90,3615.74,3049.43,3377.20,3603.64
2021-01-01,50.04,-112.29,2964.34,3362.71,3612.56,3018.31,3244.00,3506.90,2870.43,3254.37,3510.55
2022-01-01,50.04,-112.29,2874.30,3278.12,3666.33,2962.18,3281.92,3520.24,3136.04,3371.15,3655.47
2023-01-01,50.04,-112.29,2997.06,3347.63,3593.79,3009.90,3377.92,3638.42,3123.84,3340.51,3744.48
2024-01-01,50.04,-112.29,2913.73,3420.86,3710.27,3038.01,3316.24,3602.19,3042.03,3227.63,3595.95
2025-01-01,50.04,-112.29,3069.44,3306.04,3561.73,3148.97,3313.57,3623.77,3081.26,3320.89,3662.29
2026-01-01,50.04,-112.29,3078.04,3345.07,3539.05,3023.48,3315.23,3817.64,2922.98,3274.76,3632.12
2027-01-01,50.04,-112.29,2932.25,3352.58,3749.06,3025.35,3295.80,3592.34,3094.21,3281.56,3694.21
2028-01-01,50.04,-112.29,3005.77,3362.86,3729.54,2943.70,3381.46,3820.29,3173.67,3415.13,3766.60
2029-01-01,50.04,-112.29,3017.44,3260.83,3696.66,3024.09,3316.64,3769.09,3154.58,3413.21,3614.33
2030-01-01,50.04,-112.29,3108.40,3380.67,3668.55,3129.77,3434.61,3614.63,2987.07,3373.08,3652.12
2031-01-01,50.04,-112.29,3136.68,3320.76,3751.88,3094.73,3379.04,3691.96,3001.60,3413.30,3601.44
2032-01-01,50.04,-112.29,3066.16,3331.07,3546.21,2997.22,3383.99,3816.91,3104.88,3347.00,3620.80
2033-01-01,50.04,-112.29,3008.69,3366.02,3705.08,3149.22,3413.37,3709.07,3113.14,3449.84,3702.38
2034-01-01,50.04,-112.29,3201.14,3476.65,3674.86,3244.00,3390.92,3691.58,3167.12,3534.99,3781.61
2035-01-01,50.04,-112.29,3166.41,3416.96,3779.00,3108.57,3418.07,3699.27,3205.61,3559.49,3922.81
2036-01-01,50.04,-112.29,3137.97,3467.16,3767.44,3121.52,3450.59,3731.13,3114.52,3347.29,3705.56
2037-01-01,50.04,-112.29,3016.42,3360.25,3671.69,3117.38,3576.24,3835.80,3207.61,3569.33,3990.30
2038-01-01,50.04,-112.29,3044.24,3394.83,3754.14,3158.72,3451.39,3751.67,3276.43,3580.71,3837.21
2039-01-01,50.04,-112.29,2964.03,3382.78,3743.21,3032.80,3416.37,3682.28,3218.98,3544.62,3879.58
2040-01-01,50.04,-112.29,2936.71,3295.09,3723.12,3168.32,3374.94,3648.55,3131.90,3466.58,3864.20
2041-01-01,50.04,-112.29,3069.30,3423.07,3643.01,3140.67,3395.01,3806.35,3318.92,3492.81,3878.39
2042-01-01,50.04,-112.29,3130.63,3299.32,3856.82,3141.72,3459.88,3806.39,3175.95,3524.17,3878.47
2043-01-01,50.04,-112.29,3197.42,3354.31,3695.11,3183.71,3481.79,3850.31,3231.54,3622.49,3841.32
2044-01-01,50.04,-112.29,2943.62,3373.49,3573.91,3034.68,3483.02,3899.59,3146.69,3413.71,3971.64
2045-01-01,50.04,-112.29,3167.25,3424.96,3709.94,3217.12,3486.75,4084.90,3202.68,3547.89,3873.22
2046-01-01,50.04,-112.29,3102.81,3513.14,3718.61,3076.40,3489.72,3937.40,3219.99,3599.25,3878.49
2047-01-01,50.04,-112.29,3050.93,3362.70,3734.57,3169.89,3586.11,3833.18,3380.79,3679.96,3852.06
2048-01-01,50.04,-112.29,3095.14,3401.06,3826.66,3194.42,3524.42,3902.97,3314.14,3721.04,4027.33
2049-01-01,50.04,-112.29,3197.15,3418.61,3783.11,3081.06,3542.88,3876.68,3417.98,3770.42,4039.86
2050-01-01,50.04,-112.29,3109.65,3434.00,3724.19,3150.58,3432.14,3806.33,3286.88,3580.65,4081.05
2051-01-01,50.04,-112.29,3147.44,3452.62,3890.38,3323.39,3567.96,3862.05,3227.32,3643.34,4217.90
2052-01-01,50.04,-112.29,3090.12,3451.31,3730.88,3267.58,3582.20,3986.96,3230.16,3672.06,4174.57
2053-01-01,50.04,-112.29,3163.39,3302.10,3770.05,3324.87,3648.45,3897.18,3484.53,3900.84,4259.21
2054-01-01,50.04,-112.29,3049.73,3582.71,3931.75,3175.86,3647.15,3967.42,3602.50,3759.84,4143.42
2055-01-01,50.04,-112.29,3172.47,3519.50,4051.72,3160.89,3662.96,4035.61,3498.87,3802.78,4284.49
2056-01-01,50.04,-112.29,3184.48,3571.17,3859.98,3204.81,3547.71,3867.45,3525.53,3824.79,4206.84
2057-01-01,50.04,-112.29,2936.62,3455.96,3861.46,3144.61,3571.70,4098.42,3439.80,3995.15,4272.40
2058-01-01,50.04,-112.29,3106.38,3456.70,3723.74,3325.10,3771.08,4103.94,3652.40,3885.58,4443.78
2059-01-01,50.04,-112.29,3078.80,3450.70,4012.52,3324.56,3638.23,4128.45,3583.96,3998.10,4384.55
2060-01-01,50.04,-112.29,3233.56,3506.19,3950.20,3327.13,3645.93,4083.88,3456.44,3888.18,4323.54
2061-01-01,50.04,-112.29,3078.47,3510.60,3827.48,3229.66,3632.15,3975.02,3435.71,3777.09,4437.11
2062-01-01,50.04,-112.29,3085.23,3436.22,3820.06,3238.15,3727.17,4108.36,3534.89,3941.15,4275.66
2063-01-01,50.04,-112.29,2949.00,3317.03,3663.80,3351.53,3654.83,4148.98,3391.16,3906.98,4706.46
2064-01-01,50.04,-112.29,3142.03,3432.14,3864.99,3278.80,3678.63,4069.20,3601.71,4040.52,4368.21
2065-01-01,50.04,-112.29,3090.89,3363.44,3766.50,3190.18,3629.49,4032.98,3635.69,3967.40,4488.25
2066-01-01,50.04,-112.29,3118.28,3436.20,3620.05,3397.69,3715.66,4043.43,3671.13,4090.76,4528.63
2067-01-01,50.04,-112.29,3078.88,3421.48,3749.46,3428.15,3550.16,4074.04,3709.05,4143.40,4693.65
2068-01-01,50.04,-112.29,3102.89,3406.59,3782.29,3288.74,3566.26,3990.05,3676.35,4210.51,4665.06
2069-01-01,50.04,-112.29,3245.94,3399.53,3743.92,3201.23,3555.02,4104.83,3983.10,4277.81,4620.24
2070-01-01,50.04,-112.29,3063.26,3381.87,3787.15,3332.95,3671.71,4128.77,3529.94,4073.23,4501.99
2071-01-01,50.04,-112.29,3073.26,3390.90,3762.15,3513.80,3809.82,4165.57,3639.62,4038.55,4674.18
2072-01-01,50.04,-112.29,3045.52,3243.95,3696.83,3386.25,3875.84,4291.93,3650.07,4211.39,4523.63
2073-01-01,50.04,-112.29,3070.98,3448.61,3797.29,3284.64,3718.02,4231.60,3789.64,4215.36,4589.35
2074-01-01,50.04,-112.29,3090.71,3416.78,3793.34,3275.16,3736.40,4258.63,3659.08,4126.63,4573.13
2075-01-01,50.04,-112.29,3020.82,3444.98,3921.65,3464.46,3720.20,4156.20,3911.41,4190.62,4673.71
2076-01-01,50.04,-112.29,3132.35,3451.87,3943.73,3385.21,3761.02,4036.90,3664.77,4272.63,4593.47
2077-01-01,50.04,-112.29,2976.17,3359.41,3728.04,3479.57,3750.72,4151.40,3934.95,4268.99,4695.41
2078-01-01,50.04,-112.29,2806.21,3334.44,3708.33,3360.22,3815.93,4187.56,3933.22,4238.69,4814.48
2079-01-01,50.04,-112.29,2969.02,3495.42,3718.66,3332.07,3825.92,4305.97,3824.93,4288.94,4709.02
2080-01-01,50.04,-112.29,3244.51,3434.37,3765.13,3448.66,3711.52,4181.54,3836.54,4296.51,4772.88
2081-01-01,50.04,-112.29,3140.70,3446.13,3819.18,3221.94,3789.75,4333.97,3827.56,4347.32,4869.86
2082-01-01,50.04,-112.29,3203.89,3397.16,3777.66,3489.89,3786.13,4179.72,3987.83,4568.14,4995.38
2083-01-01,50.04,-112.29,3180.57,3390.49,3802.01,3362.99,3759.50,4207.64,3936.62,4432.53,4830.08
2084-01-01,50.04,-112.29,3107.87,3433.03,3728.02,3242.72,3852.83,4212.00,3950.61,4347.70,4973.19
2085-01-01,50.04,-112.29,3176.72,3446.07,3961.92,3260.02,3767.04,4191.27,3907.54,4547.95,4948.86
2086-01-01,50.04,-112.29,3156.72,3449.03,3724.76,3287.35,3683.39,4163.22,3844.17,4519.96,4874.22
2087-01-01,50.04,-112.29,3068.80,3339.08,3952.67,3326.01,3669.52,4206.04,3979.76,4440.93,4938.46
2088-01-01,50.04,-112.29,3226.84,3493.85,3896.60,3224.21,3732.20,4182.46,3979.43,4438.11,4987.91
2089-01-01,50.04,-112.29,3141.19,3440.49,3894.62,3313.59,3751.43,4238.20,3885.17,4596.28,4992.99
2090-01-01,50.04,-112.29,3063.02,3332.88,3856.15,3430.96,3703.56,4226.37,4122.85,4478.13,5028.67
2091-01-01,50.04,-112.29,3131.00,3345.14,3709.26,3435.05,3836.93,4205.13,4061.80,4746.14,5155.29
2092-01-01,50.04,-112.29,3028.83,3408.20,3804.60,3480.38,3968.28,4280.76,4060.52,4649.17,5192.18
2093-01-01,50.04,-112.29,3047.65,3369.95,3771.31,3389.39,3732.84,4035.30,4065.78,4684.58,5219.66
2094-01-01,50.04,-112.29,3057.46,3389.65,3815.19,3441.67,3690.15,4167.96,4001.52,4535.71,5217.19
2095-01-01,50.04,-112.29,2986.96,3445.46,3792.11,3399.64,3894.49,4228.69,4045.70,4478.21,5177.41
2096-01-01,50.04,-112.29,3088.91,3434.06,3855.83,3565.55,3934.98,4279.00,3945.92,4645.87,5102.12
2097-01-01,50.04,-112.29,3138.50,3437.30,3805.78,3457.93,3805.10,4382.94,4312.49,4707.32,5348.96
2098-01-01,50.04,-112.29,2984.20,3228.79,3791.28,3486.21,3847.32,4167.12,4121.01,4909.94,5395.68
2099-01-01,50.04,-112.29,3155.97,3425.74,4010.86,3550.73,4002.14,4269.49,3973.48,4766.59,5504.65
2100-01-01,50.04,-112.29,3166.98,3455.12,3791.43,3416.58,3665.96,4250.98,4372.76,4788.67,5547.29
