time,lon,lat,rcp26_frost_free_season_p10,rcp26_frost_free_season_p50,rcp26_frost_free_season_p90,rcp45_frost_free_season_p10,rcp45_frost_free_season_p50,rcp45_frost_free_season_p90,rcp85_frost_free_season_p10,rcp85_frost_free_season_p50,rcp85_frost_free_season_p90
1950-01-01,-104.29,54.71,86.10,109.00,119.80,86.10,109.00,119.80,86.10,109.00,119.80
1951-01-01,-104.29,54.71,91.60,106.50,132.70,91.60,106.50,132.70,91.60,106.50,132.70
1952-01-01,-104.29,54.71,84.30,103.00,124.70,86.50,103.00,130.60,86.50,102.50,131.20
1953-01-01,-104.29,54.71,93.20,105.50,123.80,96.00,105.50,123.80,96.00,105.50,123.20
1954-01-01,-104.29,54.71,90.70,106.50,129.80,90.70,106.00,129.80,90.70,106.00,129.80
1955-01-01,-104.29,54.71,80.60,99.50,126.00,80.60,95.00,126.00,80.60,95.00,126.00
1956-01-01,-104.29,54.71,94.20,106.00,129.40,94.20,106.00,129.40,94.20,105.50,129.40
1957-01-01,-104.29,54.71,89.30,111.50,123.10,89.30,111.50,123.10,89.60,111.00,123.10
1958-01-01,-104.29,54.71,95.00,109.50,125.00,95.00,109.50,125.00,95.00,109.50,125.00
1959-01-01,-104.29,54.71,83.60,102.50,124.70,85.90,101.50,124.70,83.60,101.50,124.70
1960-01-01,-104.29,54.71,83.60,103.50,128.00,83.60,103.50,128.00,83.60,103.50,128.00
1961-01-01,-104.29,54.71,82.60,108.50,128.70,84.30,108.00,130.10,84.30,108.00,128.80
1962-01-01,-104.29,54.71,97.60,108.50,124.40,97.60,108.50,126.40,97.60,108.50,126.40
1963-01-01,-104.29,54.71,80.20,103.50,117.80,80.20,103.50,119.00,80.20,103.00,119.00
1964-01-01,-104.29,54.71,77.30,95.00,113.00,77.30,94.00,113.00,77.30,93.50,113.00
1965-01-01,-104.29,54.71,98.00,106.50,122.70,98.00,106.50,122.70,98.00,106.50,122.70
1966-01-01,-104.29,54.71,88.90,98.50,123.80,88.30,98.50,123.80,88.30,98.50,123.80
1967-01-01,-104.29,54.71,78.30,101.00,125.80,78.30,101.00,126.40,78.30,101.00,123.00
1968-01-01,-104.29,54.71,83.30,106.50,125.00,83.30,106.50,124.70,83.30,105.50,124.70
1969-01-01,-104.29,54.71,85.30,101.50,120.10,82.30,101.00,120.10,83.60,99.00,120.10
1970-01-01,-104.29,54.71,89.90,108.50,126.10,89.90,108.50,126.10,89.60,108.50,126.10
1971-01-01,-104.29,54.71,87.60,106.00,122.40,87.60,104.00,122.40,87.60,104.00,122.40
1972-01-01,-104.29,54.71,85.60,103.50,116.70,85.60,103.50,116.70,85.60,103.50,116.70
1973-01-01,-104.29,54.71,84.00,101.50,126.40,84.00,101.50,126.40,84.00,104.00,126.40
1974-01-01,-104.29,54.71,87.90,110.00,130.70,87.60,108.00,130.70,87.90,110.00,130.70
1975-01-01,-104.29,54.71,66.70,105.00,119.70,75.40,105.00,120.40,66.70,105.00,120.40
1976-01-01,-104.29,54.71,79.60,100.00,129.10,79.60,100.50,129.10,79.60,100.50,129.10
1977-01-01,-104.29,54.71,93.50,108.50,127.10,93.50,108.50,127.10,93.50,108.00,127.10
1978-01-01,-104.29,54.71,94.30,108.50,124.00,92.20,108.50,124.00,91.50,106.50,123.10
1979-01-01,-104.29,54.71,93.60,106.00,124.70,93.60,107.00,124.70,93.60,107.00,124.70
1980-01-01,-104.29,54.71,93.30,109.00,120.70,93.30,109.00,120.70,93.30,109.50,120.70
1981-01-01,-104.29,54.71,87.20,106.50,125.70,87.20,104.50,125.70,87.20,104.50,125.70
1982-01-01,-104.29,54.71,84.50,103.00,133.80,84.80,102.50,133.80,84.50,103.00,133.80
1983-01-01,-104.29,54.71,81.00,104.00,125.10,80.30,104.00,125.10,81.30,104.00,125.10
1984-01-01,-104.29,54.71,83.90,110.50,122.40,83.90,110.50,127.90,83.90,108.50,127.90
1985-01-01,-104.29,54.71,85.30,106.00,125.70,85.30,106.00,125.70,85.30,106.00,125.70
1986-01-01,-104.29,54.71,82.80,102.50,123.70,80.30,107.50,123.70,83.70,108.00,123.70
1987-01-01,-104.29,54.71,92.50,105.50,124.80,92.80,108.00,124.80,92.80,108.00,124.80
1988-01-01,-104.29,54.71,88.90,116.50,129.70,86.60,116.50,129.70,86.60,115.50,129.70
1989-01-01,-104.29,54.71,92.60,110.00,133.40,92.60,110.00,133.40,92.60,110.00,131.40
1990-01-01,-104.29,54.71,93.60,107.00,121.70,93.60,106.50,121.70,90.20,106.00,121.70
1991-01-01,-104.29,54.71,91.60,111.50,132.10,91.60,108.00,128.40,91.90,108.00,128.40
1992-01-01,-104.29,54.71,89.20,113.00,124.10,90.20,113.00,125.70,90.20,112.50,125.70
1993-01-01,-104.29,54.71,95.50,109.00,124.70,95.50,109.50,125.00,88.40,109.50,124.70
1994-01-01,-104.29,54.71,87.30,107.00,129.40,88.50,106.50,129.40,87.30,107.00,129.40
1995-01-01,-104.29,54.71,88.30,111.50,126.00,88.30,111.50,127.40,88.30,111.00,127.40
1996-01-01,-104.29,54.71,91.60,115.00,132.00,91.60,115.00,132.00,91.60,114.50,132.00
1997-01-01,-104.29,54.71,100.60,113.00,127.80,100.90,114.00,128.50,100.90,114.00,124.70
1998-01-01,-104.29,54.71,99.30,113.00,125.70,99.30,113.00,125.70,99.30,113.50,125.70
1999-01-01,-104.29,54.71,92.30,113.00,130.40,92.30,113.00,130.40,92.30,114.00,130.40
2000-01-01,-104.29,54.71,85.50,117.50,136.40,85.50,117.50,136.40,87.60,117.00,136.40
2001-01-01,-104.29,54.71,103.30,113.00,131.70,103.30,113.00,131.70,103.30,113.00,132.70
2002-01-01,-104.29,54.71,95.00,116.00,131.10,95.00,113.50,131.10,95.00,116.00,131.10
2003-01-01,-104.29,54.71,100.00,117.50,135.10,100.00,117.50,135.70,100.00,117.50,135.10
2004-01-01,-104.29,54.71,102.20,121.50,134.40,102.20,120.00,134.70,102.20,122.00,134.70
2005-01-01,-104.29,54.71,99.20,117.00,125.00,99.20,117.00,125.00,99.30,114.00,125.00
2006-01-01,-104.29,54.71,96.60,115.00,133.00,93.20,116.50,139.00,92.00,110.50,131.20
2007-01-01,-104.29,54.71,87.00,117.00,137.70,97.60,112.50,134.00,96.00,105.00,129.50
2008-01-01,-104.29,54.71,105.20,117.00,128.40,99.00,113.00,129.70,92.60,113.00,135.80
2009-01-01,-104.29,54.71,89.70,115.50,132.10,98.00,121.50,140.50,89.60,119.50,146.30
2010-01-01,-104.29,54.71,94.80,121.00,130.00,94.30,113.50,135.70,100.30,120.00,134.00
2011-01-01,-104.29,54.71,104.00,121.50,134.90,107.30,120.50,133.70,99.20,115.50,137.10
2012-01-01,-104.29,54.71,100.00,114.00,126.70,97.60,118.00,133.10,106.90,118.50,143.00
2013-01-01,-104.29,54.71,96.00,120.00,141.60,96.90,120.50,131.80,105.50,123.00,135.00
2014-01-01,-104.29,54.71,90.30,114.50,147.70,108.90,127.00,140.80,105.50,124.50,138.70
2015-01-01,-104.29,54.71,92.00,116.50,135.00,88.50,115.50,134.70,94.40,119.50,141.00
2016-01-01,-104.29,54.71,101.30,115.50,147.80,101.30,113.50,132.10,92.50,117.50,135.60
2017-01-01,-104.29,54.71,101.30,121.50,155.70,95.30,113.00,136.40,99.40,120.00,135.00
2018-01-01,-104.29,54.71,102.00,119.00,138.30,102.30,117.50,137.60,98.30,118.50,135.40
2019-01-01,-104.29,54.71,109.20,123.50,139.40,98.50,119.00,139.70,91.50,123.00,149.10
2020-01-01,-104.29,54.71,93.30,114.50,135.00,95.10,121.00,135.70,102.30,120.00,143.40
2021-01-01,-104.29,54.71,97.00,118.00,141.40,99.80,124.50,142.40,93.90,126.50,134.40
2022-01-01,-104.29,54.71,95.00,122.50,155.00,100.20,128.50,147.40,109.60,120.50,144.00
2023-01-01,-104.29,54.71,97.90,127.00,146.50,110.30,125.00,143.00,109.30,127.00,148.10
2024-01-01,-104.29,54.71,99.90,114.50,145.10,93.20,119.50,141.70,112.60,124.00,148.00
2025-01-01,-104.29,54.71,105.60,125.50,139.70,99.30,120.00,140.00,111.40,127.50,142.70
2026-01-01,-104.29,54.71,104.30,119.00,147.50,108.00,123.00,143.00,109.80,128.00,144.70
2027-01-01,-104.29,54.71,105.30,124.00,148.00,108.00,127.50,142.10,114.00,126.50,149.90
2028-01-01,-104.29,54.71,100.50,122.00,144.40,102.70,127.50,138.00,108.30,128.50,140.80
2029-01-01,-104.29,54.71,99.80,125.50,140.70,103.80,120.00,138.40,112.30,127.50,133.70
2030-01-01,-104.29,54.71,101.80,125.50,150.20,110.90,120.50,146.00,108.30,133.00,144.00
2031-01-01,-104.29,54.71,110.90,130.50,143.10,108.90,122.00,134.70,105.40,122.50,148.00
2032-01-01,-104.29,54.71,97.30,118.50,139.50,101.60,124.50,139.40,103.20,126.00,135.00
2033-01-01,-104.29,54.71,103.50,119.50,141.00,109.90,127.50,153.20,109.30,126.00,145.50
2034-01-01,-104.29,54.71,95.60,130.00,140.00,111.00,126.00,140.10,114.00,128.00,144.00
2035-01-01,-104.29,54.71,107.60,118.50,145.70,105.20,127.00,142.40,107.60,130.50,144.10
2036-01-01,-104.29,54.71,109.20,130.00,141.40,103.30,117.50,148.70,111.30,127.50,144.90
2037-01-01,-104.29,54.71,97.40,131.00,150.00,96.90,118.50,138.40,106.50,127.50,149.80
2038-01-01,-104.29,54.71,104.50,130.00,146.10,83.10,120.50,141.00,102.30,128.50,157.60
2039-01-01,-104.29,54.71,108.30,124.50,142.40,85.40,124.00,142.20,104.30,125.00,156.80
2040-01-01,-104.29,54.71,101.40,116.00,147.70,101.20,128.50,151.40,110.80,130.00,149.00
2041-01-01,-104.29,54.71,104.00,123.00,135.70,110.50,132.50,144.70,104.30,125.50,164.60
2042-01-01,-104.29,54.71,108.70,129.50,151.30,104.40,129.50,144.50,115.10,136.00,156.80
2043-01-01,-104.29,54.71,104.00,119.00,139.70,90.90,124.00,147.70,118.10,135.00,157.50
2044-01-01,-104.29,54.71,90.80,114.50,142.60,112.60,133.50,156.10,112.30,131.50,160.10
2045-01-01,-104.29,54.71,104.00,125.50,143.40,110.40,132.00,148.10,98.20,134.50,155.20
2046-01-01,-104.29,54.71,107.30,124.00,143.80,110.30,124.00,147.60,112.80,137.50,159.60
2047-01-01,-104.29,54.71,100.30,129.50,145.90,98.60,132.00,148.00,109.00,136.50,161.80
2048-01-01,-104.29,54.71,104.90,121.50,147.40,110.00,130.50,156.80,106.20,135.50,153.90
2049-01-01,-104.29,54.71,104.60,125.00,146.20,104.60,126.50,144.40,116.20,134.50,157.00
2050-01-01,-104.29,54.71,99.60,126.50,145.00,114.20,137.00,154.80,125.30,137.50,152.10
2051-01-01,-104.29,54.71,101.90,124.00,146.60,110.30,130.50,154.00,111.60,143.50,167.70
2052-01-01,-104.29,54.71,115.30,129.50,147.80,107.30,130.00,149.00,121.30,136.50,168.00
2053-01-01,-104.29,54.71,103.20,128.00,143.80,103.60,130.50,144.80,116.30,144.00,163.40
2054-01-01,-104.29,54.71,94.10,124.50,144.70,106.30,136.00,150.10,121.60,130.50,166.60
2055-01-01,-104.29,54.71,103.00,125.00,138.00,112.50,137.00,157.00,116.80,143.50,158.70
2056-01-01,-104.29,54.71,105.90,128.50,150.40,107.30,132.50,148.70,116.80,145.50,164.40
2057-01-01,-104.29,54.71,105.00,125.50,134.00,113.00,130.00,151.80,122.20,144.00,159.70
2058-01-01,-104.29,54.71,113.30,129.00,154.70,110.20,130.50,153.10,121.30,140.50,166.10
2059-01-01,-104.29,54.71,110.50,128.50,150.70,109.50,130.50,159.80,126.60,142.50,166.90
2060-01-01,-104.29,54.71,104.60,130.50,154.20,113.30,131.50,162.70,111.00,139.00,162.90
2061-01-01,-104.29,54.71,111.00,128.50,154.40,109.00,129.50,151.00,119.50,142.00,168.60
2062-01-01,-104.29,54.71,99.80,123.00,139.00,114.30,137.50,157.80,124.70,141.00,162.00
2063-01-01,-104.29,54.71,101.50,124.50,151.70,108.40,132.00,152.80,115.30,146.50,169.10
2064-01-01,-104.29,54.71,108.20,130.50,146.40,107.30,132.50,157.50,108.90,148.50,166.00
2065-01-01,-104.29,54.71,104.00,127.00,154.30,112.60,133.50,156.50,130.00,138.00,172.80
2066-01-01,-104.29,54.71,102.40,124.00,143.10,112.50,130.50,152.20,126.90,144.00,177.10
2067-01-01,-104.29,54.71,101.30,116.00,136.40,114.60,132.00,149.50,121.90,144.50,172.10
2068-01-01,-104.29,54.71,99.80,123.50,147.20,118.90,129.50,144.00,132.50,148.50,159.70
2069-01-01,-104.29,54.71,109.90,128.00,147.40,115.60,134.50,155.40,120.00,141.00,163.70
2070-01-01,-104.29,54.71,107.40,128.00,152.70,114.90,128.00,160.70,132.30,152.00,178.10
2071-01-01,-104.29,54.71,102.40,126.00,145.00,122.30,136.00,162.10,128.30,153.00,179.40
2072-01-01,-104.29,54.71,106.00,121.50,143.70,122.60,137.50,169.20,122.30,150.50,172.70
2073-01-01,-104.29,54.71,102.30,118.00,139.70,112.00,134.00,164.80,131.20,156.50,178.20
2074-01-01,-104.29,54.71,102.70,121.50,144.10,119.00,135.00,166.10,133.40,156.00,188.00
2075-01-01,-104.29,54.71,107.90,126.00,147.40,120.90,139.00,156.00,127.60,153.50,186.00
2076-01-01,-104.29,54.71,106.60,128.00,154.50,111.30,129.00,164.20,132.30,157.50,189.00
2077-01-01,-104.29,54.71,100.50,118.00,145.60,108.70,135.50,171.00,134.00,154.00,181.70
2078-01-01,-104.29,54.71,106.20,122.50,157.70,110.20,134.50,164.80,128.30,158.00,175.70
2079-01-01,-104.29,54.71,111.00,127.00,155.00,118.00,129.00,169.10,134.30,160.50,181.70
2080-01-01,-104.29,54.71,105.20,120.50,152.70,107.20,140.00,158.40,137.80,157.50,174.10
2081-01-01,-104.29,54.71,105.60,124.00,144.10,116.50,137.00,162.20,133.00,153.00,183.40
2082-01-01,-104.29,54.71,106.00,123.50,152.70,116.10,137.50,161.40,130.60,162.00,195.40
2083-01-01,-104.29,54.71,106.50,123.00,150.70,100.00,134.50,167.70,125.00,159.00,187.00
2084-01-01,-104.29,54.71,104.30,118.50,149.40,111.00,147.00,164.70,130.60,145.00,184.00
2085-01-01,-104.29,54.71,104.30,118.50,140.70,125.90,137.00,162.90,140.30,161.50,190.30
2086-01-01,-104.29,54.71,93.60,132.00,148.10,121.60,132.00,154.80,132.30,161.00,187.10
2087-01-01,-104.29,54.71,100.10,119.50,150.70,108.60,131.00,159.50,138.00,159.00,182.10
2088-01-01,-104.29,54.71,105.40,132.50,147.40,115.60,138.50,163.10,137.00,158.00,184.40
2089-01-01,-104.29,54.71,117.00,125.50,155.50,124.60,144.00,163.50,134.90,157.50,197.70
2090-01-01,-104.29,54.71,106.00,125.50,149.20,108.60,127.00,166.70,134.60,159.50,175.90
2091-01-01,-104.29,54.71,97.10,130.00,146.10,115.00,131.00,151.00,142.50,156.00,188.70
2092-01-01,-104.29,54.71,106.60,126.00,148.10,107.80,131.50,157.80,133.10,168.00,190.10
2093-01-01,-104.29,54.71,108.50,128.00,151.00,109.60,133.50,163.90,150.60,165.50,194.70
2094-01-01,-104.29,54.71,108.90,132.50,155.00,114.30,130.50,163.50,148.30,160.00,197.20
2095-01-01,-104.29,54.71,106.60,128.00,156.40,110.30,129.50,160.90,137.10,157.00,181.90
2096-01-01,-104.29,54.71,105.30,134.00,142.70,111.80,136.00,168.50,147.30,167.00,184.50
2097-01-01,-104.29,54.71,110.20,128.00,146.10,110.30,130.00,156.60,151.90,174.00,200.40
2098-01-01,-104.29,54.71,112.20,126.50,150.70,113.30,135.50,160.80,134.30,162.50,195.50
2099-01-01,-104.29,54.71,111.30,131.50,143.00,110.50,135.50,164.40,142.20,174.00,194.00
2100-01-01,-104.29,54.71,101.30,123.50,150.70,119.50,134.00,163.50,139.60,165.50,201.40
1950-01-01,-105.88,54.79,80.30,109.50,133.70,80.30,110.00,133.70,80.30,109.50,133.70
1951-01-01,-105.88,54.79,91.90,110.50,136.90,91.90,110.50,136.90,91.90,110.50,136.90
1952-01-01,-105.88,54.79,90.90,113.00,127.70,90.90,114.00,132.20,90.90,114.00,132.20
1953-01-01,-105.88,54.79,93.90,107.00,129.00,96.60,107.00,126.60,96.90,107.00,126.60
1954-01-01,-105.88,54.79,83.00,106.50,127.10,83.00,106.50,127.10,83.00,106.50,130.10
1955-01-01,-105.88,54.79,88.30,106.50,135.60,88.00,106.50,135.60,88.60,106.50,135.60
1956-01-01,-105.88,54.79,93.20,109.00,125.90,92.00,107.50,125.90,91.30,107.50,125.90
1957-01-01,-105.88,54.79,90.30,116.50,130.10,90.30,116.50,130.10,90.30,116.50,130.10
1958-01-01,-105.88,54.79,90.10,111.00,125.70,93.60,111.50,125.70,95.30,111.50,125.70
1959-01-01,-105.88,54.79,86.20,108.00,120.40,86.20,109.00,120.40,86.20,109.50,121.00
1960-01-01,-105.88,54.79,85.30,113.00,131.10,85.30,114.50,131.10,85.30,114.50,131.10
1961-01-01,-105.88,54.79,91.00,115.00,139.40,91.30,114.00,139.40,91.30,114.00,132.90
1962-01-01,-105.88,54.79,96.30,118.00,131.10,96.30,118.00,131.10,96.30,116.50,131.10
1963-01-01,-105.88,54.79,86.50,111.00,125.10,87.20,111.50,125.80,87.20,111.50,125.80
1964-01-01,-105.88,54.79,78.30,100.50,116.50,78.30,100.00,116.50,78.30,100.00,116.50
1965-01-01,-105.88,54.79,98.30,111.00,125.80,98.30,111.00,126.10,98.30,111.00,126.40
1966-01-01,-105.88,54.79,92.90,110.00,129.70,95.00,110.00,129.70,92.90,110.00,129.70
1967-01-01,-105.88,54.79,89.00,109.50,134.00,89.00,109.50,134.10,85.50,109.50,134.70
1968-01-01,-105.88,54.79,84.90,112.50,125.00,84.90,112.50,125.00,85.20,112.50,125.00
1969-01-01,-105.88,54.79,85.90,102.00,125.50,85.90,101.50,125.50,85.90,101.50,125.50
1970-01-01,-105.88,54.79,93.90,110.00,126.00,92.30,110.00,126.00,93.60,110.50,126.00
1971-01-01,-105.88,54.79,93.60,111.50,128.80,93.60,111.50,128.80,93.60,111.50,128.80
1972-01-01,-105.88,54.79,89.60,104.00,124.40,89.60,106.50,129.40,89.60,104.50,127.10
1973-01-01,-105.88,54.79,89.30,104.50,128.70,89.30,104.50,128.70,89.30,105.00,128.70
1974-01-01,-105.88,54.79,90.90,109.50,123.70,90.90,108.50,123.70,90.90,107.00,123.70
1975-01-01,-105.88,54.79,90.60,108.50,130.70,89.90,108.50,130.70,89.90,108.50,130.70
1976-01-01,-105.88,54.79,82.30,108.00,127.10,82.30,108.00,129.40,82.30,108.00,127.40
1977-01-01,-105.88,54.79,100.90,109.50,133.80,100.90,109.50,133.80,100.90,109.50,133.80
1978-01-01,-105.88,54.79,94.30,110.50,121.70,94.30,110.50,121.70,90.80,110.50,121.00
1979-01-01,-105.88,54.79,100.90,111.00,125.70,100.90,111.00,125.70,100.90,111.00,125.70
1980-01-01,-105.88,54.79,99.90,112.00,121.00,99.90,112.00,125.90,99.90,112.00,126.60
1981-01-01,-105.88,54.79,91.60,107.00,129.10,91.60,107.00,129.40,91.60,107.50,129.40
1982-01-01,-105.88,54.79,89.20,108.50,134.80,89.20,108.50,134.80,89.20,108.50,134.80
1983-01-01,-105.88,54.79,75.80,105.50,129.10,76.10,105.50,129.10,76.10,105.00,129.10
1984-01-01,-105.88,54.79,98.30,115.50,131.80,98.30,115.50,129.70,98.00,114.50,129.70
1985-01-01,-105.88,54.79,92.30,108.50,120.80,85.70,108.50,120.80,85.70,108.50,120.50
1986-01-01,-105.88,54.79,87.60,113.50,130.70,87.60,114.00,130.70,87.60,110.50,130.70
1987-01-01,-105.88,54.79,96.00,109.00,129.70,96.30,108.50,129.70,96.30,109.00,129.70
1988-01-01,-105.88,54.79,104.50,120.50,136.50,105.70,124.00,136.50,105.70,123.00,136.50
1989-01-01,-105.88,54.79,95.10,116.50,136.10,95.10,115.00,136.10,94.20,115.00,133.40
1990-01-01,-105.88,54.79,94.90,109.50,127.10,97.00,109.50,127.10,97.00,109.50,127.40
1991-01-01,-105.88,54.79,95.80,113.50,130.10,95.80,115.50,130.10,95.80,115.50,128.70
1992-01-01,-105.88,54.79,93.30,115.00,127.10,93.30,117.00,127.10,93.30,113.50,128.70
1993-01-01,-105.88,54.79,95.50,119.00,129.70,95.50,119.50,129.70,88.40,118.50,129.70
1994-01-01,-105.88,54.79,88.50,116.00,135.70,88.50,116.00,135.70,88.50,116.00,135.70
1995-01-01,-105.88,54.79,93.40,113.00,134.70,99.90,117.50,133.10,99.90,115.00,134.70
1996-01-01,-105.88,54.79,99.30,123.00,135.10,102.40,123.00,135.10,102.40,123.00,135.10
1997-01-01,-105.88,54.79,104.30,118.00,132.10,105.30,118.00,132.10,105.30,120.00,132.10
1998-01-01,-105.88,54.79,97.90,115.50,128.80,97.90,116.00,128.80,97.90,116.00,128.80
1999-01-01,-105.88,54.79,92.30,124.00,136.50,92.30,124.00,136.50,92.30,124.00,136.50
2000-01-01,-105.88,54.79,98.30,118.50,139.10,98.30,119.00,139.80,98.30,118.50,139.10
2001-01-01,-105.88,54.79,105.00,122.50,137.00,105.00,122.50,137.00,105.00,122.50,137.00
2002-01-01,-105.88,54.79,95.00,118.50,133.40,95.00,118.50,132.80,94.30,118.50,132.80
2003-01-01,-105.88,54.79,102.20,123.50,137.70,94.70,123.50,137.70,106.20,123.50,137.70
2004-01-01,-105.88,54.79,105.60,123.00,136.40,102.90,125.00,135.40,105.60,122.50,134.70
2005-01-01,-105.88,54.79,103.60,120.00,131.80,103.60,120.00,133.80,102.30,120.00,131.70
2006-01-01,-105.88,54.79,103.80,118.00,140.20,99.00,121.00,141.20,92.00,112.00,127.00
2007-01-01,-105.88,54.79,87.30,118.00,139.70,101.00,113.50,136.10,98.90,112.50,134.50
2008-01-01,-105.88,54.79,102.40,121.00,133.60,101.00,119.00,129.70,94.00,118.50,139.40
2009-01-01,-105.88,54.79,94.50,116.00,136.50,97.30,123.50,141.80,97.30,121.00,145.00
2010-01-01,-105.88,54.79,101.90,122.50,138.70,98.20,114.50,140.50,94.70,118.50,142.10
2011-01-01,-105.88,54.79,109.30,126.50,138.70,108.20,122.00,136.40,101.60,116.50,142.00
2012-01-01,-105.88,54.79,100.00,115.50,136.30,101.90,123.00,135.40,112.30,121.50,146.70
2013-01-01,-105.88,54.79,104.20,121.50,138.80,99.60,120.50,135.70,105.50,130.50,144.00
2014-01-01,-105.88,54.79,92.60,116.50,149.70,113.60,128.00,141.10,110.60,127.00,146.70
2015-01-01,-105.88,54.79,102.60,126.00,136.70,99.10,118.00,141.80,104.80,122.00,148.40
2016-01-01,-105.88,54.79,110.00,127.00,144.30,102.50,120.00,140.50,107.20,126.50,137.80
2017-01-01,-105.88,54.79,102.60,132.50,158.90,98.40,116.50,136.70,103.10,125.00,136.70
2018-01-01,-105.88,54.79,103.90,126.50,145.70,104.30,126.00,147.50,103.40,121.50,137.10
2019-01-01,-105.88,54.79,103.80,128.00,141.10,107.60,119.50,149.60,103.60,128.50,149.70
2020-01-01,-105.88,54.79,111.60,130.00,144.10,94.40,127.00,140.40,106.10,124.50,146.80
2021-01-01,-105.88,54.79,101.80,120.00,149.10,105.30,129.50,150.50,102.40,128.50,138.40
2022-01-01,-105.88,54.79,105.30,127.00,156.00,107.40,135.50,148.70,110.60,123.50,146.40
2023-01-01,-105.88,54.79,112.10,132.50,150.70,110.60,130.50,154.20,108.20,127.00,150.10
2024-01-01,-105.88,54.79,105.00,120.50,147.40,94.10,127.50,152.40,115.90,128.50,149.70
2025-01-01,-105.88,54.79,104.30,127.00,148.00,102.40,122.00,141.00,118.30,130.50,146.00
2026-01-01,-105.88,54.79,105.60,129.00,148.90,110.60,124.50,146.50,116.60,131.00,149.70
2027-01-01,-105.88,54.79,106.30,127.00,151.50,105.90,129.00,145.70,117.50,129.50,156.40
2028-01-01,-105.88,54.79,106.50,127.00,146.40,109.30,126.50,147.50,114.60,125.50,143.40
2029-01-01,-105.88,54.79,108.00,127.00,145.50,108.60,124.00,140.00,120.60,132.50,142.20
2030-01-01,-105.88,54.79,115.30,128.00,157.60,114.00,129.00,154.70,112.30,135.50,144.00
2031-01-01,-105.88,54.79,111.90,133.50,151.70,112.20,129.00,147.70,111.30,125.50,146.80
2032-01-01,-105.88,54.79,97.30,119.00,140.10,103.00,128.50,154.60,108.30,127.00,135.00
2033-01-01,-105.88,54.79,104.50,127.50,145.70,112.60,132.50,155.90,114.00,130.50,148.40
2034-01-01,-105.88,54.79,102.00,128.00,142.00,113.30,128.00,143.10,115.20,132.50,146.00
2035-01-01,-105.88,54.79,108.90,133.00,154.40,110.40,131.00,148.40,116.30,131.00,143.70
2036-01-01,-105.88,54.79,114.00,136.50,145.80,113.90,129.50,151.40,112.30,131.50,146.40
2037-01-01,-105.88,54.79,110.20,135.00,156.10,101.50,118.00,142.50,110.30,136.00,151.70
2038-01-01,-105.88,54.79,104.50,129.00,155.00,104.80,127.50,146.70,118.50,131.00,162.40
2039-01-01,-105.88,54.79,109.20,128.00,143.40,108.90,125.50,152.40,108.30,127.00,157.80
2040-01-01,-105.88,54.79,101.10,123.00,156.10,105.90,135.50,168.90,115.00,139.00,149.70
2041-01-01,-105.88,54.79,110.10,131.00,145.70,121.00,136.00,149.00,116.30,128.00,172.00
2042-01-01,-105.88,54.79,115.60,131.00,161.50,113.90,131.00,149.50,123.60,141.00,157.70
2043-01-01,-105.88,54.79,113.30,127.50,151.10,95.90,129.50,148.40,123.30,136.50,165.90
2044-01-01,-105.88,54.79,106.00,123.50,146.40,113.60,137.50,162.70,121.60,141.50,168.50
2045-01-01,-105.88,54.79,105.00,125.00,140.70,118.40,135.50,155.40,115.30,145.00,160.70
2046-01-01,-105.88,54.79,107.30,128.50,152.50,111.30,131.50,154.40,118.60,141.50,164.40
2047-01-01,-105.88,54.79,105.20,131.50,151.80,114.60,132.00,154.80,111.90,139.50,158.70
2048-01-01,-105.88,54.79,109.10,129.50,147.70,111.80,135.00,156.20,123.30,139.00,167.10
2049-01-01,-105.88,54.79,106.00,135.50,151.20,104.50,131.00,148.00,123.30,142.50,166.50
2050-01-01,-105.88,54.79,100.90,132.00,147.40,121.20,136.50,158.70,125.60,143.00,160.10
2051-01-01,-105.88,54.79,109.50,130.00,154.70,113.00,142.00,160.90,120.30,145.00,173.50
2052-01-01,-105.88,54.79,121.00,131.50,156.70,101.70,130.50,153.20,121.60,146.50,170.90
2053-01-01,-105.88,54.79,112.80,129.50,150.70,99.70,133.50,158.00,125.20,144.50,160.30
2054-01-01,-105.88,54.79,107.90,125.50,144.70,105.00,135.00,152.40,121.60,136.50,171.90
2055-01-01,-105.88,54.79,96.90,128.50,149.20,101.80,137.00,161.40,125.90,143.50,161.40
2056-01-01,-105.88,54.79,112.50,131.50,160.10,107.60,138.00,154.70,118.80,147.50,169.50
2057-01-01,-105.88,54.79,106.00,127.00,142.40,113.30,134.00,167.30,133.30,146.50,164.80
2058-01-01,-105.88,54.79,120.00,132.00,162.20,115.00,132.50,157.50,121.30,141.00,162.20
2059-01-01,-105.88,54.79,114.30,134.00,156.70,112.30,138.50,160.70,125.90,144.50,171.40
2060-01-01,-105.88,54.79,114.60,132.50,159.00,120.60,142.00,168.50,125.60,141.50,166.40
2061-01-01,-105.88,54.79,112.20,135.00,154.40,121.00,141.50,159.80,119.00,148.00,176.10
2062-01-01,-105.88,54.79,99.50,129.00,146.40,120.60,140.00,157.80,128.20,145.50,165.10
2063-01-01,-105.88,54.79,109.70,131.00,157.70,115.60,139.00,161.70,116.00,154.00,174.80
2064-01-01,-105.88,54.79,110.20,131.50,149.40,115.60,134.00,165.90,118.30,154.00,180.00
2065-01-01,-105.88,54.79,103.60,130.00,157.10,122.00,137.50,163.40,130.00,142.00,176.30
2066-01-01,-105.88,54.79,113.00,129.00,145.40,121.20,127.50,154.70,134.00,149.00,188.80
2067-01-01,-105.88,54.79,112.30,132.00,141.10,119.60,134.50,168.00,124.20,152.00,186.20
2068-01-01,-105.88,54.79,108.60,123.00,158.10,120.60,134.00,159.70,134.20,158.00,167.00
2069-01-01,-105.88,54.79,109.00,129.50,145.30,115.60,139.50,157.00,129.00,153.50,173.70
2070-01-01,-105.88,54.79,106.20,127.00,156.10,110.50,139.00,164.10,131.60,158.00,181.10
2071-01-01,-105.88,54.79,120.90,136.50,157.70,121.60,134.50,169.30,137.00,156.50,183.00
2072-01-01,-105.88,54.79,105.70,122.50,154.20,117.60,142.50,174.70,132.80,155.50,175.50
2073-01-01,-105.88,54.79,104.00,122.50,155.80,112.00,144.50,176.80,136.40,158.50,186.80
2074-01-01,-105.88,54.79,108.90,122.00,147.80,119.00,135.50,173.10,135.30,165.00,195.50
2075-01-01,-105.88,54.79,107.00,130.00,150.10,122.30,141.50,165.40,137.50,161.50,188.80
2076-01-01,-105.88,54.79,107.20,136.50,157.00,119.20,130.50,163.40,138.50,163.00,196.90
2077-01-01,-105.88,54.79,100.90,127.50,149.10,115.30,139.00,171.90,134.60,156.50,184.20
2078-01-01,-105.88,54.79,110.00,129.50,158.00,115.30,139.00,167.40,145.50,170.00,181.40
2079-01-01,-105.88,54.79,116.30,131.50,154.10,118.00,136.00,176.90,141.30,165.50,183.00
2080-01-01,-105.88,54.79,108.00,123.00,149.10,110.00,141.00,161.10,142.60,161.00,180.20
2081-01-01,-105.88,54.79,102.20,129.50,147.10,124.30,138.00,160.10,145.10,167.00,185.50
2082-01-01,-105.88,54.79,117.30,129.00,153.70,119.90,138.00,167.80,135.70,168.00,196.40
2083-01-01,-105.88,54.79,110.30,130.00,151.40,110.30,141.50,169.00,140.00,163.00,193.20
2084-01-01,-105.88,54.79,105.60,123.50,156.00,121.30,149.00,171.80,130.60,155.50,189.20
2085-01-01,-105.88,54.79,106.20,129.00,151.10,126.20,137.50,167.10,143.50,171.00,193.00
2086-01-01,-105.88,54.79,93.60,133.00,149.10,123.60,141.50,162.30,136.70,168.50,194.30
2087-01-01,-105.88,54.79,99.40,126.50,162.50,111.50,138.50,163.10,137.60,162.50,191.30
2088-01-01,-105.88,54.79,113.20,133.00,154.00,118.60,143.00,171.90,141.00,164.50,187.80
2089-01-01,-105.88,54.79,121.00,134.50,155.00,125.80,146.00,166.40,150.20,164.50,205.70
2090-01-01,-105.88,54.79,110.60,126.50,151.10,113.00,138.50,167.00,143.90,162.50,180.80
2091-01-01,-105.88,54.79,104.00,137.50,149.40,123.30,138.50,158.60,147.50,174.50,194.90
2092-01-01,-105.88,54.79,102.20,126.50,148.10,116.50,133.00,168.90,140.00,172.00,194.40
2093-01-01,-105.88,54.79,113.30,133.00,151.70,116.60,138.00,169.10,147.20,172.00,196.70
2094-01-01,-105.88,54.79,100.00,132.00,160.50,115.30,135.50,170.50,150.30,168.50,197.40
2095-01-01,-105.88,54.79,106.60,129.00,159.50,119.30,136.00,173.40,151.90,163.50,201.00
2096-01-01,-105.88,54.79,109.30,138.00,145.80,117.30,142.00,175.90,152.30,173.00,186.00
2097-01-01,-105.88,54.79,111.10,129.00,147.40,113.00,143.50,171.10,152.80,176.00,203.40
2098-01-01,-105.88,54.79,113.90,129.50,154.20,124.90,140.50,165.40,136.20,166.50,199.80
2099-01-01,-105.88,54.79,108.90,136.00,152.10,118.80,144.50,162.60,147.80,180.00,205.40
2100-01-01,-105.88,54.79,101.60,123.50,151.00,119.60,137.00,179.70,152.30,176.00,207.20
1950-01-01,-106.04,55.21,81.20,111.00,137.50,81.20,111.00,137.50,81.20,111.00,137.50
1951-01-01,-106.04,55.21,91.90,112.00,139.70,91.90,112.00,139.70,91.90,112.00,139.70
1952-01-01,-106.04,55.21,90.90,115.00,126.70,90.90,115.00,132.60,90.90,115.00,132.60
1953-01-01,-106.04,55.21,94.20,109.00,131.80,97.60,109.00,131.80,97.60,110.50,131.80
1954-01-01,-106.04,55.21,85.70,110.50,126.80,87.80,110.50,126.80,87.80,110.50,130.10
1955-01-01,-106.04,55.21,88.60,108.50,144.50,88.60,109.00,144.50,88.60,109.00,144.50
1956-01-01,-106.04,55.21,93.50,111.00,127.70,92.00,110.50,127.70,92.50,111.00,127.70
1957-01-01,-106.04,55.21,87.20,116.50,130.80,87.20,116.50,130.80,87.20,116.50,130.80
1958-01-01,-106.04,55.21,88.70,112.00,126.00,90.10,112.00,126.00,96.90,114.00,128.10
1959-01-01,-106.04,55.21,88.60,103.50,120.70,88.60,104.00,120.70,88.60,109.00,121.70
1960-01-01,-106.04,55.21,87.50,115.50,134.80,87.50,115.00,134.80,87.50,115.50,134.80
1961-01-01,-106.04,55.21,91.00,114.50,139.40,91.30,114.50,139.40,91.30,114.50,132.90
1962-01-01,-106.04,55.21,94.60,120.00,132.00,94.60,120.00,132.00,94.60,118.00,132.00
1963-01-01,-106.04,55.21,89.90,110.00,125.80,89.60,110.00,125.80,89.00,110.00,125.80
1964-01-01,-106.04,55.21,78.00,101.50,119.00,78.00,101.50,119.00,78.00,101.50,119.00
1965-01-01,-106.04,55.21,93.00,112.50,126.70,92.70,112.50,126.70,94.40,112.50,126.70
1966-01-01,-106.04,55.21,95.00,114.50,133.50,95.00,114.50,133.50,95.00,114.50,133.50
1967-01-01,-106.04,55.21,92.90,116.00,141.00,92.90,116.00,141.00,90.60,113.00,141.30
1968-01-01,-106.04,55.21,86.60,116.00,128.40,86.60,116.00,128.40,86.60,118.50,128.40
1969-01-01,-106.04,55.21,89.90,103.00,128.00,89.90,103.00,128.00,89.90,104.00,128.00
1970-01-01,-106.04,55.21,93.60,110.00,126.70,91.60,110.00,126.70,93.60,110.50,126.70
1971-01-01,-106.04,55.21,94.30,113.00,128.80,94.30,113.00,128.80,94.30,113.00,131.40
1972-01-01,-106.04,55.21,91.60,110.50,133.70,93.40,112.00,134.90,93.40,110.50,133.70
1973-01-01,-106.04,55.21,89.30,105.50,129.00,89.30,105.50,129.00,89.30,109.50,129.00
1974-01-01,-106.04,55.21,93.10,111.50,131.00,93.10,112.50,131.00,95.20,111.00,131.00
1975-01-01,-106.04,55.21,80.20,109.50,131.00,79.80,109.50,131.00,79.80,109.50,131.00
1976-01-01,-106.04,55.21,78.80,110.00,128.00,78.80,110.00,129.40,78.80,110.00,128.00
1977-01-01,-106.04,55.21,101.60,119.50,137.80,101.60,117.00,137.80,101.60,119.00,137.80
1978-01-01,-106.04,55.21,95.60,110.50,123.40,95.90,110.50,123.40,95.90,111.00,123.40
1979-01-01,-106.04,55.21,100.90,112.50,131.20,100.90,112.50,130.50,100.90,112.50,130.50
1980-01-01,-106.04,55.21,99.90,113.00,123.80,99.90,113.00,127.10,99.90,113.00,127.80
1981-01-01,-106.04,55.21,86.10,105.50,132.10,86.10,106.50,132.10,86.10,106.50,132.10
1982-01-01,-106.04,55.21,93.00,112.50,133.60,92.40,112.50,133.60,92.40,112.50,134.80
1983-01-01,-106.04,55.21,88.70,111.00,132.10,88.10,111.00,132.10,88.10,111.00,132.10
1984-01-01,-106.04,55.21,98.30,116.50,133.70,98.30,117.50,133.70,98.00,116.50,133.00
1985-01-01,-106.04,55.21,93.00,107.00,121.50,93.30,107.00,121.50,86.70,107.00,123.00
1986-01-01,-106.04,55.21,87.90,114.50,130.70,87.90,114.00,130.70,87.90,114.00,130.70
1987-01-01,-106.04,55.21,97.60,111.50,130.00,97.60,111.00,130.00,97.60,109.50,130.00
1988-01-01,-106.04,55.21,104.10,127.50,143.80,104.80,128.50,145.70,104.80,125.00,143.80
1989-01-01,-106.04,55.21,93.30,117.50,136.10,93.30,117.50,136.10,93.30,117.50,133.40
1990-01-01,-106.04,55.21,96.40,111.00,127.40,96.40,114.00,127.40,97.10,111.50,127.40
1991-01-01,-106.04,55.21,94.60,115.00,131.00,97.20,116.50,130.70,95.80,116.50,130.70
1992-01-01,-106.04,55.21,102.20,115.50,132.20,102.20,115.50,132.20,102.20,115.50,133.70
1993-01-01,-106.04,55.21,99.60,116.50,131.40,101.00,113.00,129.40,99.60,113.00,129.70
1994-01-01,-106.04,55.21,94.10,118.00,135.70,94.10,118.00,135.70,94.10,118.00,135.70
1995-01-01,-106.04,55.21,102.30,116.00,134.00,102.30,118.50,133.70,102.30,118.00,136.10
1996-01-01,-106.04,55.21,103.10,124.00,137.40,103.10,124.00,137.40,103.10,124.00,137.40
1997-01-01,-106.04,55.21,103.60,121.50,133.70,103.60,121.50,133.70,103.60,121.50,133.70
1998-01-01,-106.04,55.21,99.30,116.00,132.40,99.30,116.00,132.40,99.30,116.00,132.40
1999-01-01,-106.04,55.21,104.30,126.00,137.70,95.60,124.00,133.70,95.60,125.00,136.10
2000-01-01,-106.04,55.21,98.30,123.50,141.90,99.00,123.50,141.90,99.00,123.50,141.90
2001-01-01,-106.04,55.21,104.30,119.50,136.70,104.30,119.50,136.70,104.30,119.50,136.70
2002-01-01,-106.04,55.21,95.00,118.50,133.40,92.90,118.50,133.10,93.60,118.50,133.10
2003-01-01,-106.04,55.21,101.90,126.50,138.00,102.20,126.50,138.00,106.20,128.00,138.00
2004-01-01,-106.04,55.21,105.30,122.50,139.00,105.30,125.00,136.70,105.30,125.00,138.40
2005-01-01,-106.04,55.21,110.00,122.00,133.00,110.00,122.00,132.80,106.50,121.50,133.70
2006-01-01,-106.04,55.21,106.20,119.50,140.20,99.00,122.00,136.70,92.60,112.00,126.80
2007-01-01,-106.04,55.21,83.80,118.00,139.70,101.50,115.00,137.70,98.20,114.50,128.80
2008-01-01,-106.04,55.21,108.30,121.00,134.80,98.90,119.50,131.10,101.00,121.00,139.40
2009-01-01,-106.04,55.21,91.70,120.00,139.70,98.30,125.50,142.70,97.60,121.50,145.70
2010-01-01,-106.04,55.21,105.00,125.00,144.60,101.60,121.50,141.40,94.70,118.50,140.80
2011-01-01,-106.04,55.21,112.60,127.50,145.40,106.60,123.00,135.70,100.80,116.50,142.00
2012-01-01,-106.04,55.21,100.30,120.00,136.50,105.90,121.50,136.00,109.90,120.50,146.40
2013-01-01,-106.04,55.21,107.30,120.00,143.50,101.00,123.50,135.70,111.40,130.50,148.70
2014-01-01,-106.04,55.21,100.60,124.50,147.70,113.90,130.00,142.10,113.30,129.50,143.90
2015-01-01,-106.04,55.21,102.00,123.50,135.40,99.60,118.00,144.70,101.00,129.50,149.00
2016-01-01,-106.04,55.21,110.00,128.00,147.80,102.50,123.00,142.70,93.70,124.00,134.10
2017-01-01,-106.04,55.21,105.50,131.00,159.20,102.60,122.50,136.70,108.00,125.00,138.40
2018-01-01,-106.04,55.21,103.90,123.50,142.70,104.60,120.50,147.80,106.60,124.00,141.70
2019-01-01,-106.04,55.21,106.50,130.00,146.70,107.30,120.50,159.20,104.50,128.50,149.70
2020-01-01,-106.04,55.21,110.30,128.50,145.00,96.00,124.50,139.00,100.80,125.00,156.80
2021-01-01,-106.04,55.21,101.50,118.00,149.10,105.30,129.50,150.90,94.40,129.00,141.20
2022-01-01,-106.04,55.21,108.00,132.50,156.70,104.30,133.50,147.70,112.60,125.00,146.10
2023-01-01,-106.04,55.21,111.80,132.50,155.80,110.90,129.50,152.40,108.50,131.00,150.40
2024-01-01,-106.04,55.21,106.30,121.50,147.40,94.20,128.00,150.70,115.90,130.50,151.40
2025-01-01,-106.04,55.21,105.90,130.50,145.90,101.60,122.00,152.40,118.30,128.50,145.10
2026-01-01,-106.04,55.21,111.00,127.00,160.50,113.30,125.50,146.40,116.30,131.50,149.70
2027-01-01,-106.04,55.21,113.20,130.00,156.50,108.90,137.50,154.10,123.00,131.00,157.40
2028-01-01,-106.04,55.21,116.30,129.00,147.70,108.30,132.00,148.20,114.90,129.50,145.50
2029-01-01,-106.04,55.21,109.80,128.00,145.50,112.30,126.00,144.20,121.00,131.50,148.50
2030-01-01,-106.04,55.21,114.00,131.00,157.90,113.30,126.50,154.70,114.20,135.50,154.10
2031-01-01,-106.04,55.21,114.60,134.00,154.20,112.50,129.00,148.00,113.60,126.00,150.80
2032-01-01,-106.04,55.21,96.00,120.00,145.20,112.10,127.00,151.40,109.30,127.00,155.40
2033-01-01,-106.04,55.21,112.90,128.00,146.00,113.60,134.50,155.90,115.20,138.00,154.40
2034-01-01,-106.04,55.21,104.10,130.50,142.00,112.60,130.00,148.70,115.20,133.50,146.00
2035-01-01,-106.04,55.21,108.00,128.50,153.80,113.00,134.00,153.90,117.00,132.00,148.90
2036-01-01,-106.04,55.21,115.20,136.50,146.40,114.20,130.50,156.90,113.90,129.50,149.10
2037-01-01,-106.04,55.21,110.20,132.00,157.00,105.20,126.50,148.90,110.60,140.50,152.70
2038-01-01,-106.04,55.21,109.30,134.50,155.80,110.00,131.00,148.70,119.10,137.00,165.90
2039-01-01,-106.04,55.21,108.90,125.00,145.40,111.00,131.50,150.40,111.80,128.00,157.10
2040-01-01,-106.04,55.21,106.30,129.00,157.50,106.80,134.50,168.90,119.60,140.50,155.70
2041-01-01,-106.04,55.21,115.90,131.50,146.40,117.90,143.50,155.70,105.00,131.00,175.70
2042-01-01,-106.04,55.21,118.00,138.50,161.50,113.50,133.00,164.00,123.00,142.00,157.70
2043-01-01,-106.04,55.21,115.20,136.00,157.40,105.90,131.00,148.70,123.30,138.50,167.40
2044-01-01,-106.04,55.21,95.80,124.00,146.40,112.20,136.50,162.70,117.20,137.50,169.70
2045-01-01,-106.04,55.21,105.30,127.50,149.40,113.20,136.50,157.80,115.30,145.00,165.80
2046-01-01,-106.04,55.21,109.80,135.50,152.50,111.30,132.50,155.10,119.20,144.50,164.40
2047-01-01,-106.04,55.21,101.20,131.50,153.00,112.60,136.50,155.70,114.00,143.50,165.40
2048-01-01,-106.04,55.21,104.90,130.50,150.50,115.30,136.00,157.50,124.00,140.50,166.40
2049-01-01,-106.04,55.21,112.20,136.00,151.50,109.80,134.00,154.90,119.50,141.50,162.70
2050-01-01,-106.04,55.21,100.90,132.00,147.40,117.90,136.50,158.70,125.60,146.00,158.20
2051-01-01,-106.04,55.21,107.70,127.50,150.40,113.00,142.00,158.70,120.00,144.50,175.00
2052-01-01,-106.04,55.21,121.90,132.00,148.40,109.30,132.50,153.90,121.90,152.00,170.80
2053-01-01,-106.04,55.21,112.50,128.00,151.40,104.60,132.00,158.30,125.90,144.50,162.10
2054-01-01,-106.04,55.21,101.40,126.00,144.70,108.10,137.00,153.70,120.90,143.50,171.90
2055-01-01,-106.04,55.21,106.00,126.50,160.40,107.80,136.50,161.10,128.30,144.00,161.40
2056-01-01,-106.04,55.21,112.20,128.50,159.40,110.80,138.00,160.10,124.60,148.50,175.70
2057-01-01,-106.04,55.21,106.60,127.00,142.70,115.80,134.50,167.60,133.00,146.50,165.50
2058-01-01,-106.04,55.21,112.60,134.00,162.90,117.60,135.00,155.00,123.50,144.00,171.70
2059-01-01,-106.04,55.21,114.00,138.00,151.00,113.30,140.00,159.80,123.30,147.50,171.10
2060-01-01,-106.04,55.21,116.60,134.00,158.30,122.30,144.50,168.80,127.50,142.00,166.40
2061-01-01,-106.04,55.21,111.00,136.00,159.40,120.30,141.50,162.60,129.00,149.00,176.40
2062-01-01,-106.04,55.21,107.60,130.50,146.70,122.20,139.50,160.60,132.10,146.50,178.90
2063-01-01,-106.04,55.21,108.80,126.50,158.00,117.70,142.00,169.70,116.00,159.00,174.70
2064-01-01,-106.04,55.21,110.20,131.50,149.40,116.20,132.50,165.90,119.00,156.00,180.10
2065-01-01,-106.04,55.21,100.30,132.50,157.10,114.60,137.00,163.70,131.30,149.50,182.20
2066-01-01,-106.04,55.21,110.20,132.00,147.50,124.30,132.50,155.70,134.30,154.00,185.50
2067-01-01,-106.04,55.21,113.00,134.00,145.50,121.60,135.50,170.80,124.20,152.50,186.20
2068-01-01,-106.04,55.21,108.60,126.50,162.50,117.20,137.00,160.40,134.20,160.00,172.80
2069-01-01,-106.04,55.21,107.90,133.00,158.20,116.50,140.50,161.90,134.60,157.00,179.60
2070-01-01,-106.04,55.21,109.30,127.00,158.40,110.50,143.00,165.70,131.60,158.00,184.60
2071-01-01,-106.04,55.21,112.00,132.50,146.40,123.00,137.00,168.60,134.20,156.50,182.10
2072-01-01,-106.04,55.21,104.60,124.00,158.70,118.20,146.50,174.80,137.00,159.00,174.80
2073-01-01,-106.04,55.21,101.60,127.50,161.40,119.00,143.00,176.80,135.20,159.50,186.80
2074-01-01,-106.04,55.21,111.90,124.50,155.70,121.50,138.50,173.80,137.40,166.00,194.50
2075-01-01,-106.04,55.21,107.30,132.50,148.40,116.30,138.00,156.10,134.30,157.50,188.80
2076-01-01,-106.04,55.21,112.10,139.00,160.20,116.60,130.50,165.60,139.50,163.00,196.90
2077-01-01,-106.04,55.21,104.60,129.00,145.80,121.90,141.50,173.60,134.30,163.00,190.20
2078-01-01,-106.04,55.21,105.80,130.00,159.40,115.30,138.50,169.40,141.90,173.00,188.40
2079-01-01,-106.04,55.21,116.30,132.00,154.10,117.30,136.00,177.80,138.50,162.50,176.70
2080-01-01,-106.04,55.21,108.90,128.50,153.00,111.90,141.50,157.70,148.90,165.50,181.70
2081-01-01,-106.04,55.21,105.60,131.50,149.40,125.30,138.50,171.40,150.00,165.00,187.70
2082-01-01,-106.04,55.21,114.90,130.50,152.70,119.90,142.00,169.00,141.80,165.50,197.00
2083-01-01,-106.04,55.21,111.00,130.50,152.70,115.30,142.50,173.20,140.00,164.00,193.20
2084-01-01,-106.04,55.21,108.50,124.50,156.20,110.30,152.00,171.80,130.60,155.00,188.90
2085-01-01,-106.04,55.21,105.50,125.00,151.10,129.90,139.00,169.10,146.00,175.50,200.70
2086-01-01,-106.04,55.21,99.20,133.00,149.80,123.60,141.00,163.50,136.40,170.00,195.60
2087-01-01,-106.04,55.21,108.30,136.00,157.80,109.60,138.50,163.80,137.60,160.00,191.30
2088-01-01,-106.04,55.21,110.60,134.50,152.50,117.50,141.00,176.10,146.60,166.00,188.10
2089-01-01,-106.04,55.21,121.30,135.50,164.20,128.60,146.50,169.80,144.80,160.50,204.70
2090-01-01,-106.04,55.21,110.60,127.50,152.50,113.90,140.00,168.70,146.00,162.00,182.70
2091-01-01,-106.04,55.21,105.20,141.50,153.90,124.00,138.50,173.30,153.70,176.00,194.20
2092-01-01,-106.04,55.21,102.90,132.50,160.70,117.50,134.00,163.40,138.60,172.50,195.10
2093-01-01,-106.04,55.21,104.90,133.00,153.00,116.20,140.50,170.70,156.30,174.50,196.40
2094-01-01,-106.04,55.21,101.70,133.50,163.00,113.90,133.50,171.10,154.30,172.00,197.80
2095-01-01,-106.04,55.21,107.30,129.50,157.40,119.30,138.50,176.10,153.20,169.00,201.70
2096-01-01,-106.04,55.21,109.30,139.50,151.10,119.00,145.50,171.00,155.60,173.00,186.00
2097-01-01,-106.04,55.21,110.20,128.50,149.40,111.20,140.50,171.40,158.30,175.50,207.30
2098-01-01,-106.04,55.21,112.90,130.00,152.90,124.90,140.00,164.00,136.20,176.00,195.80
2099-01-01,-106.04,55.21,113.20,135.50,151.40,124.00,148.00,168.50,146.20,180.00,204.60
2100-01-01,-106.04,55.21,91.90,128.50,151.00,119.50,137.50,180.60,152.90,174.50,206.50
1950-01-01,-105.38,55.21,89.00,110.50,134.00,89.00,110.50,134.00,89.00,109.50,134.00
1951-01-01,-105.38,55.21,91.60,108.00,135.50,91.60,107.50,135.50,91.60,107.50,135.50
1952-01-01,-105.38,55.21,90.30,112.50,135.00,90.30,112.50,132.60,90.30,114.00,135.00
1953-01-01,-105.38,55.21,94.60,106.00,129.00,96.60,106.00,129.00,96.30,106.00,129.00
1954-01-01,-105.38,55.21,85.70,110.50,132.20,87.80,110.50,132.20,88.10,110.50,133.10
1955-01-01,-105.38,55.21,90.50,106.50,144.20,94.00,106.50,144.20,94.00,106.50,144.20
1956-01-01,-105.38,55.21,92.80,112.00,128.00,92.80,112.50,128.00,97.60,112.50,128.00
1957-01-01,-105.38,55.21,90.30,117.00,128.00,90.30,117.00,128.00,90.30,116.50,128.00
1958-01-01,-105.38,55.21,96.20,112.50,125.70,91.50,111.50,125.70,95.30,112.50,125.70
1959-01-01,-105.38,55.21,88.30,109.50,125.00,85.90,109.50,125.00,85.90,109.50,125.00
1960-01-01,-105.38,55.21,92.50,113.50,136.40,92.50,114.50,136.40,92.50,115.00,136.40
1961-01-01,-105.38,55.21,91.30,112.50,139.40,92.00,112.00,139.40,92.00,112.50,129.50
1962-01-01,-105.38,55.21,97.30,119.00,132.00,97.30,119.00,132.00,97.30,117.50,132.00
1963-01-01,-105.38,55.21,87.40,108.00,125.80,87.40,108.00,125.80,87.40,107.50,125.80
1964-01-01,-105.38,55.21,78.30,101.50,118.70,78.30,100.50,118.70,78.30,100.50,118.70
1965-01-01,-105.38,55.21,98.60,114.00,127.40,98.60,114.00,127.40,98.60,117.00,127.40
1966-01-01,-105.38,55.21,96.00,108.50,129.70,95.30,109.00,129.70,95.00,108.00,128.80
1967-01-01,-105.38,55.21,89.90,112.50,141.90,89.90,112.50,141.90,89.30,113.00,141.90
1968-01-01,-105.38,55.21,81.10,113.50,129.70,81.10,113.50,129.70,81.10,116.00,129.70
1969-01-01,-105.38,55.21,90.90,110.50,128.70,90.90,110.00,128.00,90.90,110.00,132.20
1970-01-01,-105.38,55.21,90.60,112.00,127.00,90.60,112.50,127.00,90.60,112.00,127.00
1971-01-01,-105.38,55.21,94.00,112.00,129.40,94.00,112.00,129.40,94.00,112.00,129.40
1972-01-01,-105.38,55.21,90.30,105.00,124.00,99.30,107.00,133.10,93.40,107.00,133.10
1973-01-01,-105.38,55.21,85.50,116.00,131.10,85.50,114.00,131.10,85.50,112.50,131.10
1974-01-01,-105.38,55.21,99.30,112.00,132.00,99.30,112.00,132.00,99.30,110.50,132.00
1975-01-01,-105.38,55.21,78.80,116.00,131.70,79.10,116.00,131.70,79.10,116.00,131.70
1976-01-01,-105.38,55.21,84.30,112.00,127.70,84.30,112.00,129.40,84.30,112.00,128.00
1977-01-01,-105.38,55.21,104.30,117.50,137.10,104.30,120.50,136.40,104.30,122.50,137.10
1978-01-01,-105.38,55.21,95.90,110.00,127.50,95.60,110.00,123.40,89.90,108.50,123.10
1979-01-01,-105.38,55.21,102.30,113.50,126.00,102.30,113.50,126.00,103.00,113.50,126.00
1980-01-01,-105.38,55.21,96.90,113.50,122.70,96.90,113.50,126.50,96.90,113.50,127.20
1981-01-01,-105.38,55.21,88.20,106.00,130.00,89.60,105.00,130.70,89.60,101.00,130.70
1982-01-01,-105.38,55.21,96.50,112.00,134.80,95.90,113.50,134.80,95.90,113.50,134.80
1983-01-01,-105.38,55.21,85.30,110.50,132.70,85.30,111.00,132.70,88.10,110.50,132.70
1984-01-01,-105.38,55.21,98.60,115.50,132.10,98.60,115.50,132.40,98.00,115.00,132.40
1985-01-01,-105.38,55.21,93.30,111.50,130.40,93.30,111.50,130.10,93.30,111.50,130.40
1986-01-01,-105.38,55.21,91.80,116.00,131.70,90.90,114.50,132.00,90.90,114.50,131.40
1987-01-01,-105.38,55.21,97.30,111.00,131.10,96.30,111.00,131.10,96.30,111.00,131.10
1988-01-01,-105.38,55.21,104.10,126.50,137.10,104.80,126.50,137.10,104.80,128.00,137.10
1989-01-01,-105.38,55.21,95.80,114.50,136.10,94.90,113.50,136.40,95.80,117.50,136.10
1990-01-01,-105.38,55.21,102.90,115.00,127.70,102.90,115.00,127.70,102.90,114.00,127.70
1991-01-01,-105.38,55.21,94.60,116.50,131.70,94.60,116.50,140.10,95.80,116.50,131.00
1992-01-01,-105.38,55.21,93.30,116.50,137.70,93.30,114.50,141.90,93.30,115.50,141.90
1993-01-01,-105.38,55.21,99.30,116.50,129.40,100.30,116.50,129.40,100.30,115.50,129.70
1994-01-01,-105.38,55.21,94.10,117.50,135.70,94.10,117.50,135.70,94.10,116.00,135.70
1995-01-01,-105.38,55.21,99.90,118.50,134.70,102.30,118.50,134.70,99.90,118.50,134.70
1996-01-01,-105.38,55.21,102.40,124.00,136.70,102.40,124.00,136.70,102.40,124.00,136.70
1997-01-01,-105.38,55.21,106.20,124.50,139.40,104.30,124.50,137.90,104.30,124.00,137.90
1998-01-01,-105.38,55.21,99.30,116.50,131.40,97.90,116.50,131.40,99.30,117.00,131.40
1999-01-01,-105.38,55.21,97.00,122.00,136.50,104.30,123.50,136.50,97.00,121.50,136.50
2000-01-01,-105.38,55.21,98.30,127.00,141.90,98.30,127.00,141.90,98.30,127.00,141.90
2001-01-01,-105.38,55.21,104.30,116.00,136.70,104.30,116.00,136.70,104.30,117.00,136.70
2002-01-01,-105.38,55.21,95.00,118.50,134.70,95.00,118.50,134.70,95.00,121.50,134.00
2003-01-01,-105.38,55.21,100.30,124.50,136.40,102.20,124.50,136.40,102.20,124.50,136.40
2004-01-01,-105.38,55.21,103.20,125.00,136.70,103.20,127.50,136.70,103.20,127.50,135.70
2005-01-01,-105.38,55.21,101.20,122.00,133.80,110.00,122.00,133.80,100.20,119.50,134.00
2006-01-01,-105.38,55.21,105.60,123.00,135.70,109.30,121.00,143.00,94.30,112.00,130.10
2007-01-01,-105.38,55.21,87.30,122.00,139.70,101.50,121.00,136.70,99.60,115.00,135.00
2008-01-01,-105.38,55.21,107.30,121.00,135.20,100.30,123.00,138.10,101.30,119.00,140.10
2009-01-01,-105.38,55.21,93.30,120.00,139.40,97.30,126.00,142.70,97.30,128.00,145.70
2010-01-01,-105.38,55.21,110.30,125.00,142.50,101.60,128.50,142.70,99.30,119.50,139.80
2011-01-01,-105.38,55.21,110.00,126.50,154.20,116.30,123.50,138.80,112.00,124.50,140.80
2012-01-01,-105.38,55.21,101.30,120.00,138.70,102.60,124.50,139.80,113.60,122.50,154.70
2013-01-01,-105.38,55.21,109.30,123.00,143.50,99.60,122.00,134.00,114.90,132.00,147.50
2014-01-01,-105.38,55.21,97.90,123.00,147.70,113.60,129.50,146.90,111.80,128.00,145.30
2015-01-01,-105.38,55.21,99.90,123.00,138.50,103.30,120.50,143.10,101.60,122.00,148.70
2016-01-01,-105.38,55.21,111.30,128.50,147.80,105.30,122.50,141.70,108.20,127.50,136.40
2017-01-01,-105.38,55.21,105.50,135.00,159.20,103.60,120.50,136.00,106.60,123.50,137.00
2018-01-01,-105.38,55.21,103.90,125.50,145.00,105.00,121.50,149.70,103.30,130.00,142.00
2019-01-01,-105.38,55.21,117.60,129.50,145.70,109.50,121.50,157.10,104.50,130.50,150.00
2020-01-01,-105.38,55.21,110.30,130.00,145.00,96.00,123.50,139.70,109.60,130.50,147.70
2021-01-01,-105.38,55.21,102.20,120.50,148.10,104.60,129.50,150.90,97.20,129.50,141.50
2022-01-01,-105.38,55.21,107.30,127.00,156.00,107.70,131.50,148.40,114.00,127.00,151.60
2023-01-01,-105.38,55.21,117.30,135.50,152.70,111.50,129.50,153.90,112.60,131.00,150.70
2024-01-01,-105.38,55.21,102.90,121.00,147.40,97.10,128.50,151.80,115.50,128.50,149.40
2025-01-01,-105.38,55.21,105.90,128.50,146.50,108.00,122.00,152.10,119.30,128.00,143.70
2026-01-01,-105.38,55.21,107.90,129.50,154.40,113.60,125.50,146.70,116.30,131.00,149.70
2027-01-01,-105.38,55.21,107.10,129.00,156.50,111.90,137.00,151.10,124.20,132.00,152.60
2028-01-01,-105.38,55.21,102.90,127.00,147.00,109.60,132.50,148.20,117.00,127.00,145.20
2029-01-01,-105.38,55.21,109.90,127.00,141.40,112.30,126.00,142.40,114.40,132.00,142.80
2030-01-01,-105.38,55.21,114.00,129.00,159.30,114.00,127.00,155.40,114.20,135.00,146.10
2031-01-01,-105.38,55.21,113.30,133.00,144.00,116.00,129.50,154.70,112.50,125.00,148.70
2032-01-01,-105.38,55.21,99.50,120.50,140.10,109.60,130.00,160.00,109.30,127.50,149.70
2033-01-01,-105.38,55.21,107.90,131.00,146.00,112.90,133.00,155.90,114.30,137.50,156.50
2034-01-01,-105.38,55.21,110.40,132.00,142.00,113.30,126.50,146.80,115.20,133.00,153.60
2035-01-01,-105.38,55.21,109.50,132.00,156.40,110.40,134.50,150.50,116.30,130.50,149.60
2036-01-01,-105.38,55.21,111.90,135.50,150.50,115.60,129.00,151.70,114.60,129.50,151.10
2037-01-01,-105.38,55.21,110.20,134.00,156.10,110.00,126.50,147.50,114.00,140.00,156.50
2038-01-01,-105.38,55.21,109.90,135.50,155.00,110.00,130.50,148.40,110.00,136.00,166.20
2039-01-01,-105.38,55.21,111.90,128.00,144.70,109.30,131.50,151.10,111.10,130.00,157.10
2040-01-01,-105.38,55.21,107.30,131.50,157.70,106.80,136.00,166.50,125.30,141.50,154.10
2041-01-01,-105.38,55.21,116.90,130.50,143.00,117.90,140.00,155.20,112.90,128.50,172.70
2042-01-01,-105.38,55.21,118.00,137.00,161.80,117.30,131.50,154.50,120.90,143.00,157.70
2043-01-01,-105.38,55.21,117.30,131.00,158.70,108.90,132.00,148.40,126.60,140.00,166.70
2044-01-01,-105.38,55.21,106.00,124.00,144.30,112.20,140.00,162.70,120.30,139.50,163.70
2045-01-01,-105.38,55.21,105.00,127.50,150.70,118.10,138.00,161.30,117.50,141.00,162.10
2046-01-01,-105.38,55.21,105.90,135.50,153.20,111.30,133.50,152.40,121.30,145.00,161.50
2047-01-01,-105.38,55.21,110.20,131.50,151.80,116.20,133.00,156.00,125.30,143.00,160.80
2048-01-01,-105.38,55.21,114.30,130.50,146.00,116.90,131.50,161.10,125.50,144.00,167.10
2049-01-01,-105.38,55.21,111.60,135.50,148.70,114.60,131.00,148.00,123.30,141.00,167.70
2050-01-01,-105.38,55.21,104.00,132.50,147.40,121.50,138.00,157.20,126.50,146.00,162.40
2051-01-01,-105.38,55.21,113.80,128.50,157.80,113.00,141.00,156.70,120.00,144.50,175.00
2052-01-01,-105.38,55.21,120.30,131.00,149.00,111.00,133.00,153.90,121.90,147.50,171.60
2053-01-01,-105.38,55.21,112.50,130.00,152.10,112.60,133.50,159.50,128.90,147.00,164.40
2054-01-01,-105.38,55.21,109.70,126.00,145.40,108.40,135.50,152.40,120.90,140.50,168.40
2055-01-01,-105.38,55.21,107.10,128.50,145.00,102.90,138.00,159.00,128.30,143.50,161.40
2056-01-01,-105.38,55.21,112.20,128.50,156.50,116.10,141.50,156.80,124.30,147.50,173.20
2057-01-01,-105.38,55.21,105.30,128.00,142.70,113.30,137.50,161.10,135.60,151.50,165.40
2058-01-01,-105.38,55.21,115.50,134.00,162.90,114.30,133.50,154.70,123.50,142.00,169.30
2059-01-01,-105.38,55.21,114.60,139.50,155.80,113.00,137.50,159.80,124.60,147.00,173.50
2060-01-01,-105.38,55.21,116.60,132.50,159.00,120.00,139.00,168.20,128.20,143.00,166.40
2061-01-01,-105.38,55.21,120.00,136.50,161.40,121.90,141.00,161.20,124.90,148.00,175.20
2062-01-01,-105.38,55.21,104.90,130.50,148.10,122.20,140.50,158.10,132.80,144.00,169.20
2063-01-01,-105.38,55.21,112.60,131.00,158.00,116.30,142.00,163.10,116.00,155.50,174.40
2064-01-01,-105.38,55.21,113.30,131.00,151.90,115.30,134.00,169.00,119.30,155.00,172.00
2065-01-01,-105.38,55.21,105.90,131.50,154.90,114.50,137.00,163.10,131.00,145.00,178.70
2066-01-01,-105.38,55.21,110.20,128.00,143.10,124.00,136.50,154.70,134.30,150.00,179.90
2067-01-01,-105.38,55.21,110.60,131.00,140.00,120.30,134.50,170.90,124.80,157.50,191.10
2068-01-01,-105.38,55.21,113.00,131.00,157.80,125.20,135.00,159.70,138.80,159.00,169.10
2069-01-01,-105.38,55.21,111.40,131.50,152.20,116.50,144.50,165.10,131.80,155.00,177.50
2070-01-01,-105.38,55.21,109.30,127.00,161.10,124.20,146.00,165.70,132.30,158.50,184.60
2071-01-01,-105.38,55.21,113.00,134.00,154.30,123.00,136.00,168.60,137.00,154.50,186.50
2072-01-01,-105.38,55.21,111.30,130.00,158.70,117.50,146.00,176.00,136.30,158.00,173.10
2073-01-01,-105.38,55.21,106.10,121.00,151.90,118.80,137.50,175.80,139.90,163.00,186.80
2074-01-01,-105.38,55.21,110.60,123.50,158.20,120.50,143.50,173.10,144.80,163.00,194.50
2075-01-01,-105.38,55.21,107.00,130.50,151.80,118.80,141.50,165.30,134.60,157.50,188.80
2076-01-01,-105.38,55.21,112.40,136.00,158.40,115.90,128.00,167.00,137.60,162.50,198.30
2077-01-01,-105.38,55.21,105.60,133.50,151.20,116.60,140.00,173.60,136.20,160.50,191.30
2078-01-01,-105.38,55.21,109.30,134.00,158.70,114.30,137.00,171.50,142.20,173.00,191.10
2079-01-01,-105.38,55.21,113.40,132.00,163.40,118.30,136.00,177.80,141.30,165.50,184.70
2080-01-01,-105.38,55.21,111.60,128.50,158.60,112.10,144.00,157.70,144.50,166.50,182.00
2081-01-01,-105.38,55.21,108.20,129.00,144.70,124.00,140.50,167.70,147.90,169.00,188.00
2082-01-01,-105.38,55.21,114.90,130.50,153.70,122.60,140.00,169.70,138.00,166.50,197.00
2083-01-01,-105.38,55.21,110.90,130.00,151.70,118.20,143.00,173.20,134.20,165.00,193.20
2084-01-01,-105.38,55.21,106.70,125.00,158.40,110.30,152.50,170.90,134.60,154.00,184.00
2085-01-01,-105.38,55.21,105.50,133.50,151.10,126.60,141.50,165.70,143.60,172.00,201.60
2086-01-01,-105.38,55.21,93.90,132.00,149.80,123.60,141.50,162.10,133.30,170.00,195.60
2087-01-01,-105.38,55.21,109.50,136.50,156.30,111.60,139.50,165.90,138.30,160.50,183.70
2088-01-01,-105.38,55.21,110.30,133.50,152.90,121.60,143.50,172.80,149.90,164.50,184.80
2089-01-01,-105.38,55.21,121.00,133.00,159.70,128.60,146.00,166.40,145.40,163.00,204.70
2090-01-01,-105.38,55.21,111.20,127.50,151.10,111.60,137.00,168.40,146.30,163.00,188.60
2091-01-01,-105.38,55.21,102.40,138.50,153.40,123.30,136.50,172.80,150.30,175.50,194.20
2092-01-01,-105.38,55.21,102.20,133.00,159.80,116.80,133.50,162.40,140.60,172.50,193.70
2093-01-01,-105.38,55.21,114.60,131.50,158.10,119.00,140.50,169.10,158.60,175.50,195.70
2094-01-01,-105.38,55.21,105.40,132.00,163.00,112.50,138.00,170.50,150.30,170.50,197.50
2095-01-01,-105.38,55.21,108.60,129.00,157.00,119.60,139.00,172.50,151.30,163.50,201.40
2096-01-01,-105.38,55.21,109.30,139.00,146.10,119.90,145.50,171.70,153.60,172.50,191.20
2097-01-01,-105.38,55.21,113.90,129.00,149.40,114.90,142.50,172.00,158.30,176.00,207.30
2098-01-01,-105.38,55.21,112.90,129.00,154.10,124.90,140.00,166.10,141.40,175.00,199.10
2099-01-01,-105.38,55.21,113.20,135.50,149.60,111.90,145.00,169.90,152.40,181.00,204.60
2100-01-01,-105.38,55.21,93.30,130.00,155.40,120.40,144.50,181.30,152.90,174.50,202.30
1950-01-01,-103.96,55.21,91.30,112.00,131.90,91.30,114.00,131.90,91.30,111.00,131.90
1951-01-01,-103.96,55.21,101.90,115.00,133.70,101.90,115.00,133.70,101.90,109.50,133.70
1952-01-01,-103.96,55.21,87.90,112.00,131.70,90.00,112.00,135.00,90.00,112.00,135.00
1953-01-01,-103.96,55.21,92.80,107.00,126.00,94.20,107.00,126.00,93.50,107.00,126.00
1954-01-01,-103.96,55.21,92.10,117.00,134.60,92.10,117.00,134.60,92.10,117.00,134.60
1955-01-01,-103.96,55.21,88.30,108.50,128.70,89.80,108.50,129.00,88.30,108.50,128.70
1956-01-01,-103.96,55.21,98.60,116.50,131.50,98.60,116.50,130.10,98.60,115.00,129.80
1957-01-01,-103.96,55.21,96.30,117.00,133.20,95.60,117.00,128.40,96.30,117.00,128.40
1958-01-01,-103.96,55.21,100.30,116.00,131.10,100.80,114.00,131.10,101.50,115.00,131.10
1959-01-01,-103.96,55.21,88.30,111.00,125.70,88.30,111.00,125.70,88.30,111.00,125.70
1960-01-01,-103.96,55.21,88.30,115.00,132.90,88.30,115.00,132.90,88.30,115.00,132.20
1961-01-01,-103.96,55.21,94.10,116.50,131.00,92.00,116.50,131.00,92.00,115.50,130.00
1962-01-01,-103.96,55.21,100.70,119.50,130.70,99.20,119.50,130.70,100.70,119.00,130.70
1963-01-01,-103.96,55.21,96.20,112.50,122.70,96.20,114.50,123.70,96.20,114.50,123.70
1964-01-01,-103.96,55.21,79.90,106.50,119.70,79.90,106.50,119.70,79.90,104.00,118.70
1965-01-01,-103.96,55.21,98.90,112.50,124.40,98.90,112.50,124.70,98.90,112.50,124.70
1966-01-01,-103.96,55.21,96.30,118.00,131.80,96.30,117.50,131.80,96.30,117.00,128.10
1967-01-01,-103.96,55.21,97.90,122.50,140.50,99.00,122.50,140.50,95.90,122.50,140.50
1968-01-01,-103.96,55.21,86.60,114.50,129.40,88.40,114.50,129.40,88.40,114.00,129.40
1969-01-01,-103.96,55.21,89.30,111.50,131.40,90.00,111.50,131.10,90.00,111.50,131.10
1970-01-01,-103.96,55.21,90.60,117.50,129.00,90.30,117.50,129.00,90.30,117.50,130.40
1971-01-01,-103.96,55.21,97.50,111.00,129.10,101.30,111.00,131.40,101.60,111.00,131.40
1972-01-01,-103.96,55.21,91.00,105.50,131.80,91.00,105.50,134.20,91.00,105.00,131.80
1973-01-01,-103.96,55.21,92.80,118.00,130.00,92.80,117.00,130.00,92.80,115.50,130.00
1974-01-01,-103.96,55.21,99.30,112.50,133.40,99.30,112.50,133.40,99.30,112.00,133.40
1975-01-01,-103.96,55.21,84.40,107.50,129.00,90.30,109.50,129.70,84.40,107.50,129.70
1976-01-01,-103.96,55.21,93.40,113.00,129.10,93.40,113.00,130.00,93.40,113.00,130.00
1977-01-01,-103.96,55.21,103.30,121.00,137.70,103.30,122.00,137.00,103.30,123.00,137.70
1978-01-01,-103.96,55.21,100.60,113.50,130.40,100.60,113.50,129.00,100.60,111.50,129.00
1979-01-01,-103.96,55.21,104.00,114.50,126.70,104.00,114.50,126.70,103.00,114.50,126.70
1980-01-01,-103.96,55.21,105.20,117.50,129.50,108.00,117.50,125.70,105.20,118.00,130.80
1981-01-01,-103.96,55.21,94.30,110.50,135.50,94.30,110.50,135.50,94.00,110.50,135.50
1982-01-01,-103.96,55.21,101.30,114.00,134.80,101.30,113.50,134.80,101.30,113.50,134.80
1983-01-01,-103.96,55.21,94.50,107.50,130.50,96.60,107.50,130.50,97.30,107.50,130.50
1984-01-01,-103.96,55.21,91.20,118.00,134.90,91.20,119.00,135.50,91.20,118.50,135.50
1985-01-01,-103.96,55.21,97.60,117.00,131.70,97.60,117.00,131.70,97.60,117.50,131.70
1986-01-01,-103.96,55.21,96.00,119.00,134.10,97.50,118.00,133.40,97.50,118.50,134.10
1987-01-01,-103.96,55.21,99.00,113.50,138.50,99.20,118.50,138.20,99.20,115.00,138.20
1988-01-01,-103.96,55.21,105.40,126.50,137.10,105.40,126.50,137.10,105.40,128.00,137.10
1989-01-01,-103.96,55.21,100.60,121.00,137.00,100.60,121.00,137.00,100.60,119.00,136.40
1990-01-01,-103.96,55.21,101.30,112.00,129.40,102.90,114.00,129.40,102.90,114.00,129.40
1991-01-01,-103.96,55.21,96.50,122.00,141.20,96.50,122.00,141.20,100.30,123.50,141.20
1992-01-01,-103.96,55.21,105.00,119.50,138.80,104.30,119.00,136.70,104.30,119.00,136.70
1993-01-01,-103.96,55.21,102.20,122.00,132.40,102.20,122.00,132.10,102.20,121.00,132.10
1994-01-01,-103.96,55.21,99.90,123.50,137.40,99.90,123.50,137.40,99.90,123.00,137.40
1995-01-01,-103.96,55.21,99.90,118.00,137.70,102.30,117.50,138.70,102.30,118.00,138.00
1996-01-01,-103.96,55.21,109.90,122.00,135.10,109.00,122.00,135.10,102.40,122.00,135.10
1997-01-01,-103.96,55.21,104.90,119.50,130.00,104.90,119.50,130.00,103.30,119.50,131.70
1998-01-01,-103.96,55.21,101.80,122.50,141.50,101.80,124.50,140.80,101.80,122.50,141.50
1999-01-01,-103.96,55.21,108.20,124.50,135.00,108.20,124.50,135.00,108.20,124.50,137.10
2000-01-01,-103.96,55.21,99.30,127.00,142.20,99.30,126.00,142.20,99.30,126.50,142.20
2001-01-01,-103.96,55.21,106.60,123.50,135.80,105.90,123.50,135.80,105.90,124.00,135.80
2002-01-01,-103.96,55.21,98.00,125.00,134.00,98.00,125.00,134.00,98.00,125.00,134.70
2003-01-01,-103.96,55.21,102.20,127.00,137.70,102.20,125.50,136.70,102.20,125.50,136.70
2004-01-01,-103.96,55.21,104.70,125.00,136.70,103.50,125.00,141.20,104.70,125.00,141.20
2005-01-01,-103.96,55.21,102.80,122.00,134.00,101.20,122.00,134.00,102.30,121.50,135.40
2006-01-01,-103.96,55.21,107.30,119.00,135.70,108.60,121.50,142.70,93.60,114.50,133.70
2007-01-01,-103.96,55.21,93.90,125.50,143.10,101.50,120.50,136.80,101.00,121.00,138.20
2008-01-01,-103.96,55.21,110.00,122.50,135.50,99.60,122.00,132.40,97.50,121.00,143.80
2009-01-01,-103.96,55.21,94.10,120.00,138.70,101.80,126.50,143.00,103.20,126.50,147.80
2010-01-01,-103.96,55.21,113.00,129.50,142.40,102.30,128.00,143.40,105.90,128.50,146.80
2011-01-01,-103.96,55.21,110.30,127.50,149.80,116.00,128.00,142.70,112.60,124.50,141.10
2012-01-01,-103.96,55.21,102.30,121.00,138.40,101.00,126.00,143.40,114.00,128.50,153.30
2013-01-01,-103.96,55.21,110.30,126.50,149.20,101.40,126.00,138.00,114.60,131.50,147.40
2014-01-01,-103.96,55.21,101.30,124.50,149.40,115.00,128.00,153.20,111.80,130.00,147.40
2015-01-01,-103.96,55.21,99.90,120.50,135.00,99.90,118.00,141.40,102.30,123.00,145.80
2016-01-01,-103.96,55.21,110.90,132.00,147.80,104.60,123.00,142.70,108.50,125.00,140.00
2017-01-01,-103.96,55.21,104.30,133.00,155.70,108.90,127.00,147.70,106.60,125.00,142.80
2018-01-01,-103.96,55.21,102.30,127.00,144.10,113.30,128.00,149.70,111.30,128.50,145.10
2019-01-01,-103.96,55.21,113.50,129.50,147.70,110.10,131.00,154.00,106.60,127.50,150.70
2020-01-01,-103.96,55.21,109.00,129.50,144.70,95.10,126.00,141.00,112.00,136.00,147.70
2021-01-01,-103.96,55.21,109.20,126.00,151.40,109.20,136.00,152.70,113.90,131.50,142.20
2022-01-01,-103.96,55.21,106.60,132.50,158.50,115.30,132.50,148.40,117.30,130.50,146.00
2023-01-01,-103.96,55.21,115.30,134.50,150.70,117.20,131.00,154.70,112.60,132.00,152.40
2024-01-01,-103.96,55.21,106.30,124.00,153.90,97.90,128.50,152.40,114.40,129.50,148.70
2025-01-01,-103.96,55.21,108.20,129.50,149.40,103.10,124.50,153.90,119.60,128.00,157.20
2026-01-01,-103.96,55.21,113.30,129.50,159.90,113.90,129.00,149.50,116.80,132.50,147.10
2027-01-01,-103.96,55.21,107.60,130.50,156.50,110.30,127.50,146.00,121.10,134.50,153.40
2028-01-01,-103.96,55.21,111.90,127.00,148.00,109.60,130.50,151.00,118.30,130.50,144.20
2029-01-01,-103.96,55.21,110.80,135.00,151.70,111.60,126.50,149.10,118.60,133.00,142.80
2030-01-01,-103.96,55.21,114.00,136.50,157.60,113.30,129.50,154.00,117.50,137.50,148.50
2031-01-01,-103.96,55.21,114.20,135.00,154.50,116.30,131.50,158.80,111.30,130.00,152.70
2032-01-01,-103.96,55.21,111.60,129.00,153.00,105.80,128.50,161.00,114.20,128.50,148.80
2033-01-01,-103.96,55.21,113.80,130.50,145.70,115.60,133.00,157.10,124.30,141.00,158.70
2034-01-01,-103.96,55.21,112.10,133.50,147.60,111.30,127.00,145.90,117.70,132.50,154.80
2035-01-01,-103.96,55.21,118.00,130.50,154.40,110.40,132.00,149.40,118.20,135.00,158.40
2036-01-01,-103.96,55.21,115.20,138.50,151.40,113.60,129.50,155.90,114.20,129.50,150.70
2037-01-01,-103.96,55.21,114.90,134.00,153.70,110.20,126.50,151.70,113.50,138.00,158.00
2038-01-01,-103.96,55.21,110.20,138.00,155.10,114.00,133.00,145.70,111.00,131.50,164.20
2039-01-01,-103.96,55.21,113.60,132.50,150.80,111.30,130.50,153.90,119.90,134.00,162.20
2040-01-01,-103.96,55.21,113.30,130.00,155.90,110.50,136.00,167.70,126.50,136.50,154.90
2041-01-01,-103.96,55.21,119.60,132.50,152.40,115.60,140.50,160.20,113.20,135.50,172.30
2042-01-01,-103.96,55.21,118.00,141.00,160.80,117.00,133.00,153.10,126.30,142.00,157.40
2043-01-01,-103.96,55.21,117.30,135.50,161.10,113.10,128.50,153.90,123.60,138.00,164.80
2044-01-01,-103.96,55.21,107.00,127.50,147.70,119.00,134.50,161.80,120.60,140.00,162.00
2045-01-01,-103.96,55.21,106.80,131.00,155.70,120.20,138.00,163.70,118.20,141.00,159.70
2046-01-01,-103.96,55.21,112.90,135.00,154.00,111.30,134.00,154.40,123.50,150.00,164.10
2047-01-01,-103.96,55.21,114.90,133.00,151.70,121.00,133.50,158.00,125.00,144.00,167.60
2048-01-01,-103.96,55.21,115.00,131.50,148.10,115.30,131.50,157.50,126.50,143.00,168.40
2049-01-01,-103.96,55.21,120.60,135.50,152.20,113.20,134.00,153.90,126.00,141.00,166.00
2050-01-01,-103.96,55.21,105.80,132.50,149.40,114.20,138.50,159.00,130.30,146.50,154.70
2051-01-01,-103.96,55.21,116.10,132.50,159.80,115.00,143.00,158.00,123.30,143.50,173.50
2052-01-01,-103.96,55.21,119.90,133.00,154.10,114.90,132.50,157.20,127.90,141.00,171.50
2053-01-01,-103.96,55.21,118.60,134.00,154.10,119.60,137.00,155.40,132.30,149.00,167.00
2054-01-01,-103.96,55.21,116.90,134.00,153.40,119.20,140.50,153.00,123.90,145.50,168.40
2055-01-01,-103.96,55.21,114.20,130.50,145.00,120.90,141.00,166.70,128.60,149.50,162.10
2056-01-01,-103.96,55.21,112.90,134.00,151.70,112.00,138.00,157.10,125.00,147.00,170.20
2057-01-01,-103.96,55.21,119.30,130.50,143.40,115.70,139.00,157.80,133.90,148.00,166.40
2058-01-01,-103.96,55.21,120.00,131.50,164.70,118.60,137.50,161.40,125.30,142.00,173.80
2059-01-01,-103.96,55.21,114.90,137.00,154.70,113.90,139.00,164.40,131.60,151.50,168.80
2060-01-01,-103.96,55.21,118.30,135.50,157.50,122.60,139.50,167.10,120.10,143.50,166.40
2061-01-01,-103.96,55.21,116.20,137.50,159.10,125.00,138.50,161.80,125.50,150.50,166.00
2062-01-01,-103.96,55.21,107.90,132.50,152.40,117.20,142.50,160.50,133.50,142.50,168.20
2063-01-01,-103.96,55.21,113.80,128.50,162.40,115.20,143.00,162.80,117.60,155.00,183.10
2064-01-01,-103.96,55.21,112.30,131.50,157.90,114.00,135.50,173.10,122.90,156.00,173.00
2065-01-01,-103.96,55.21,119.50,133.50,154.60,119.30,137.50,158.90,132.00,144.00,179.80
2066-01-01,-103.96,55.21,121.00,129.00,146.40,117.50,140.00,154.70,132.60,153.50,186.20
2067-01-01,-103.96,55.21,115.00,131.00,150.40,121.30,137.00,153.80,125.80,153.00,182.10
2068-01-01,-103.96,55.21,110.90,132.00,148.80,126.60,138.50,163.50,137.30,157.50,168.40
2069-01-01,-103.96,55.21,111.50,135.50,153.40,120.60,144.50,162.20,128.10,154.50,176.20
2070-01-01,-103.96,55.21,114.00,128.50,160.00,124.00,146.50,173.70,143.10,168.50,185.40
2071-01-01,-103.96,55.21,120.20,134.00,159.20,125.30,138.50,167.50,134.20,158.00,186.50
2072-01-01,-103.96,55.21,120.30,134.00,151.00,122.60,151.00,175.70,129.80,157.50,174.80
2073-01-01,-103.96,55.21,115.30,131.00,146.40,119.10,135.50,174.90,135.50,162.50,178.80
2074-01-01,-103.96,55.21,112.60,129.50,158.10,128.30,145.50,170.40,141.60,167.50,194.70
2075-01-01,-103.96,55.21,110.60,138.50,148.70,125.20,143.50,166.80,135.40,161.50,186.00
2076-01-01,-103.96,55.21,110.50,136.50,158.10,118.30,134.00,167.00,140.90,159.50,191.10
2077-01-01,-103.96,55.21,112.90,133.50,154.00,117.20,140.50,175.00,144.30,160.00,182.60
2078-01-01,-103.96,55.21,111.60,131.00,159.00,117.30,142.50,169.40,147.80,171.00,187.70
2079-01-01,-103.96,55.21,111.30,135.00,162.70,115.80,134.50,170.10,138.50,165.50,185.90
2080-01-01,-103.96,55.21,118.30,131.50,158.60,122.20,146.50,160.40,142.90,161.00,186.50
2081-01-01,-103.96,55.21,114.20,127.50,159.80,127.40,143.00,168.90,150.30,166.50,188.00
2082-01-01,-103.96,55.21,118.80,138.00,160.50,123.50,142.00,171.80,132.90,168.00,195.40
2083-01-01,-103.96,55.21,113.60,129.00,158.60,119.30,146.00,172.90,151.30,164.50,188.00
2084-01-01,-103.96,55.21,113.60,129.50,154.80,122.10,157.00,171.40,137.60,162.50,188.00
2085-01-01,-103.96,55.21,110.90,130.00,151.10,125.90,139.00,164.70,143.60,169.50,197.90
2086-01-01,-103.96,55.21,114.10,136.00,149.80,132.00,144.50,164.10,136.10,166.00,194.30
2087-01-01,-103.96,55.21,108.00,135.50,163.10,122.30,144.00,165.50,138.30,165.00,193.40
2088-01-01,-103.96,55.21,119.00,133.50,146.80,122.20,141.50,166.70,147.60,163.50,185.80
2089-01-01,-103.96,55.21,124.00,134.50,167.00,130.30,149.50,164.70,142.10,164.50,204.40
2090-01-01,-103.96,55.21,112.60,131.00,152.40,113.90,139.00,166.70,149.70,167.50,182.70
2091-01-01,-103.96,55.21,110.10,139.50,152.90,123.30,132.00,167.50,155.50,171.50,191.10
2092-01-01,-103.96,55.21,111.90,133.00,162.60,117.10,139.50,161.10,146.70,173.00,193.70
2093-01-01,-103.96,55.21,116.00,128.00,160.10,119.00,139.50,168.40,158.00,176.00,198.30
2094-01-01,-103.96,55.21,113.60,135.50,162.70,120.90,138.00,170.50,150.30,168.50,197.10
2095-01-01,-103.96,55.21,108.00,132.50,159.80,122.50,139.00,172.50,147.10,167.50,200.00
2096-01-01,-103.96,55.21,114.60,138.00,143.70,121.60,142.50,171.70,153.30,173.00,186.70
2097-01-01,-103.96,55.21,116.60,131.50,150.00,118.80,145.00,174.10,158.60,176.00,204.70
2098-01-01,-103.96,55.21,112.90,135.00,153.90,118.50,144.00,165.10,152.10,175.50,202.40
2099-01-01,-103.96,55.21,117.50,134.00,148.20,128.60,144.50,169.00,146.20,180.00,204.60
2100-01-01,-103.96,55.21,104.20,129.50,160.40,127.20,142.00,178.50,149.60,171.00,195.40
