time,lat,lon,rcp26_tn_min_p10,rcp26_tn_min_p50,rcp26_tn_min_p90,rcp45_tn_min_p10,rcp45_tn_min_p50,rcp45_tn_min_p90,rcp85_tn_min_p10,rcp85_tn_min_p50,rcp85_tn_min_p90
1950-01-01,49.62,-120.04,-33.83,-28.90,-20.72,-33.83,-28.90,-20.72,-33.83,-28.90,-20.92
1951-01-01,49.62,-120.04,-33.92,-28.22,-19.00,-33.92,-28.22,-19.00,-33.92,-28.22,-19.00
1952-01-01,49.62,-120.04,-33.07,-29.40,-24.07,-33.07,-29.40,-24.07,-33.07,-29.58,-24.07
1953-01-01,49.62,-120.04,-33.32,-27.96,-21.08,-33.32,-27.96,-21.08,-33.32,-27.96,-21.08
1954-01-01,49.62,-120.04,-34.01,-28.49,-22.56,-34.01,-28.49,-22.56,-34.32,-28.49,-22.56
1955-01-01,49.62,-120.04,-34.29,-29.20,-23.28,-34.29,-29.20,-23.28,-34.29,-29.65,-23.28
1956-01-01,49.62,-120.04,-32.18,-28.62,-24.65,-32.18,-28.62,-24.65,-32.18,-28.62,-24.94
1957-01-01,49.62,-120.04,-32.79,-29.20,-22.63,-32.79,-29.20,-22.63,-34.39,-29.20,-22.63
1958-01-01,49.62,-120.04,-35.49,-33.02,-23.18,-35.49,-33.02,-23.18,-35.49,-33.02,-23.18
1959-01-01,49.62,-120.04,-35.70,-26.74,-22.73,-35.70,-26.74,-22.73,-35.70,-26.74,-22.73
1960-01-01,49.62,-120.04,-39.08,-30.12,-23.79,-39.08,-30.12,-23.79,-39.08,-30.12,-23.79
1961-01-01,49.62,-120.04,-33.92,-26.74,-20.88,-33.92,-26.74,-20.88,-35.27,-26.74,-20.88
1962-01-01,49.62,-120.04,-32.93,-28.34,-23.83,-32.93,-28.34,-23.83,-32.93,-28.77,-23.83
1963-01-01,49.62,-120.04,-35.92,-29.55,-19.83,-35.92,-29.55,-19.83,-35.82,-29.55,-19.83
1964-01-01,49.62,-120.04,-35.82,-31.20,-23.27,-35.82,-31.20,-23.27,-35.82,-31.20,-23.27
1965-01-01,49.62,-120.04,-34.98,-30.81,-24.84,-34.98,-30.81,-24.84,-34.98,-30.87,-24.84
1966-01-01,49.62,-120.04,-39.66,-27.77,-20.51,-39.66,-27.77,-20.51,-39.66,-27.77,-20.51
1967-01-01,49.62,-120.04,-37.38,-30.94,-21.50,-37.38,-30.94,-21.50,-37.38,-31.49,-21.50
1968-01-01,49.62,-120.04,-34.25,-28.27,-24.49,-34.25,-28.27,-24.49,-34.25,-28.27,-24.61
1969-01-01,49.62,-120.04,-32.89,-27.89,-22.68,-32.89,-27.89,-22.68,-32.89,-27.89,-23.14
1970-01-01,49.62,-120.04,-36.93,-30.09,-23.22,-36.93,-30.09,-23.22,-36.93,-30.09,-23.25
1971-01-01,49.62,-120.04,-34.97,-27.64,-23.42,-34.97,-27.64,-23.42,-34.97,-27.64,-23.42
1972-01-01,49.62,-120.04,-37.07,-30.39,-26.23,-37.07,-30.39,-26.23,-37.07,-31.46,-26.23
1973-01-01,49.62,-120.04,-34.86,-28.61,-22.56,-34.86,-28.61,-22.56,-34.86,-29.45,-22.56
1974-01-01,49.62,-120.04,-35.06,-30.22,-25.70,-35.06,-30.22,-25.70,-35.06,-30.39,-25.70
1975-01-01,49.62,-120.04,-35.82,-28.52,-25.75,-35.82,-28.52,-25.75,-35.82,-28.52,-25.75
1976-01-01,49.62,-120.04,-35.23,-27.13,-22.27,-35.23,-27.13,-22.27,-35.23,-27.75,-22.27
1977-01-01,49.62,-120.04,-34.73,-27.14,-21.79,-34.73,-27.14,-21.79,-34.73,-27.14,-21.79
1978-01-01,49.62,-120.04,-35.44,-29.54,-21.86,-35.44,-29.54,-21.86,-35.44,-29.58,-21.86
1979-01-01,49.62,-120.04,-36.39,-28.68,-22.08,-36.39,-28.68,-22.08,-36.39,-28.68,-22.08
1980-01-01,49.62,-120.04,-34.73,-28.40,-23.82,-34.73,-28.51,-23.95,-34.73,-28.53,-23.75
1981-01-01,49.62,-120.04,-34.05,-28.96,-21.27,-34.01,-29.03,-21.24,-34.32,-28.89,-21.52
1982-01-01,49.62,-120.04,-37.11,-30.55,-23.00,-37.11,-30.61,-23.36,-37.11,-30.53,-24.40
1983-01-01,49.62,-120.04,-35.94,-32.18,-23.60,-35.94,-32.52,-23.70,-35.94,-32.81,-23.61
1984-01-01,49.62,-120.04,-37.16,-28.55,-22.59,-37.16,-28.55,-22.52,-37.16,-28.55,-22.55
1985-01-01,49.62,-120.04,-35.72,-30.10,-25.17,-35.72,-30.14,-24.84,-35.72,-30.06,-25.28
1986-01-01,49.62,-120.04,-34.32,-29.62,-23.25,-34.32,-29.45,-23.31,-34.29,-29.92,-23.41
1987-01-01,49.62,-120.04,-32.92,-27.32,-21.91,-32.96,-27.35,-22.19,-32.93,-27.68,-21.78
1988-01-01,49.62,-120.04,-36.11,-31.15,-23.52,-36.11,-31.06,-23.56,-36.05,-31.82,-23.37
1989-01-01,49.62,-120.04,-36.47,-28.85,-19.48,-36.46,-28.84,-19.42,-36.46,-29.43,-19.59
1990-01-01,49.62,-120.04,-33.91,-28.52,-21.71,-33.96,-28.19,-21.86,-33.98,-28.24,-21.89
1991-01-01,49.62,-120.04,-35.86,-28.49,-21.60,-35.86,-28.49,-21.45,-36.59,-28.49,-21.45
1992-01-01,49.62,-120.04,-34.77,-27.99,-20.44,-34.70,-28.67,-20.25,-34.70,-28.82,-20.44
1993-01-01,49.62,-120.04,-36.79,-27.74,-21.13,-36.88,-27.64,-21.16,-36.79,-28.19,-21.11
1994-01-01,49.62,-120.04,-36.65,-30.25,-20.78,-36.64,-29.99,-20.89,-36.65,-30.03,-20.83
1995-01-01,49.62,-120.04,-35.95,-29.87,-24.14,-35.90,-29.88,-24.01,-35.94,-29.97,-24.20
1996-01-01,49.62,-120.04,-37.69,-28.26,-24.57,-37.28,-27.65,-24.56,-37.30,-28.73,-22.77
1997-01-01,49.62,-120.04,-34.31,-25.59,-20.19,-33.47,-25.56,-20.10,-33.47,-25.56,-20.09
1998-01-01,49.62,-120.04,-37.91,-28.30,-21.65,-39.07,-28.30,-21.60,-38.44,-28.19,-21.74
1999-01-01,49.62,-120.04,-33.10,-26.20,-20.33,-33.10,-26.21,-20.47,-33.10,-26.39,-20.53
2000-01-01,49.62,-120.04,-34.25,-28.19,-23.83,-34.24,-28.45,-23.58,-34.05,-28.39,-23.10
2001-01-01,49.62,-120.04,-33.10,-27.65,-25.07,-32.84,-27.62,-25.18,-32.79,-27.99,-25.07
2002-01-01,49.62,-120.04,-33.91,-28.75,-20.91,-34.22,-28.72,-20.96,-34.22,-28.77,-20.90
2003-01-01,49.62,-120.04,-32.48,-28.68,-21.12,-32.40,-28.69,-20.94,-32.47,-28.50,-21.10
2004-01-01,49.62,-120.04,-36.85,-28.07,-22.48,-35.62,-28.01,-22.45,-36.94,-28.01,-22.46
2005-01-01,49.62,-120.04,-34.51,-27.76,-23.22,-34.39,-27.82,-23.28,-35.44,-27.82,-23.09
2006-01-01,49.62,-120.04,-34.93,-27.52,-23.28,-32.61,-25.25,-19.92,-33.19,-27.09,-19.04
2007-01-01,49.62,-120.04,-37.16,-30.13,-21.21,-37.38,-31.86,-15.87,-31.50,-26.80,-20.48
2008-01-01,49.62,-120.04,-34.81,-26.45,-19.26,-32.45,-27.96,-20.30,-34.33,-30.02,-23.49
2009-01-01,49.62,-120.04,-31.58,-26.14,-16.72,-34.50,-27.01,-20.66,-36.32,-28.48,-19.17
2010-01-01,49.62,-120.04,-31.75,-25.11,-19.78,-30.97,-26.53,-19.48,-32.00,-26.14,-22.37
2011-01-01,49.62,-120.04,-32.94,-28.22,-23.39,-30.96,-25.95,-20.88,-34.06,-28.58,-18.90
2012-01-01,49.62,-120.04,-33.33,-24.97,-18.55,-36.71,-29.01,-19.37,-33.54,-26.77,-19.64
2013-01-01,49.62,-120.04,-38.31,-24.92,-18.53,-35.16,-28.73,-24.17,-33.03,-24.99,-21.15
2014-01-01,49.62,-120.04,-32.74,-26.50,-19.35,-34.30,-27.21,-22.07,-33.51,-27.51,-20.91
2015-01-01,49.62,-120.04,-32.03,-26.96,-19.94,-35.53,-28.74,-20.44,-34.40,-28.95,-20.11
2016-01-01,49.62,-120.04,-33.37,-26.79,-17.01,-35.76,-29.53,-20.39,-32.65,-25.12,-20.42
2017-01-01,49.62,-120.04,-32.70,-25.99,-19.21,-33.21,-27.55,-21.26,-33.67,-27.48,-17.83
2018-01-01,49.62,-120.04,-30.37,-25.23,-18.22,-38.90,-26.07,-20.00,-29.26,-24.35,-19.99
2019-01-01,49.62,-120.04,-35.57,-27.50,-20.59,-32.00,-26.39,-21.83,-37.24,-26.82,-21.07
2020-01-01,49.62,-120.04,-30.84,-26.15,-22.04,-31.98,-24.27,-17.68,-33.03,-29.25,-18.87
2021-01-01,49.62,-120.04,-35.46,-28.40,-21.07,-35.21,-26.76,-20.62,-32.05,-27.52,-20.53
2022-01-01,49.62,-120.04,-34.80,-27.17,-22.38,-32.26,-27.34,-20.42,-36.50,-25.61,-18.50
2023-01-01,49.62,-120.04,-32.95,-28.01,-20.16,-35.54,-28.08,-18.90,-31.21,-25.93,-18.72
2024-01-01,49.62,-120.04,-31.84,-25.77,-21.00,-30.03,-25.45,-20.06,-32.34,-27.56,-19.87
2025-01-01,49.62,-120.04,-32.49,-27.55,-23.21,-34.23,-27.89,-20.43,-34.57,-26.42,-16.85
2026-01-01,49.62,-120.04,-32.71,-24.61,-19.75,-34.10,-27.55,-16.33,-33.24,-27.58,-20.71
2027-01-01,49.62,-120.04,-33.71,-24.85,-18.33,-30.75,-26.91,-17.98,-34.22,-24.27,-16.91
2028-01-01,49.62,-120.04,-33.08,-27.32,-18.68,-32.19,-23.41,-19.22,-33.02,-24.16,-16.10
2029-01-01,49.62,-120.04,-33.87,-25.29,-21.00,-32.88,-26.73,-24.19,-33.38,-25.37,-16.70
2030-01-01,49.62,-120.04,-29.33,-25.08,-19.36,-35.33,-28.65,-20.75,-33.55,-24.62,-20.38
2031-01-01,49.62,-120.04,-31.32,-27.29,-15.47,-33.05,-26.71,-19.12,-33.32,-27.24,-18.95
2032-01-01,49.62,-120.04,-38.13,-25.45,-18.11,-36.26,-26.36,-18.94,-34.15,-26.22,-19.89
2033-01-01,49.62,-120.04,-29.90,-25.51,-18.31,-32.78,-25.22,-17.14,-33.12,-25.64,-18.88
2034-01-01,49.62,-120.04,-32.58,-28.30,-20.82,-33.92,-25.62,-19.66,-31.79,-26.04,-16.18
2035-01-01,49.62,-120.04,-32.23,-24.28,-19.36,-33.34,-26.20,-19.24,-30.23,-24.63,-19.45
2036-01-01,49.62,-120.04,-33.63,-26.91,-18.85,-35.02,-26.86,-19.13,-32.70,-25.66,-15.11
2037-01-01,49.62,-120.04,-32.20,-25.77,-20.38,-32.39,-24.79,-19.69,-33.91,-26.07,-18.97
2038-01-01,49.62,-120.04,-31.27,-25.20,-19.40,-34.14,-28.85,-16.75,-30.18,-23.28,-18.78
2039-01-01,49.62,-120.04,-33.34,-25.93,-19.68,-32.24,-24.96,-20.03,-29.84,-23.06,-14.94
2040-01-01,49.62,-120.04,-32.96,-24.68,-15.61,-34.17,-25.44,-17.70,-30.48,-27.02,-19.93
2041-01-01,49.62,-120.04,-34.30,-26.57,-16.88,-32.22,-25.69,-21.17,-31.45,-24.41,-16.62
2042-01-01,49.62,-120.04,-30.94,-25.62,-18.16,-32.60,-22.59,-18.02,-33.03,-24.67,-16.16
2043-01-01,49.62,-120.04,-32.31,-27.52,-19.53,-32.75,-23.03,-17.56,-30.94,-24.14,-18.06
2044-01-01,49.62,-120.04,-35.67,-25.74,-15.96,-31.34,-24.04,-18.72,-28.09,-21.65,-16.14
2045-01-01,49.62,-120.04,-32.16,-24.61,-18.52,-30.55,-22.47,-16.77,-30.14,-24.96,-19.14
2046-01-01,49.62,-120.04,-34.90,-24.43,-16.50,-30.12,-23.19,-16.18,-30.38,-23.52,-19.24
2047-01-01,49.62,-120.04,-31.43,-24.49,-15.73,-30.75,-23.06,-16.17,-30.95,-24.16,-17.05
2048-01-01,49.62,-120.04,-33.42,-28.51,-19.91,-32.37,-25.94,-18.58,-26.96,-22.38,-17.71
2049-01-01,49.62,-120.04,-32.18,-26.30,-17.36,-30.23,-23.63,-15.54,-27.17,-22.88,-14.71
2050-01-01,49.62,-120.04,-32.95,-27.40,-18.85,-32.39,-24.05,-18.76,-29.07,-23.04,-13.54
2051-01-01,49.62,-120.04,-33.73,-25.49,-19.84,-31.15,-24.78,-18.54,-26.78,-21.88,-13.83
2052-01-01,49.62,-120.04,-33.52,-25.94,-16.39,-27.80,-21.13,-16.93,-29.24,-24.48,-13.95
2053-01-01,49.62,-120.04,-34.30,-27.35,-20.51,-28.35,-23.62,-15.37,-31.21,-24.30,-18.11
2054-01-01,49.62,-120.04,-36.26,-25.47,-18.49,-29.36,-22.24,-17.73,-30.40,-22.95,-18.17
2055-01-01,49.62,-120.04,-34.53,-25.25,-18.56,-30.75,-23.84,-15.88,-29.57,-24.59,-13.46
2056-01-01,49.62,-120.04,-31.81,-21.96,-17.72,-30.84,-25.36,-18.53,-30.84,-23.75,-16.12
2057-01-01,49.62,-120.04,-31.88,-23.92,-17.39,-33.03,-23.32,-20.23,-30.37,-23.37,-15.29
2058-01-01,49.62,-120.04,-30.75,-26.00,-18.01,-28.76,-23.88,-13.84,-29.95,-21.14,-14.13
2059-01-01,49.62,-120.04,-30.59,-25.76,-15.47,-30.81,-23.28,-13.66,-28.89,-20.68,-15.75
2060-01-01,49.62,-120.04,-30.95,-25.07,-17.75,-31.50,-23.95,-17.24,-30.90,-21.55,-15.55
2061-01-01,49.62,-120.04,-31.73,-23.00,-17.19,-31.27,-26.22,-20.67,-29.28,-21.57,-14.18
2062-01-01,49.62,-120.04,-27.57,-25.19,-17.03,-30.67,-22.84,-15.53,-27.76,-20.79,-14.02
2063-01-01,49.62,-120.04,-28.64,-23.70,-20.52,-32.49,-24.53,-17.58,-27.60,-19.53,-12.92
2064-01-01,49.62,-120.04,-31.41,-25.19,-19.08,-28.28,-23.21,-15.18,-28.08,-21.61,-12.06
2065-01-01,49.62,-120.04,-30.04,-23.46,-18.60,-29.07,-23.20,-18.03,-25.72,-22.13,-14.22
2066-01-01,49.62,-120.04,-31.65,-25.26,-19.53,-30.91,-18.71,-13.05,-27.06,-21.50,-15.94
2067-01-01,49.62,-120.04,-30.95,-23.33,-18.70,-29.98,-22.06,-17.74,-28.42,-20.11,-12.25
2068-01-01,49.62,-120.04,-30.30,-25.17,-17.85,-30.83,-22.94,-13.76,-28.77,-22.83,-12.27
2069-01-01,49.62,-120.04,-31.59,-24.58,-19.54,-28.34,-23.25,-17.25,-25.70,-17.51,-11.17
2070-01-01,49.62,-120.04,-32.51,-23.08,-16.47,-27.54,-23.98,-15.66,-27.37,-18.40,-12.14
2071-01-01,49.62,-120.04,-30.13,-24.18,-17.13,-30.69,-21.97,-14.39,-28.28,-19.67,-13.66
2072-01-01,49.62,-120.04,-36.02,-28.61,-19.59,-31.43,-22.51,-15.90,-30.77,-19.94,-12.35
2073-01-01,49.62,-120.04,-28.86,-23.51,-17.68,-27.10,-21.10,-15.43,-28.35,-21.54,-12.52
2074-01-01,49.62,-120.04,-28.66,-22.40,-18.03,-29.65,-23.10,-19.02,-28.80,-20.17,-13.62
2075-01-01,49.62,-120.04,-31.57,-24.35,-18.00,-29.20,-23.52,-14.53,-25.82,-20.16,-14.82
2076-01-01,49.62,-120.04,-31.71,-25.41,-17.39,-27.92,-24.29,-15.86,-27.36,-18.55,-13.54
2077-01-01,49.62,-120.04,-31.71,-25.29,-16.76,-29.96,-22.40,-14.94,-28.59,-18.84,-12.36
2078-01-01,49.62,-120.04,-33.24,-25.68,-17.39,-28.97,-22.33,-16.52,-25.15,-18.27,-11.49
2079-01-01,49.62,-120.04,-32.58,-26.19,-19.50,-29.38,-23.87,-17.04,-27.77,-18.81,-13.70
2080-01-01,49.62,-120.04,-34.45,-25.04,-19.66,-28.12,-22.65,-16.72,-24.21,-19.26,-10.80
2081-01-01,49.62,-120.04,-33.23,-25.63,-19.66,-28.74,-22.81,-15.87,-26.59,-19.04,-11.50
2082-01-01,49.62,-120.04,-36.56,-24.52,-18.32,-30.08,-22.35,-15.46,-24.44,-15.99,-13.41
2083-01-01,49.62,-120.04,-36.60,-26.00,-20.62,-30.24,-23.99,-15.04,-28.95,-19.43,-11.60
2084-01-01,49.62,-120.04,-29.75,-26.18,-18.30,-31.65,-21.37,-18.81,-26.76,-17.12,-10.30
2085-01-01,49.62,-120.04,-28.75,-21.63,-15.71,-30.10,-21.74,-15.76,-26.70,-20.62,-13.73
2086-01-01,49.62,-120.04,-35.91,-26.04,-19.17,-30.36,-20.33,-12.03,-24.82,-19.15,-10.57
2087-01-01,49.62,-120.04,-33.57,-23.42,-17.14,-28.27,-23.39,-12.67,-28.61,-18.77,-12.29
2088-01-01,49.62,-120.04,-31.37,-25.82,-15.70,-29.87,-23.57,-16.24,-27.17,-19.54,-13.09
2089-01-01,49.62,-120.04,-33.64,-26.58,-17.11,-30.62,-23.00,-15.42,-27.35,-16.20,-12.01
2090-01-01,49.62,-120.04,-34.76,-25.45,-18.29,-33.74,-18.15,-12.29,-26.30,-18.22,-13.23
2091-01-01,49.62,-120.04,-32.49,-22.61,-15.54,-30.15,-22.11,-15.13,-27.00,-17.66,-10.81
2092-01-01,49.62,-120.04,-31.57,-25.70,-15.98,-30.53,-23.12,-13.76,-27.18,-19.77,-13.12
2093-01-01,49.62,-120.04,-32.53,-25.36,-17.61,-27.02,-22.78,-16.65,-23.61,-18.75,-14.33
2094-01-01,49.62,-120.04,-32.35,-25.04,-19.73,-29.91,-21.69,-17.95,-25.23,-18.56,-13.39
2095-01-01,49.62,-120.04,-32.16,-23.35,-15.77,-29.23,-20.82,-13.93,-26.91,-17.38,-9.52
2096-01-01,49.62,-120.04,-29.74,-23.91,-17.46,-31.68,-23.15,-17.90,-26.34,-18.44,-9.80
2097-01-01,49.62,-120.04,-29.03,-21.23,-17.81,-29.99,-21.68,-14.32,-20.56,-15.33,-11.63
2098-01-01,49.62,-120.04,-31.74,-24.14,-17.82,-30.94,-22.42,-14.81,-24.97,-15.66,-9.27
2099-01-01,49.62,-120.04,-31.19,-26.62,-16.03,-29.54,-23.46,-13.18,-22.33,-15.37,-9.84
2100-01-01,49.62,-120.04,-31.53,-24.75,-17.97,-31.30,-23.24,-16.50,-22.61,-18.86,-10.85
1950-01-01,49.62,-118.54,-32.61,-27.22,-21.36,-32.61,-27.22,-21.36,-32.61,-27.22,-21.36
1951-01-01,49.62,-118.54,-33.15,-26.51,-19.80,-33.15,-26.51,-19.80,-33.15,-26.95,-19.80
1952-01-01,49.62,-118.54,-31.84,-28.74,-21.98,-31.84,-28.74,-21.98,-31.84,-28.74,-21.98
1953-01-01,49.62,-118.54,-32.70,-27.60,-21.15,-32.70,-27.60,-21.15,-32.70,-27.60,-21.15
1954-01-01,49.62,-118.54,-33.56,-26.84,-22.07,-33.56,-26.84,-22.07,-33.74,-26.84,-22.07
1955-01-01,49.62,-118.54,-32.93,-28.44,-23.90,-32.93,-28.44,-23.90,-32.93,-28.44,-23.90
1956-01-01,49.62,-118.54,-31.32,-27.54,-23.57,-31.32,-27.54,-23.57,-31.32,-27.54,-23.65
1957-01-01,49.62,-118.54,-31.90,-27.18,-22.70,-31.90,-27.18,-22.70,-32.60,-27.18,-22.70
1958-01-01,49.62,-118.54,-33.33,-30.44,-23.34,-33.33,-30.44,-23.34,-33.33,-30.44,-23.38
1959-01-01,49.62,-118.54,-33.36,-25.50,-20.96,-33.36,-25.50,-20.96,-33.36,-25.50,-20.96
1960-01-01,49.62,-118.54,-38.28,-28.95,-21.98,-38.28,-28.95,-21.98,-38.28,-28.95,-21.98
1961-01-01,49.62,-118.54,-32.38,-26.99,-20.56,-32.38,-26.99,-20.56,-33.09,-26.99,-20.56
1962-01-01,49.62,-118.54,-32.59,-28.22,-23.44,-32.59,-28.22,-23.44,-34.61,-28.22,-23.44
1963-01-01,49.62,-118.54,-33.18,-28.17,-20.00,-33.18,-28.17,-20.00,-32.80,-28.17,-20.00
1964-01-01,49.62,-118.54,-33.23,-29.92,-22.14,-33.23,-29.92,-22.14,-33.23,-29.92,-22.14
1965-01-01,49.62,-118.54,-35.36,-28.91,-22.88,-35.36,-28.91,-22.88,-35.36,-28.91,-22.88
1966-01-01,49.62,-118.54,-38.50,-27.14,-20.65,-38.50,-27.14,-20.65,-38.50,-27.14,-20.67
1967-01-01,49.62,-118.54,-34.59,-30.31,-21.45,-34.59,-30.31,-21.45,-34.59,-30.58,-21.45
1968-01-01,49.62,-118.54,-33.11,-27.80,-23.57,-33.11,-27.80,-23.57,-33.11,-27.80,-23.57
1969-01-01,49.62,-118.54,-31.40,-26.85,-21.06,-31.40,-26.85,-21.06,-31.40,-26.85,-21.06
1970-01-01,49.62,-118.54,-35.19,-28.69,-21.96,-35.19,-28.69,-21.96,-35.19,-28.69,-22.04
1971-01-01,49.62,-118.54,-32.00,-26.90,-23.90,-32.00,-26.90,-23.90,-32.00,-26.90,-23.90
1972-01-01,49.62,-118.54,-34.95,-30.39,-25.38,-34.95,-30.39,-25.38,-34.95,-30.77,-25.38
1973-01-01,49.62,-118.54,-33.08,-27.73,-22.74,-33.08,-27.73,-22.74,-33.08,-27.73,-22.74
1974-01-01,49.62,-118.54,-33.69,-29.34,-24.55,-33.69,-29.34,-24.55,-34.55,-29.34,-24.55
1975-01-01,49.62,-118.54,-31.79,-28.15,-24.56,-31.79,-28.15,-24.56,-31.79,-28.15,-24.56
1976-01-01,49.62,-118.54,-32.05,-26.66,-21.88,-32.05,-26.66,-21.88,-32.05,-26.66,-21.88
1977-01-01,49.62,-118.54,-31.65,-26.25,-22.59,-31.65,-26.25,-22.59,-31.65,-26.25,-22.59
1978-01-01,49.62,-118.54,-34.32,-28.81,-21.67,-34.32,-28.81,-21.67,-34.32,-28.81,-21.67
1979-01-01,49.62,-118.54,-34.24,-26.90,-21.60,-34.24,-26.90,-21.60,-34.24,-26.98,-21.60
1980-01-01,49.62,-118.54,-33.68,-28.72,-22.64,-33.63,-28.53,-22.77,-33.63,-28.67,-22.72
1981-01-01,49.62,-118.54,-32.98,-28.10,-20.24,-32.98,-27.91,-19.95,-33.56,-28.12,-20.23
1982-01-01,49.62,-118.54,-35.25,-28.80,-22.27,-35.25,-28.80,-22.31,-35.25,-28.79,-22.82
1983-01-01,49.62,-118.54,-33.73,-29.72,-23.82,-33.74,-29.71,-23.64,-33.74,-29.71,-23.81
1984-01-01,49.62,-118.54,-36.47,-27.25,-21.97,-36.47,-27.26,-22.07,-36.47,-27.31,-22.08
1985-01-01,49.62,-118.54,-34.24,-29.08,-24.02,-33.75,-29.03,-23.99,-34.35,-29.08,-24.07
1986-01-01,49.62,-118.54,-33.87,-27.61,-22.48,-33.87,-27.78,-22.43,-34.82,-27.66,-22.42
1987-01-01,49.62,-118.54,-32.84,-26.70,-21.39,-32.75,-26.99,-21.70,-33.10,-27.57,-21.41
1988-01-01,49.62,-118.54,-34.20,-30.66,-21.36,-34.71,-30.58,-21.11,-34.16,-31.19,-21.34
1989-01-01,49.62,-118.54,-31.86,-28.46,-20.70,-31.86,-28.43,-20.46,-31.86,-28.55,-20.59
1990-01-01,49.62,-118.54,-31.51,-28.48,-21.18,-31.55,-28.52,-21.38,-31.92,-28.52,-21.40
1991-01-01,49.62,-118.54,-33.05,-27.23,-21.87,-33.05,-27.45,-21.84,-33.22,-27.23,-21.55
1992-01-01,49.62,-118.54,-31.72,-26.15,-22.26,-31.80,-25.81,-22.90,-31.69,-25.86,-23.39
1993-01-01,49.62,-118.54,-34.98,-26.81,-20.52,-35.01,-26.57,-20.36,-35.00,-27.02,-20.52
1994-01-01,49.62,-118.54,-34.12,-28.22,-19.97,-34.13,-28.22,-19.95,-34.15,-28.22,-19.97
1995-01-01,49.62,-118.54,-34.71,-28.04,-23.29,-34.71,-28.06,-23.38,-34.74,-28.30,-22.94
1996-01-01,49.62,-118.54,-36.18,-28.22,-23.62,-36.14,-28.22,-24.68,-36.14,-28.04,-23.31
1997-01-01,49.62,-118.54,-32.28,-24.74,-19.61,-31.22,-24.72,-19.60,-31.05,-24.74,-19.73
1998-01-01,49.62,-118.54,-38.48,-26.17,-22.17,-38.99,-26.36,-22.24,-38.61,-26.36,-22.59
1999-01-01,49.62,-118.54,-32.30,-25.35,-19.77,-32.29,-25.23,-19.99,-32.29,-25.73,-19.98
2000-01-01,49.62,-118.54,-32.47,-27.88,-23.08,-31.95,-27.57,-23.52,-32.34,-27.75,-23.20
2001-01-01,49.62,-118.54,-31.59,-27.99,-22.85,-31.22,-27.75,-22.91,-31.23,-28.00,-22.90
2002-01-01,49.62,-118.54,-32.30,-26.90,-20.73,-32.30,-26.58,-20.89,-32.30,-26.79,-20.91
2003-01-01,49.62,-118.54,-31.41,-28.18,-20.34,-31.10,-28.23,-20.38,-31.34,-28.11,-20.34
2004-01-01,49.62,-118.54,-33.40,-28.26,-22.17,-33.55,-28.26,-22.00,-33.50,-27.56,-22.19
2005-01-01,49.62,-118.54,-31.26,-26.81,-21.70,-31.26,-26.78,-21.62,-31.26,-26.81,-22.75
2006-01-01,49.62,-118.54,-33.24,-26.15,-21.83,-30.97,-24.72,-19.35,-32.11,-25.96,-19.72
2007-01-01,49.62,-118.54,-34.59,-29.29,-23.21,-36.82,-29.99,-17.64,-31.22,-26.42,-20.05
2008-01-01,49.62,-118.54,-33.04,-25.84,-19.24,-30.81,-26.48,-21.06,-34.28,-29.25,-22.57
2009-01-01,49.62,-118.54,-30.90,-24.68,-17.81,-33.66,-25.51,-19.37,-34.42,-27.22,-18.88
2010-01-01,49.62,-118.54,-31.06,-24.22,-18.50,-29.63,-25.78,-19.09,-30.49,-25.31,-20.43
2011-01-01,49.62,-118.54,-32.20,-26.94,-21.43,-31.64,-24.03,-20.29,-33.82,-27.32,-19.68
2012-01-01,49.62,-118.54,-30.22,-26.51,-18.79,-35.10,-27.63,-20.19,-32.36,-26.67,-19.16
2013-01-01,49.62,-118.54,-34.23,-24.64,-18.32,-33.48,-27.34,-23.41,-33.17,-23.82,-21.63
2014-01-01,49.62,-118.54,-31.20,-25.31,-18.00,-31.94,-26.70,-20.39,-32.54,-25.77,-19.17
2015-01-01,49.62,-118.54,-30.83,-24.18,-20.59,-33.29,-26.69,-21.19,-32.89,-28.20,-19.32
2016-01-01,49.62,-118.54,-30.70,-25.69,-17.47,-34.96,-28.99,-20.64,-32.29,-23.52,-19.07
2017-01-01,49.62,-118.54,-32.42,-25.70,-18.88,-32.17,-25.21,-21.49,-32.91,-26.77,-17.83
2018-01-01,49.62,-118.54,-27.92,-23.94,-18.35,-34.80,-25.67,-20.64,-29.55,-23.46,-20.31
2019-01-01,49.62,-118.54,-34.24,-25.56,-19.41,-31.05,-25.42,-20.77,-34.51,-26.16,-21.34
2020-01-01,49.62,-118.54,-29.55,-25.24,-21.55,-31.40,-23.51,-18.18,-30.32,-27.12,-19.12
2021-01-01,49.62,-118.54,-33.97,-27.21,-21.47,-32.78,-25.23,-20.21,-29.99,-26.99,-19.14
2022-01-01,49.62,-118.54,-34.14,-26.10,-20.26,-32.45,-26.58,-19.16,-34.54,-24.14,-17.91
2023-01-01,49.62,-118.54,-33.07,-27.62,-18.77,-34.16,-27.07,-17.15,-29.49,-23.64,-17.87
2024-01-01,49.62,-118.54,-30.55,-24.90,-20.18,-29.67,-23.88,-19.19,-33.87,-26.43,-20.45
2025-01-01,49.62,-118.54,-30.10,-26.17,-21.80,-32.37,-26.45,-19.58,-31.90,-25.40,-18.07
2026-01-01,49.62,-118.54,-31.19,-23.52,-18.31,-30.69,-25.24,-17.68,-31.94,-27.08,-19.42
2027-01-01,49.62,-118.54,-32.64,-24.25,-17.26,-30.88,-24.91,-17.65,-33.24,-24.00,-17.88
2028-01-01,49.62,-118.54,-30.86,-25.52,-17.94,-30.06,-23.60,-18.73,-30.10,-23.13,-16.09
2029-01-01,49.62,-118.54,-32.39,-23.60,-19.54,-31.69,-25.91,-22.60,-30.95,-24.03,-19.30
2030-01-01,49.62,-118.54,-29.51,-25.62,-18.69,-34.25,-26.34,-18.30,-31.95,-24.05,-18.27
2031-01-01,49.62,-118.54,-30.31,-26.31,-15.53,-31.04,-25.17,-18.16,-32.45,-25.84,-19.29
2032-01-01,49.62,-118.54,-36.94,-24.21,-18.22,-35.52,-25.19,-17.17,-32.53,-25.17,-18.85
2033-01-01,49.62,-118.54,-29.31,-24.77,-17.57,-31.76,-24.57,-17.01,-31.50,-24.64,-18.17
2034-01-01,49.62,-118.54,-30.99,-26.51,-19.20,-33.15,-23.49,-18.44,-30.39,-25.22,-16.25
2035-01-01,49.62,-118.54,-30.79,-23.87,-17.06,-33.03,-25.22,-19.75,-32.15,-23.33,-18.37
2036-01-01,49.62,-118.54,-33.07,-25.16,-19.37,-34.14,-25.71,-18.16,-31.79,-24.34,-15.79
2037-01-01,49.62,-118.54,-31.29,-25.28,-20.40,-30.13,-23.38,-19.94,-31.87,-23.67,-18.26
2038-01-01,49.62,-118.54,-29.46,-24.81,-20.13,-34.04,-27.70,-17.63,-27.47,-22.08,-19.06
2039-01-01,49.62,-118.54,-33.24,-25.21,-18.71,-29.54,-24.63,-19.25,-28.24,-23.11,-14.74
2040-01-01,49.62,-118.54,-31.35,-23.95,-16.08,-34.36,-25.02,-17.01,-29.02,-24.58,-18.34
2041-01-01,49.62,-118.54,-32.57,-26.24,-17.00,-29.91,-25.10,-20.28,-31.05,-23.45,-15.82
2042-01-01,49.62,-118.54,-31.13,-24.58,-16.84,-32.54,-21.82,-16.43,-30.73,-23.78,-16.47
2043-01-01,49.62,-118.54,-31.36,-25.44,-21.23,-30.89,-22.52,-16.14,-29.67,-23.32,-16.26
2044-01-01,49.62,-118.54,-32.59,-24.03,-16.61,-29.45,-23.19,-17.29,-27.28,-21.18,-15.93
2045-01-01,49.62,-118.54,-29.98,-23.61,-17.57,-29.74,-22.23,-15.83,-28.73,-23.87,-19.63
2046-01-01,49.62,-118.54,-35.37,-23.90,-16.75,-28.71,-21.54,-16.33,-29.20,-23.32,-16.28
2047-01-01,49.62,-118.54,-30.19,-22.58,-15.01,-30.24,-22.32,-16.18,-29.98,-22.55,-15.62
2048-01-01,49.62,-118.54,-33.49,-26.32,-19.41,-32.94,-22.92,-18.48,-25.15,-21.21,-17.08
2049-01-01,49.62,-118.54,-31.72,-24.64,-16.79,-29.74,-23.07,-15.90,-25.37,-21.21,-14.98
2050-01-01,49.62,-118.54,-32.35,-25.94,-17.33,-33.59,-23.50,-17.72,-25.88,-20.84,-13.28
2051-01-01,49.62,-118.54,-32.26,-24.07,-19.41,-30.36,-23.43,-19.52,-27.08,-21.17,-13.69
2052-01-01,49.62,-118.54,-33.05,-24.57,-16.11,-25.69,-20.16,-15.22,-27.62,-22.21,-12.45
2053-01-01,49.62,-118.54,-32.57,-26.18,-19.60,-26.63,-21.86,-16.69,-30.83,-23.24,-16.46
2054-01-01,49.62,-118.54,-31.87,-23.36,-17.74,-27.36,-22.35,-17.00,-28.21,-21.29,-17.68
2055-01-01,49.62,-118.54,-29.96,-23.95,-18.08,-28.71,-22.33,-16.06,-28.22,-23.09,-12.86
2056-01-01,49.62,-118.54,-30.38,-21.67,-15.81,-30.75,-24.29,-17.26,-29.52,-22.14,-14.70
2057-01-01,49.62,-118.54,-32.45,-24.43,-17.44,-32.51,-22.16,-19.43,-26.95,-21.17,-14.71
2058-01-01,49.62,-118.54,-30.98,-26.37,-17.11,-28.24,-22.25,-14.09,-26.31,-19.39,-12.42
2059-01-01,49.62,-118.54,-30.12,-25.47,-14.99,-30.69,-21.59,-13.28,-25.72,-20.80,-15.11
2060-01-01,49.62,-118.54,-29.96,-24.56,-17.03,-30.96,-21.78,-17.37,-27.55,-19.70,-14.18
2061-01-01,49.62,-118.54,-29.99,-21.68,-17.53,-29.74,-23.36,-20.85,-28.73,-20.81,-15.06
2062-01-01,49.62,-118.54,-28.45,-24.35,-17.18,-30.82,-21.43,-15.23,-26.45,-20.25,-12.78
2063-01-01,49.62,-118.54,-28.89,-22.15,-18.85,-32.01,-23.52,-16.21,-26.07,-19.54,-14.03
2064-01-01,49.62,-118.54,-32.23,-23.74,-18.51,-28.00,-22.28,-14.77,-26.64,-21.22,-12.24
2065-01-01,49.62,-118.54,-28.41,-23.92,-18.84,-27.35,-21.96,-16.54,-26.05,-20.57,-13.51
2066-01-01,49.62,-118.54,-31.33,-24.10,-19.42,-29.54,-17.96,-13.76,-25.21,-20.79,-14.85
2067-01-01,49.62,-118.54,-28.52,-22.66,-17.83,-28.38,-21.03,-16.84,-26.83,-19.74,-11.51
2068-01-01,49.62,-118.54,-31.68,-24.05,-17.53,-28.50,-22.07,-14.09,-26.98,-22.00,-11.90
2069-01-01,49.62,-118.54,-29.31,-23.12,-19.52,-27.75,-22.19,-16.16,-25.57,-17.07,-10.99
2070-01-01,49.62,-118.54,-30.82,-22.44,-16.29,-27.00,-23.11,-15.76,-25.97,-18.93,-11.52
2071-01-01,49.62,-118.54,-29.06,-22.93,-16.17,-28.49,-20.75,-13.15,-25.97,-19.35,-12.32
2072-01-01,49.62,-118.54,-34.15,-26.47,-18.21,-30.85,-20.24,-14.99,-28.50,-18.99,-10.03
2073-01-01,49.62,-118.54,-29.14,-21.90,-17.05,-27.55,-21.38,-15.36,-28.10,-19.96,-12.98
2074-01-01,49.62,-118.54,-29.09,-23.28,-17.42,-29.38,-23.11,-18.97,-28.33,-20.29,-13.38
2075-01-01,49.62,-118.54,-31.07,-22.99,-18.47,-27.81,-22.42,-15.08,-25.17,-20.02,-12.59
2076-01-01,49.62,-118.54,-29.43,-24.89,-15.36,-28.60,-23.44,-15.61,-25.46,-18.24,-13.05
2077-01-01,49.62,-118.54,-31.69,-24.05,-17.19,-29.66,-22.05,-13.53,-28.00,-17.22,-12.51
2078-01-01,49.62,-118.54,-31.68,-24.56,-16.46,-27.19,-22.35,-15.38,-22.62,-16.88,-11.25
2079-01-01,49.62,-118.54,-31.71,-24.57,-18.74,-28.06,-22.82,-15.70,-26.09,-17.94,-13.08
2080-01-01,49.62,-118.54,-34.24,-24.25,-19.27,-27.80,-23.01,-16.93,-25.70,-19.25,-10.02
2081-01-01,49.62,-118.54,-32.27,-23.78,-19.60,-28.12,-20.78,-15.54,-26.49,-19.66,-10.18
2082-01-01,49.62,-118.54,-33.86,-25.78,-17.40,-27.79,-21.03,-14.24,-22.86,-16.37,-13.10
2083-01-01,49.62,-118.54,-32.97,-24.49,-18.86,-28.84,-21.63,-15.83,-29.22,-18.92,-11.13
2084-01-01,49.62,-118.54,-29.23,-25.71,-17.76,-27.46,-21.45,-16.49,-25.39,-18.10,-9.56
2085-01-01,49.62,-118.54,-27.50,-21.39,-15.63,-29.50,-21.18,-15.22,-23.46,-18.25,-13.11
2086-01-01,49.62,-118.54,-32.22,-25.24,-20.31,-29.69,-21.13,-12.83,-23.21,-17.54,-8.81
2087-01-01,49.62,-118.54,-32.50,-22.38,-17.21,-27.95,-22.73,-13.38,-25.96,-18.15,-11.96
2088-01-01,49.62,-118.54,-29.60,-25.01,-16.05,-28.58,-22.29,-15.68,-26.98,-17.95,-12.02
2089-01-01,49.62,-118.54,-33.31,-25.12,-16.88,-30.89,-21.46,-15.37,-27.97,-15.58,-11.03
2090-01-01,49.62,-118.54,-31.45,-24.10,-17.10,-34.07,-17.80,-13.16,-23.73,-17.90,-13.75
2091-01-01,49.62,-118.54,-31.98,-21.53,-15.54,-29.49,-20.86,-14.77,-25.53,-16.28,-9.92
2092-01-01,49.62,-118.54,-30.66,-24.84,-15.88,-26.29,-22.61,-14.50,-25.74,-17.83,-12.05
2093-01-01,49.62,-118.54,-32.32,-24.33,-17.20,-24.69,-21.02,-16.51,-23.36,-17.76,-12.81
2094-01-01,49.62,-118.54,-32.50,-23.37,-19.17,-27.68,-20.44,-16.42,-23.28,-16.27,-11.88
2095-01-01,49.62,-118.54,-31.64,-22.02,-16.80,-28.30,-19.04,-14.54,-26.67,-15.87,-10.06
2096-01-01,49.62,-118.54,-27.43,-22.87,-16.56,-32.12,-23.00,-17.41,-25.18,-16.53,-10.31
2097-01-01,49.62,-118.54,-29.26,-21.11,-16.72,-28.73,-20.79,-13.84,-19.90,-14.75,-10.74
2098-01-01,49.62,-118.54,-30.47,-23.04,-16.98,-29.01,-21.31,-13.43,-21.02,-13.33,-10.07
2099-01-01,49.62,-118.54,-30.35,-24.43,-17.24,-28.51,-21.73,-14.83,-21.78,-15.94,-8.93
2100-01-01,49.62,-118.54,-26.93,-22.33,-16.09,-29.21,-22.10,-15.31,-22.04,-17.08,-10.23
1950-01-01,49.87,-119.29,-34.24,-28.95,-22.44,-34.24,-28.95,-22.44,-34.24,-28.98,-22.44
1951-01-01,49.87,-119.29,-34.48,-28.90,-20.19,-34.48,-28.90,-20.19,-34.48,-28.90,-20.19
1952-01-01,49.87,-119.29,-33.88,-30.74,-24.37,-33.88,-30.74,-24.37,-33.88,-30.74,-24.37
1953-01-01,49.87,-119.29,-34.93,-29.37,-23.13,-34.93,-29.37,-23.13,-34.93,-29.37,-23.13
1954-01-01,49.87,-119.29,-34.48,-29.12,-22.92,-34.48,-29.12,-22.92,-35.00,-29.12,-22.92
1955-01-01,49.87,-119.29,-34.31,-31.06,-25.77,-34.31,-31.06,-25.77,-34.31,-31.06,-25.77
1956-01-01,49.87,-119.29,-33.30,-29.54,-25.13,-33.30,-29.54,-25.13,-33.30,-29.54,-25.13
1957-01-01,49.87,-119.29,-34.65,-29.91,-23.51,-34.65,-29.91,-23.51,-34.67,-29.91,-23.51
1958-01-01,49.87,-119.29,-35.19,-33.62,-23.84,-35.19,-33.62,-23.84,-35.19,-33.62,-23.84
1959-01-01,49.87,-119.29,-35.64,-27.59,-22.55,-35.64,-27.59,-22.55,-35.51,-27.59,-22.55
1960-01-01,49.87,-119.29,-40.62,-31.42,-24.27,-40.62,-31.42,-24.27,-40.62,-31.42,-24.27
1961-01-01,49.87,-119.29,-35.07,-28.23,-20.91,-35.07,-28.23,-20.91,-35.07,-28.23,-20.91
1962-01-01,49.87,-119.29,-35.26,-30.30,-24.76,-35.26,-30.30,-24.76,-36.10,-30.30,-24.76
1963-01-01,49.87,-119.29,-35.17,-30.23,-19.55,-35.17,-30.23,-19.55,-35.17,-30.23,-19.55
1964-01-01,49.87,-119.29,-36.14,-32.02,-22.78,-36.14,-32.02,-22.78,-36.14,-32.02,-22.82
1965-01-01,49.87,-119.29,-36.15,-31.57,-24.75,-36.15,-31.57,-24.75,-36.15,-31.57,-24.75
1966-01-01,49.87,-119.29,-41.35,-28.73,-21.41,-41.35,-28.73,-21.41,-41.35,-28.73,-21.80
1967-01-01,49.87,-119.29,-36.48,-32.51,-23.08,-36.48,-32.51,-23.08,-36.48,-32.51,-23.08
1968-01-01,49.87,-119.29,-35.22,-29.65,-23.92,-35.22,-29.65,-23.92,-35.22,-29.65,-23.47
1969-01-01,49.87,-119.29,-33.10,-28.42,-23.34,-33.10,-28.42,-23.34,-33.10,-28.42,-23.02
1970-01-01,49.87,-119.29,-37.23,-30.32,-23.58,-37.23,-30.32,-23.58,-37.23,-30.32,-23.58
1971-01-01,49.87,-119.29,-35.63,-28.82,-24.90,-35.63,-28.82,-24.90,-35.63,-28.82,-24.90
1972-01-01,49.87,-119.29,-36.28,-32.32,-26.99,-36.28,-32.32,-26.99,-36.83,-32.32,-26.99
1973-01-01,49.87,-119.29,-35.16,-29.69,-24.22,-35.16,-29.69,-24.22,-35.16,-29.69,-24.22
1974-01-01,49.87,-119.29,-35.81,-31.30,-26.89,-35.81,-31.30,-26.89,-36.75,-31.30,-26.89
1975-01-01,49.87,-119.29,-36.13,-29.24,-25.42,-36.13,-29.24,-25.42,-36.13,-29.24,-25.29
1976-01-01,49.87,-119.29,-35.08,-29.12,-22.60,-35.08,-29.12,-22.60,-35.08,-29.12,-22.60
1977-01-01,49.87,-119.29,-34.38,-28.06,-23.25,-34.38,-28.06,-23.25,-34.38,-28.06,-23.25
1978-01-01,49.87,-119.29,-36.85,-30.47,-22.96,-36.85,-30.47,-22.96,-36.85,-30.47,-22.96
1979-01-01,49.87,-119.29,-36.18,-29.95,-22.31,-36.18,-29.95,-22.31,-36.18,-29.96,-22.31
1980-01-01,49.87,-119.29,-35.57,-29.93,-24.43,-35.16,-29.95,-24.62,-35.57,-29.56,-24.57
1981-01-01,49.87,-119.29,-34.94,-30.59,-21.17,-34.94,-30.66,-20.87,-34.94,-30.45,-21.07
1982-01-01,49.87,-119.29,-36.88,-31.09,-23.31,-37.19,-31.09,-23.32,-37.18,-30.88,-24.50
1983-01-01,49.87,-119.29,-36.14,-32.72,-24.37,-36.08,-32.73,-24.35,-36.08,-32.68,-24.33
1984-01-01,49.87,-119.29,-38.31,-29.32,-23.22,-38.31,-29.10,-23.04,-38.31,-29.37,-23.03
1985-01-01,49.87,-119.29,-35.36,-30.10,-25.73,-35.59,-30.12,-25.72,-35.57,-30.00,-25.96
1986-01-01,49.87,-119.29,-35.95,-30.02,-24.03,-35.95,-29.98,-24.21,-35.89,-30.04,-24.29
1987-01-01,49.87,-119.29,-34.23,-28.97,-23.09,-34.06,-29.18,-23.39,-34.19,-29.55,-22.97
1988-01-01,49.87,-119.29,-36.79,-31.03,-23.47,-37.54,-31.08,-23.46,-36.93,-32.05,-23.55
1989-01-01,49.87,-119.29,-35.80,-30.07,-20.96,-35.80,-30.06,-20.54,-35.80,-29.97,-20.67
1990-01-01,49.87,-119.29,-33.72,-29.22,-22.19,-34.14,-29.50,-21.76,-33.88,-29.50,-22.19
1991-01-01,49.87,-119.29,-35.70,-28.95,-23.44,-35.64,-28.83,-23.32,-36.02,-28.89,-23.39
1992-01-01,49.87,-119.29,-34.13,-28.82,-20.57,-34.07,-29.07,-20.61,-34.06,-29.07,-20.72
1993-01-01,49.87,-119.29,-37.63,-29.60,-21.94,-37.90,-29.33,-22.01,-37.90,-29.68,-21.89
1994-01-01,49.87,-119.29,-35.91,-30.63,-21.74,-35.92,-30.63,-21.66,-35.91,-30.63,-21.63
1995-01-01,49.87,-119.29,-36.05,-30.52,-25.29,-36.05,-30.55,-25.27,-36.05,-30.77,-25.52
1996-01-01,49.87,-119.29,-37.21,-29.58,-24.75,-36.75,-29.34,-24.71,-36.89,-30.16,-24.51
1997-01-01,49.87,-119.29,-33.32,-26.47,-20.03,-32.37,-26.67,-20.00,-32.17,-26.71,-20.00
1998-01-01,49.87,-119.29,-39.64,-29.18,-22.13,-40.28,-29.30,-22.10,-39.85,-28.67,-22.13
1999-01-01,49.87,-119.29,-33.75,-28.28,-20.74,-33.75,-28.32,-20.80,-33.77,-28.20,-20.87
2000-01-01,49.87,-119.29,-34.19,-29.81,-23.26,-34.24,-29.80,-23.54,-34.09,-29.88,-23.14
2001-01-01,49.87,-119.29,-33.04,-29.73,-25.09,-32.73,-29.89,-24.67,-32.75,-29.84,-25.07
2002-01-01,49.87,-119.29,-34.18,-29.22,-20.55,-34.26,-29.16,-20.53,-34.25,-29.19,-21.51
2003-01-01,49.87,-119.29,-33.33,-29.78,-20.93,-32.85,-29.78,-20.87,-33.16,-29.60,-20.92
2004-01-01,49.87,-119.29,-36.38,-29.50,-24.48,-36.10,-29.50,-24.41,-36.38,-29.00,-24.38
2005-01-01,49.87,-119.29,-36.13,-28.33,-23.08,-36.13,-28.26,-22.88,-36.14,-28.34,-23.58
2006-01-01,49.87,-119.29,-35.01,-28.16,-21.53,-32.90,-25.61,-20.64,-34.27,-28.12,-19.29
2007-01-01,49.87,-119.29,-37.60,-31.28,-23.57,-37.33,-32.81,-17.60,-32.34,-28.28,-21.95
2008-01-01,49.87,-119.29,-35.13,-27.68,-20.51,-32.44,-29.43,-20.26,-34.88,-31.15,-24.32
2009-01-01,49.87,-119.29,-32.61,-26.32,-18.04,-35.06,-27.20,-20.74,-38.67,-28.93,-19.15
2010-01-01,49.87,-119.29,-31.73,-25.70,-19.21,-31.56,-27.84,-20.13,-32.14,-27.23,-21.15
2011-01-01,49.87,-119.29,-34.63,-29.08,-24.02,-31.61,-24.86,-21.27,-34.43,-29.25,-20.31
2012-01-01,49.87,-119.29,-32.92,-26.60,-19.10,-37.39,-30.04,-21.34,-33.29,-28.10,-19.14
2013-01-01,49.87,-119.29,-37.64,-26.97,-19.18,-35.89,-29.73,-24.99,-35.54,-25.53,-21.41
2014-01-01,49.87,-119.29,-33.89,-28.01,-19.24,-33.92,-28.42,-21.06,-35.52,-27.90,-21.57
2015-01-01,49.87,-119.29,-31.84,-26.33,-22.24,-36.47,-28.93,-21.79,-34.62,-30.08,-19.85
2016-01-01,49.87,-119.29,-33.36,-28.12,-17.75,-36.84,-30.26,-20.65,-33.69,-24.64,-19.83
2017-01-01,49.87,-119.29,-34.05,-27.81,-19.54,-33.74,-28.22,-22.62,-34.16,-28.61,-18.96
2018-01-01,49.87,-119.29,-30.20,-26.17,-17.72,-38.57,-27.15,-20.57,-30.34,-25.82,-20.38
2019-01-01,49.87,-119.29,-35.99,-28.43,-20.26,-32.74,-27.81,-21.96,-36.42,-27.59,-22.12
2020-01-01,49.87,-119.29,-32.09,-27.66,-23.77,-33.44,-24.64,-18.44,-33.57,-29.27,-19.18
2021-01-01,49.87,-119.29,-36.24,-29.25,-23.07,-35.50,-26.93,-22.14,-31.58,-28.71,-21.11
2022-01-01,49.87,-119.29,-35.47,-28.66,-21.20,-34.40,-28.15,-20.13,-36.84,-25.43,-18.44
2023-01-01,49.87,-119.29,-33.03,-28.90,-20.95,-35.07,-28.58,-18.29,-31.19,-26.42,-19.56
2024-01-01,49.87,-119.29,-33.37,-27.52,-22.07,-31.81,-25.54,-21.20,-34.64,-27.99,-20.67
2025-01-01,49.87,-119.29,-32.05,-28.24,-22.72,-35.52,-28.87,-19.77,-33.85,-27.61,-17.50
2026-01-01,49.87,-119.29,-32.86,-26.45,-19.04,-32.75,-28.27,-18.60,-34.29,-28.32,-21.40
2027-01-01,49.87,-119.29,-33.95,-26.11,-18.63,-32.90,-27.14,-18.72,-35.54,-25.92,-18.91
2028-01-01,49.87,-119.29,-32.95,-28.00,-18.52,-33.25,-26.12,-19.85,-32.53,-25.11,-16.34
2029-01-01,49.87,-119.29,-34.03,-26.25,-21.23,-33.19,-28.16,-24.57,-33.26,-26.05,-17.38
2030-01-01,49.87,-119.29,-30.95,-27.07,-20.33,-35.82,-28.78,-20.98,-33.60,-25.77,-20.03
2031-01-01,49.87,-119.29,-32.03,-28.12,-15.70,-33.27,-27.32,-20.12,-34.99,-28.02,-20.70
2032-01-01,49.87,-119.29,-38.00,-26.51,-18.95,-37.48,-27.67,-17.99,-35.75,-26.75,-20.42
2033-01-01,49.87,-119.29,-31.59,-26.01,-18.45,-33.20,-26.48,-18.43,-33.90,-26.79,-17.65
2034-01-01,49.87,-119.29,-33.17,-28.82,-21.23,-34.56,-25.86,-20.41,-32.56,-26.37,-17.30
2035-01-01,49.87,-119.29,-32.60,-25.23,-18.90,-33.99,-26.74,-21.07,-32.06,-25.12,-19.95
2036-01-01,49.87,-119.29,-34.43,-27.43,-18.67,-34.54,-27.41,-19.67,-33.34,-25.94,-16.34
2037-01-01,49.87,-119.29,-32.67,-26.94,-21.42,-32.16,-24.60,-21.13,-33.74,-25.58,-20.51
2038-01-01,49.87,-119.29,-32.20,-26.84,-21.51,-34.75,-29.76,-18.42,-30.23,-24.02,-19.65
2039-01-01,49.87,-119.29,-34.76,-26.71,-19.54,-32.29,-25.96,-21.02,-30.31,-23.82,-15.97
2040-01-01,49.87,-119.29,-33.33,-25.72,-16.42,-34.82,-26.09,-18.89,-31.93,-26.60,-20.61
2041-01-01,49.87,-119.29,-35.05,-27.81,-17.95,-32.31,-26.53,-20.93,-31.78,-25.47,-16.18
2042-01-01,49.87,-119.29,-32.52,-26.26,-18.18,-33.73,-23.60,-16.90,-33.52,-26.24,-18.08
2043-01-01,49.87,-119.29,-33.37,-28.88,-21.89,-33.06,-24.42,-17.30,-31.82,-24.95,-19.23
2044-01-01,49.87,-119.29,-36.09,-26.46,-16.42,-32.06,-25.93,-18.58,-28.86,-22.26,-18.10
2045-01-01,49.87,-119.29,-33.10,-25.07,-18.63,-31.60,-23.42,-17.41,-28.94,-25.61,-21.49
2046-01-01,49.87,-119.29,-36.13,-26.50,-16.89,-31.14,-23.65,-16.39,-30.49,-25.29,-19.89
2047-01-01,49.87,-119.29,-32.49,-24.41,-15.73,-32.49,-24.33,-17.34,-30.62,-25.25,-17.28
2048-01-01,49.87,-119.29,-36.87,-28.40,-21.65,-33.32,-26.49,-19.48,-26.79,-23.00,-18.91
2049-01-01,49.87,-119.29,-32.26,-27.11,-17.91,-31.99,-25.03,-17.32,-27.68,-23.69,-15.81
2050-01-01,49.87,-119.29,-33.98,-28.39,-19.71,-33.49,-25.40,-16.97,-28.43,-23.23,-14.25
2051-01-01,49.87,-119.29,-34.54,-26.54,-20.59,-32.74,-24.70,-21.34,-27.57,-22.72,-13.41
2052-01-01,49.87,-119.29,-35.35,-26.98,-17.17,-27.73,-20.78,-16.97,-30.05,-24.16,-15.29
2053-01-01,49.87,-119.29,-33.82,-28.13,-19.42,-29.15,-23.82,-16.55,-32.27,-25.59,-17.71
2054-01-01,49.87,-119.29,-35.07,-26.29,-20.18,-29.84,-23.16,-18.63,-30.83,-23.87,-18.89
2055-01-01,49.87,-119.29,-32.75,-25.83,-18.05,-30.62,-24.24,-16.74,-30.99,-25.11,-14.04
2056-01-01,49.87,-119.29,-31.58,-22.13,-16.85,-32.71,-25.43,-18.38,-30.89,-24.47,-15.74
2057-01-01,49.87,-119.29,-33.62,-25.28,-17.86,-33.20,-24.03,-20.43,-29.55,-22.67,-16.08
2058-01-01,49.87,-119.29,-32.72,-28.18,-18.18,-30.21,-24.81,-13.72,-30.67,-21.43,-15.15
2059-01-01,49.87,-119.29,-31.30,-26.88,-17.02,-33.45,-24.20,-13.60,-29.02,-21.11,-14.91
2060-01-01,49.87,-119.29,-31.44,-25.79,-19.16,-34.01,-24.45,-18.77,-30.23,-21.89,-15.61
2061-01-01,49.87,-119.29,-32.32,-23.45,-18.56,-32.50,-27.15,-21.15,-30.41,-22.73,-16.08
2062-01-01,49.87,-119.29,-29.83,-26.19,-17.26,-32.32,-23.69,-15.18,-28.73,-21.17,-14.41
2063-01-01,49.87,-119.29,-30.78,-25.06,-21.66,-34.33,-26.01,-17.63,-28.40,-19.57,-15.01
2064-01-01,49.87,-119.29,-33.58,-25.30,-20.42,-29.66,-23.46,-15.81,-28.70,-22.50,-12.85
2065-01-01,49.87,-119.29,-30.39,-24.85,-18.59,-29.66,-24.02,-17.95,-27.16,-22.66,-16.07
2066-01-01,49.87,-119.29,-32.77,-25.78,-20.56,-31.57,-19.46,-14.96,-27.38,-22.57,-15.47
2067-01-01,49.87,-119.29,-31.94,-24.95,-18.77,-30.09,-22.88,-18.51,-29.01,-21.29,-13.42
2068-01-01,49.87,-119.29,-32.19,-26.02,-18.18,-31.03,-24.05,-14.08,-28.72,-24.22,-13.91
2069-01-01,49.87,-119.29,-31.68,-25.11,-21.13,-29.51,-24.53,-17.40,-27.61,-18.84,-10.94
2070-01-01,49.87,-119.29,-32.73,-23.94,-17.13,-29.31,-25.06,-15.96,-28.46,-20.21,-14.16
2071-01-01,49.87,-119.29,-30.37,-24.65,-17.55,-31.37,-22.57,-13.86,-28.74,-21.32,-13.01
2072-01-01,49.87,-119.29,-36.00,-28.40,-19.67,-31.62,-22.50,-15.84,-30.91,-21.40,-11.50
2073-01-01,49.87,-119.29,-30.44,-23.67,-17.28,-28.18,-22.80,-15.60,-29.72,-21.15,-14.35
2074-01-01,49.87,-119.29,-30.43,-24.41,-18.96,-31.37,-25.02,-20.54,-30.09,-21.97,-15.12
2075-01-01,49.87,-119.29,-32.44,-24.70,-19.89,-30.84,-24.01,-16.03,-26.79,-20.89,-14.25
2076-01-01,49.87,-119.29,-31.34,-26.34,-18.40,-30.50,-24.97,-16.01,-27.52,-19.12,-14.37
2077-01-01,49.87,-119.29,-33.50,-27.40,-18.05,-30.62,-23.95,-14.98,-30.38,-17.53,-12.54
2078-01-01,49.87,-119.29,-33.63,-26.10,-17.33,-30.02,-23.66,-17.66,-24.75,-18.36,-11.98
2079-01-01,49.87,-119.29,-33.03,-26.83,-21.18,-28.87,-24.18,-17.59,-28.23,-20.11,-13.77
2080-01-01,49.87,-119.29,-35.89,-26.50,-18.97,-29.32,-23.89,-17.88,-25.74,-20.48,-10.49
2081-01-01,49.87,-119.29,-33.96,-26.09,-20.52,-29.19,-23.47,-16.36,-27.97,-18.84,-11.08
2082-01-01,49.87,-119.29,-34.25,-26.34,-18.54,-29.73,-23.04,-15.11,-26.45,-17.47,-14.34
2083-01-01,49.87,-119.29,-35.87,-27.20,-20.75,-31.18,-23.16,-16.89,-30.65,-20.13,-11.76
2084-01-01,49.87,-119.29,-30.41,-27.81,-18.93,-31.26,-23.13,-19.45,-27.65,-19.12,-10.67
2085-01-01,49.87,-119.29,-29.43,-23.27,-17.34,-33.69,-22.93,-15.76,-26.54,-21.20,-15.11
2086-01-01,49.87,-119.29,-34.17,-27.61,-21.15,-31.66,-22.14,-12.76,-24.77,-18.97,-8.87
2087-01-01,49.87,-119.29,-34.31,-24.39,-18.19,-29.12,-24.11,-13.04,-28.77,-18.66,-13.31
2088-01-01,49.87,-119.29,-31.20,-26.79,-16.26,-29.98,-25.32,-17.22,-28.14,-20.23,-12.97
2089-01-01,49.87,-119.29,-34.46,-27.36,-17.46,-31.50,-24.08,-16.19,-28.59,-16.82,-11.63
2090-01-01,49.87,-119.29,-33.92,-26.10,-19.47,-35.28,-19.93,-13.67,-26.04,-19.48,-13.44
2091-01-01,49.87,-119.29,-32.83,-23.33,-16.37,-31.00,-23.58,-16.56,-28.16,-18.41,-11.36
2092-01-01,49.87,-119.29,-33.31,-26.12,-17.12,-29.92,-24.21,-15.52,-27.09,-20.29,-11.66
2093-01-01,49.87,-119.29,-34.06,-26.38,-18.40,-27.63,-23.24,-17.99,-25.12,-19.48,-14.42
2094-01-01,49.87,-119.29,-33.27,-25.12,-20.73,-29.45,-23.00,-17.28,-25.70,-18.22,-13.71
2095-01-01,49.87,-119.29,-33.27,-22.55,-16.40,-30.62,-22.19,-14.89,-27.29,-18.55,-10.04
2096-01-01,49.87,-119.29,-30.07,-24.26,-17.36,-33.00,-24.86,-19.67,-27.84,-17.79,-11.11
2097-01-01,49.87,-119.29,-31.24,-22.07,-18.14,-30.41,-21.91,-14.83,-21.75,-16.42,-12.53
2098-01-01,49.87,-119.29,-32.53,-25.44,-18.51,-30.61,-23.46,-14.40,-25.29,-15.79,-8.79
2099-01-01,49.87,-119.29,-31.38,-27.12,-17.79,-30.38,-24.37,-14.01,-24.04,-17.12,-10.16
2100-01-01,49.87,-119.29,-30.44,-24.78,-17.37,-31.10,-23.93,-17.44,-24.05,-18.86,-11.46
1950-01-01,50.04,-120.04,-34.02,-28.93,-22.77,-34.02,-28.93,-22.77,-34.02,-29.06,-22.77
1951-01-01,50.04,-120.04,-34.98,-29.10,-20.11,-34.98,-29.10,-20.11,-34.98,-29.10,-20.11
1952-01-01,50.04,-120.04,-33.90,-30.64,-25.81,-33.90,-30.64,-25.81,-33.90,-30.94,-25.81
1953-01-01,50.04,-120.04,-35.38,-30.30,-23.04,-35.38,-30.30,-23.04,-35.38,-30.30,-23.04
1954-01-01,50.04,-120.04,-35.01,-29.84,-25.01,-35.01,-29.84,-25.01,-35.71,-29.84,-25.01
1955-01-01,50.04,-120.04,-35.28,-30.68,-25.50,-35.28,-30.68,-25.50,-35.28,-31.04,-25.50
1956-01-01,50.04,-120.04,-33.40,-30.00,-25.36,-33.40,-30.00,-25.36,-33.40,-30.00,-25.68
1957-01-01,50.04,-120.04,-34.79,-30.96,-23.83,-34.79,-30.96,-23.83,-36.08,-30.99,-23.83
1958-01-01,50.04,-120.04,-36.08,-33.67,-24.30,-36.08,-33.67,-24.30,-36.08,-33.67,-24.30
1959-01-01,50.04,-120.04,-36.76,-28.01,-23.90,-36.76,-28.01,-23.90,-36.43,-28.01,-23.90
1960-01-01,50.04,-120.04,-39.77,-31.20,-24.89,-39.77,-31.20,-24.89,-39.77,-31.80,-24.89
1961-01-01,50.04,-120.04,-35.48,-28.21,-23.26,-35.48,-28.21,-23.26,-35.79,-28.21,-23.26
1962-01-01,50.04,-120.04,-35.59,-30.41,-25.17,-35.59,-30.41,-25.17,-35.61,-30.59,-25.17
1963-01-01,50.04,-120.04,-36.25,-30.54,-21.02,-36.25,-30.54,-21.02,-36.25,-30.54,-21.02
1964-01-01,50.04,-120.04,-37.12,-32.33,-23.88,-37.12,-32.33,-23.88,-37.12,-32.33,-23.88
1965-01-01,50.04,-120.04,-35.46,-32.20,-26.34,-35.46,-32.20,-26.34,-35.46,-32.20,-26.34
1966-01-01,50.04,-120.04,-40.19,-28.95,-21.94,-40.19,-28.95,-21.94,-40.19,-28.95,-22.16
1967-01-01,50.04,-120.04,-35.88,-32.48,-23.14,-35.88,-32.48,-23.14,-35.88,-33.04,-23.14
1968-01-01,50.04,-120.04,-35.87,-29.82,-25.19,-35.87,-29.82,-25.19,-35.87,-29.82,-24.99
1969-01-01,50.04,-120.04,-32.98,-28.70,-24.34,-32.98,-28.70,-24.34,-32.98,-28.70,-24.78
1970-01-01,50.04,-120.04,-37.33,-30.52,-23.76,-37.33,-30.52,-23.76,-37.33,-30.52,-24.01
1971-01-01,50.04,-120.04,-36.16,-28.89,-24.76,-36.16,-28.89,-24.76,-36.16,-28.89,-24.76
1972-01-01,50.04,-120.04,-37.32,-31.63,-27.07,-37.32,-31.63,-27.07,-37.32,-32.07,-27.07
1973-01-01,50.04,-120.04,-36.00,-30.09,-24.14,-36.00,-30.09,-24.14,-36.00,-30.09,-24.14
1974-01-01,50.04,-120.04,-36.72,-31.48,-27.34,-36.72,-31.48,-27.34,-36.72,-31.70,-27.34
1975-01-01,50.04,-120.04,-37.19,-29.34,-26.26,-37.19,-29.34,-26.26,-37.19,-29.34,-26.26
1976-01-01,50.04,-120.04,-36.71,-29.26,-22.85,-36.71,-29.26,-22.85,-36.71,-29.26,-22.85
1977-01-01,50.04,-120.04,-35.18,-28.84,-23.52,-35.18,-28.84,-23.52,-35.18,-28.84,-23.52
1978-01-01,50.04,-120.04,-36.44,-31.04,-23.05,-36.44,-31.04,-23.05,-36.44,-31.04,-23.05
1979-01-01,50.04,-120.04,-36.33,-30.52,-23.34,-36.33,-30.52,-23.34,-36.33,-30.52,-23.34
1980-01-01,50.04,-120.04,-34.99,-29.96,-24.87,-34.74,-29.90,-24.92,-35.15,-29.89,-24.83
1981-01-01,50.04,-120.04,-34.50,-30.93,-22.85,-34.50,-30.96,-22.85,-35.56,-30.93,-22.77
1982-01-01,50.04,-120.04,-37.13,-32.01,-24.21,-37.26,-31.56,-24.66,-37.26,-31.61,-25.96
1983-01-01,50.04,-120.04,-37.22,-32.33,-24.14,-37.22,-32.83,-24.62,-37.22,-33.44,-24.13
1984-01-01,50.04,-120.04,-37.76,-29.66,-24.45,-37.76,-29.45,-24.22,-37.52,-29.68,-24.23
1985-01-01,50.04,-120.04,-35.96,-31.31,-26.06,-35.96,-31.31,-25.75,-35.96,-31.05,-26.17
1986-01-01,50.04,-120.04,-35.88,-30.58,-25.02,-35.88,-30.38,-25.17,-35.53,-30.62,-25.13
1987-01-01,50.04,-120.04,-33.87,-28.00,-23.60,-33.79,-28.00,-23.72,-33.80,-28.54,-23.54
1988-01-01,50.04,-120.04,-36.74,-31.76,-24.37,-37.21,-31.72,-24.25,-36.74,-33.06,-24.16
1989-01-01,50.04,-120.04,-37.23,-29.63,-22.30,-37.23,-29.62,-22.51,-37.23,-29.91,-22.40
1990-01-01,50.04,-120.04,-34.69,-29.97,-21.81,-34.96,-29.52,-21.75,-34.69,-29.37,-21.79
1991-01-01,50.04,-120.04,-36.25,-28.77,-23.38,-36.18,-29.02,-23.34,-37.16,-29.06,-23.43
1992-01-01,50.04,-120.04,-34.29,-29.17,-21.98,-34.19,-30.06,-21.82,-34.14,-29.92,-22.10
1993-01-01,50.04,-120.04,-37.01,-28.86,-22.44,-37.05,-28.85,-22.79,-37.02,-29.33,-22.56
1994-01-01,50.04,-120.04,-36.81,-31.51,-22.35,-36.89,-31.51,-22.20,-36.81,-31.51,-22.18
1995-01-01,50.04,-120.04,-37.13,-31.37,-26.15,-37.13,-31.39,-26.12,-37.13,-31.58,-26.19
1996-01-01,50.04,-120.04,-37.35,-29.70,-26.07,-36.69,-29.48,-26.27,-36.78,-30.32,-24.42
1997-01-01,50.04,-120.04,-33.74,-26.76,-21.35,-32.64,-26.82,-21.06,-32.63,-26.78,-21.00
1998-01-01,50.04,-120.04,-38.24,-30.12,-21.34,-39.03,-30.04,-21.33,-38.64,-29.61,-21.32
1999-01-01,50.04,-120.04,-34.09,-27.55,-21.16,-34.09,-27.44,-21.24,-34.12,-27.64,-21.31
2000-01-01,50.04,-120.04,-34.39,-29.54,-24.58,-34.39,-29.59,-24.56,-34.39,-29.60,-24.05
2001-01-01,50.04,-120.04,-33.43,-29.25,-25.47,-33.15,-29.26,-25.31,-33.18,-29.42,-25.50
2002-01-01,50.04,-120.04,-35.01,-30.01,-21.11,-35.04,-30.01,-21.17,-35.02,-30.11,-21.04
2003-01-01,50.04,-120.04,-33.80,-30.35,-21.76,-33.37,-30.30,-21.77,-33.36,-30.59,-21.76
2004-01-01,50.04,-120.04,-37.33,-29.47,-25.23,-37.57,-29.47,-25.23,-37.33,-29.47,-25.29
2005-01-01,50.04,-120.04,-36.39,-29.11,-25.47,-36.27,-29.23,-25.63,-36.70,-29.10,-25.57
2006-01-01,50.04,-120.04,-35.49,-28.00,-22.78,-33.54,-26.34,-22.22,-34.43,-28.20,-20.46
2007-01-01,50.04,-120.04,-37.47,-31.57,-22.57,-38.39,-33.26,-16.78,-32.70,-27.50,-22.00
2008-01-01,50.04,-120.04,-35.14,-27.94,-20.77,-32.93,-29.11,-21.32,-34.77,-31.43,-24.54
2009-01-01,50.04,-120.04,-32.52,-26.50,-17.44,-35.23,-27.59,-21.48,-38.16,-29.90,-20.18
2010-01-01,50.04,-120.04,-31.77,-26.45,-21.82,-32.01,-27.84,-20.40,-32.46,-27.84,-23.19
2011-01-01,50.04,-120.04,-33.88,-28.91,-24.34,-33.16,-25.71,-21.70,-33.99,-29.74,-20.09
2012-01-01,50.04,-120.04,-34.29,-25.86,-19.39,-36.67,-30.70,-21.14,-36.00,-28.40,-20.57
2013-01-01,50.04,-120.04,-37.63,-27.30,-20.03,-35.71,-29.66,-24.95,-35.14,-26.48,-22.94
2014-01-01,50.04,-120.04,-33.43,-27.60,-20.54,-35.11,-28.00,-22.99,-34.60,-28.43,-22.58
2015-01-01,50.04,-120.04,-32.33,-26.14,-22.50,-37.14,-29.38,-22.01,-35.30,-30.44,-20.33
2016-01-01,50.04,-120.04,-33.81,-27.12,-18.02,-36.56,-30.25,-22.21,-34.12,-26.16,-21.27
2017-01-01,50.04,-120.04,-34.22,-27.84,-19.46,-34.21,-28.90,-22.14,-33.09,-28.24,-18.74
2018-01-01,50.04,-120.04,-31.65,-26.76,-19.81,-40.41,-27.38,-20.68,-30.73,-25.86,-20.35
2019-01-01,50.04,-120.04,-36.23,-28.58,-21.91,-33.37,-27.37,-23.24,-36.99,-28.03,-21.68
2020-01-01,50.04,-120.04,-32.16,-27.66,-23.39,-32.86,-25.58,-18.92,-35.46,-30.54,-20.09
2021-01-01,50.04,-120.04,-35.76,-29.47,-22.95,-36.12,-28.25,-22.11,-32.76,-28.70,-22.02
2022-01-01,50.04,-120.04,-37.11,-28.65,-22.66,-34.20,-27.83,-21.44,-36.95,-25.96,-18.62
2023-01-01,50.04,-120.04,-33.57,-29.30,-21.50,-35.92,-29.13,-19.63,-32.22,-26.64,-20.15
2024-01-01,50.04,-120.04,-32.85,-27.20,-22.31,-31.73,-26.61,-22.03,-33.87,-29.21,-21.50
2025-01-01,50.04,-120.04,-32.83,-28.43,-24.25,-35.79,-29.32,-21.71,-35.19,-26.99,-18.44
2026-01-01,50.04,-120.04,-33.46,-26.32,-19.48,-34.34,-28.17,-18.03,-34.37,-28.26,-21.77
2027-01-01,50.04,-120.04,-34.61,-26.39,-19.94,-32.25,-27.88,-19.64,-35.42,-25.87,-18.95
2028-01-01,50.04,-120.04,-33.47,-28.88,-19.22,-33.43,-25.50,-20.19,-34.05,-25.33,-16.48
2029-01-01,50.04,-120.04,-34.80,-27.20,-21.99,-33.34,-28.76,-25.81,-33.59,-26.33,-17.17
2030-01-01,50.04,-120.04,-30.19,-26.48,-20.39,-35.88,-29.51,-22.57,-33.50,-25.63,-21.00
2031-01-01,50.04,-120.04,-32.80,-28.00,-16.80,-33.44,-28.06,-20.75,-33.26,-28.67,-20.44
2032-01-01,50.04,-120.04,-38.16,-26.79,-18.70,-36.84,-27.88,-19.72,-35.10,-27.29,-21.09
2033-01-01,50.04,-120.04,-32.82,-26.68,-18.97,-33.66,-26.31,-19.77,-33.57,-27.38,-18.09
2034-01-01,50.04,-120.04,-33.77,-29.17,-21.83,-34.28,-27.01,-21.07,-33.74,-26.83,-18.12
2035-01-01,50.04,-120.04,-33.00,-25.45,-19.49,-33.84,-26.85,-20.21,-31.32,-26.08,-20.08
2036-01-01,50.04,-120.04,-35.50,-28.04,-20.13,-35.23,-27.76,-21.15,-33.67,-26.88,-16.45
2037-01-01,50.04,-120.04,-33.06,-27.45,-20.00,-33.30,-25.20,-20.91,-33.87,-27.28,-21.12
2038-01-01,50.04,-120.04,-33.10,-27.45,-20.85,-35.11,-30.24,-18.35,-31.23,-24.42,-20.33
2039-01-01,50.04,-120.04,-33.83,-26.62,-20.33,-33.10,-25.82,-21.09,-30.36,-24.62,-16.43
2040-01-01,50.04,-120.04,-33.69,-25.60,-17.71,-35.27,-26.39,-19.08,-30.86,-27.44,-21.42
2041-01-01,50.04,-120.04,-35.21,-27.04,-17.90,-32.75,-26.91,-22.38,-32.01,-25.74,-16.98
2042-01-01,50.04,-120.04,-33.25,-26.73,-19.08,-34.07,-24.12,-18.06,-33.03,-26.21,-18.24
2043-01-01,50.04,-120.04,-33.68,-28.92,-20.58,-32.92,-24.79,-18.86,-32.23,-25.38,-20.29
2044-01-01,50.04,-120.04,-35.65,-27.24,-17.55,-32.48,-24.52,-19.17,-28.91,-22.94,-18.00
2045-01-01,50.04,-120.04,-34.46,-25.55,-19.20,-31.43,-23.51,-18.12,-29.38,-25.98,-21.23
2046-01-01,50.04,-120.04,-35.62,-26.67,-18.38,-32.70,-23.78,-17.71,-31.13,-25.24,-19.82
2047-01-01,50.04,-120.04,-32.98,-25.45,-17.28,-32.31,-24.61,-17.62,-30.79,-25.24,-17.69
2048-01-01,50.04,-120.04,-33.68,-30.00,-22.10,-33.62,-26.02,-20.68,-27.77,-23.54,-19.33
2049-01-01,50.04,-120.04,-32.45,-27.85,-19.31,-31.05,-25.02,-17.54,-28.04,-23.95,-15.57
2050-01-01,50.04,-120.04,-34.14,-28.78,-19.97,-33.39,-25.46,-18.61,-30.56,-23.62,-15.71
2051-01-01,50.04,-120.04,-34.60,-27.51,-21.03,-32.46,-26.56,-19.42,-29.26,-23.14,-14.51
2052-01-01,50.04,-120.04,-35.84,-27.04,-17.59,-28.86,-21.35,-18.69,-30.45,-24.90,-16.06
2053-01-01,50.04,-120.04,-34.73,-28.45,-21.14,-29.66,-24.81,-16.32,-31.06,-25.66,-18.65
2054-01-01,50.04,-120.04,-37.07,-27.88,-20.35,-30.05,-22.95,-18.55,-30.75,-24.44,-19.00
2055-01-01,50.04,-120.04,-33.62,-25.99,-20.60,-31.24,-24.49,-16.37,-31.01,-25.69,-14.76
2056-01-01,50.04,-120.04,-31.45,-22.74,-17.56,-31.91,-25.93,-19.84,-30.80,-24.72,-16.63
2057-01-01,50.04,-120.04,-33.31,-25.34,-18.38,-33.60,-24.01,-20.76,-30.78,-22.99,-17.11
2058-01-01,50.04,-120.04,-31.41,-27.97,-18.92,-29.90,-25.29,-14.95,-31.10,-21.76,-16.24
2059-01-01,50.04,-120.04,-31.24,-26.73,-17.27,-31.67,-25.18,-13.93,-29.69,-22.13,-17.61
2060-01-01,50.04,-120.04,-31.45,-25.91,-19.09,-34.74,-25.48,-18.99,-31.84,-22.14,-16.55
2061-01-01,50.04,-120.04,-33.13,-24.26,-17.95,-33.77,-27.29,-21.69,-30.98,-23.08,-15.75
2062-01-01,50.04,-120.04,-29.93,-25.96,-18.53,-31.26,-24.53,-15.93,-29.16,-21.56,-15.24
2063-01-01,50.04,-120.04,-30.69,-24.93,-21.16,-33.27,-26.28,-17.76,-29.27,-20.28,-14.22
2064-01-01,50.04,-120.04,-32.87,-25.90,-20.27,-30.77,-24.25,-15.84,-29.25,-22.57,-13.14
2065-01-01,50.04,-120.04,-30.92,-24.23,-20.03,-29.50,-24.04,-19.30,-26.70,-23.17,-16.45
2066-01-01,50.04,-120.04,-33.34,-26.19,-21.42,-31.66,-19.35,-13.82,-27.56,-22.37,-16.42
2067-01-01,50.04,-120.04,-32.35,-24.97,-19.00,-30.99,-23.39,-18.76,-29.27,-21.25,-14.41
2068-01-01,50.04,-120.04,-30.06,-25.87,-19.79,-32.08,-24.53,-14.27,-29.33,-23.47,-14.00
2069-01-01,50.04,-120.04,-32.39,-25.37,-22.20,-28.97,-24.19,-17.80,-27.86,-18.66,-11.64
2070-01-01,50.04,-120.04,-33.76,-24.14,-17.76,-28.72,-25.67,-16.85,-29.16,-19.89,-14.59
2071-01-01,50.04,-120.04,-31.24,-24.69,-17.91,-32.25,-23.35,-14.50,-29.22,-21.71,-14.84
2072-01-01,50.04,-120.04,-36.00,-29.47,-20.96,-32.45,-23.52,-16.83,-31.31,-21.37,-13.68
2073-01-01,50.04,-120.04,-30.03,-24.27,-19.15,-28.47,-22.41,-16.08,-29.01,-22.44,-13.92
2074-01-01,50.04,-120.04,-30.03,-23.56,-19.88,-31.28,-24.29,-20.93,-29.17,-22.31,-16.04
2075-01-01,50.04,-120.04,-33.30,-25.80,-19.33,-32.52,-24.34,-15.83,-27.45,-21.35,-15.23
2076-01-01,50.04,-120.04,-31.51,-25.84,-18.03,-29.56,-25.04,-16.82,-28.21,-20.42,-14.99
2077-01-01,50.04,-120.04,-33.58,-28.55,-18.49,-31.10,-23.71,-15.80,-30.37,-18.44,-13.21
2078-01-01,50.04,-120.04,-34.15,-26.48,-18.34,-30.76,-24.13,-18.13,-27.38,-19.28,-11.83
2079-01-01,50.04,-120.04,-32.93,-27.62,-21.15,-29.41,-24.72,-17.65,-29.90,-19.93,-13.29
2080-01-01,50.04,-120.04,-35.95,-26.14,-21.21,-29.11,-24.13,-17.63,-25.20,-20.35,-11.38
2081-01-01,50.04,-120.04,-34.61,-26.48,-20.38,-30.13,-24.75,-17.45,-27.43,-19.38,-11.67
2082-01-01,50.04,-120.04,-34.94,-25.22,-19.75,-30.05,-23.80,-16.30,-26.65,-17.69,-14.04
2083-01-01,50.04,-120.04,-36.70,-27.32,-21.63,-30.81,-24.94,-16.38,-31.38,-20.27,-12.26
2084-01-01,50.04,-120.04,-30.28,-28.20,-20.30,-32.94,-23.12,-19.95,-28.17,-19.71,-10.77
2085-01-01,50.04,-120.04,-29.75,-23.50,-18.06,-31.06,-23.68,-15.77,-28.21,-22.25,-15.58
2086-01-01,50.04,-120.04,-36.40,-28.62,-20.64,-30.45,-21.27,-13.16,-26.14,-20.05,-10.99
2087-01-01,50.04,-120.04,-35.49,-24.89,-17.83,-28.97,-24.44,-13.58,-29.56,-20.05,-13.52
2088-01-01,50.04,-120.04,-32.37,-26.76,-16.78,-30.77,-24.51,-17.06,-28.01,-21.94,-15.19
2089-01-01,50.04,-120.04,-34.35,-26.81,-18.40,-32.03,-24.12,-16.90,-28.03,-17.83,-11.84
2090-01-01,50.04,-120.04,-34.75,-27.09,-19.74,-34.26,-20.17,-13.13,-27.15,-20.03,-14.76
2091-01-01,50.04,-120.04,-33.31,-23.93,-16.75,-31.12,-23.12,-16.68,-27.86,-19.04,-11.60
2092-01-01,50.04,-120.04,-32.79,-26.99,-16.80,-30.53,-24.96,-16.48,-27.10,-21.06,-13.30
2093-01-01,50.04,-120.04,-33.33,-26.45,-18.18,-28.11,-23.70,-18.70,-25.73,-19.93,-14.62
2094-01-01,50.04,-120.04,-33.39,-26.26,-20.91,-30.18,-23.40,-17.96,-26.59,-18.72,-14.91
2095-01-01,50.04,-120.04,-33.88,-24.48,-16.86,-29.37,-21.51,-16.03,-27.51,-18.55,-10.66
2096-01-01,50.04,-120.04,-30.47,-24.88,-19.64,-31.46,-24.91,-19.83,-27.71,-18.41,-11.30
2097-01-01,50.04,-120.04,-30.46,-22.60,-19.25,-31.02,-22.78,-15.20,-21.92,-16.70,-13.15
2098-01-01,50.04,-120.04,-33.05,-25.62,-18.99,-30.23,-24.17,-15.79,-25.41,-16.46,-9.96
2099-01-01,50.04,-120.04,-32.22,-28.50,-18.23,-30.59,-24.24,-13.31,-24.03,-16.84,-10.38
2100-01-01,50.04,-120.04,-32.43,-25.45,-18.95,-32.10,-24.33,-17.02,-24.80,-19.38,-11.93
1950-01-01,50.04,-118.79,-34.42,-27.61,-22.70,-34.42,-27.61,-22.70,-34.42,-28.24,-22.70
1951-01-01,50.04,-118.79,-36.33,-28.36,-20.39,-36.33,-28.36,-20.39,-36.33,-28.62,-20.39
1952-01-01,50.04,-118.79,-34.04,-29.87,-24.36,-34.04,-29.87,-24.36,-34.04,-29.87,-24.36
1953-01-01,50.04,-118.79,-35.09,-29.94,-22.41,-35.09,-29.94,-22.41,-35.09,-29.94,-22.41
1954-01-01,50.04,-118.79,-37.14,-28.62,-23.26,-37.14,-28.62,-23.26,-37.14,-28.62,-23.26
1955-01-01,50.04,-118.79,-35.91,-30.04,-25.45,-35.91,-30.04,-25.45,-35.91,-30.72,-25.45
1956-01-01,50.04,-118.79,-34.48,-28.97,-23.61,-34.48,-28.97,-23.61,-34.48,-28.97,-23.97
1957-01-01,50.04,-118.79,-35.48,-30.00,-23.42,-35.48,-30.00,-23.42,-35.48,-30.35,-23.42
1958-01-01,50.04,-118.79,-37.01,-33.07,-24.21,-37.01,-33.07,-24.21,-37.01,-33.07,-24.21
1959-01-01,50.04,-118.79,-35.34,-27.11,-21.99,-35.34,-27.11,-21.99,-35.34,-27.11,-21.99
1960-01-01,50.04,-118.79,-39.67,-31.49,-23.16,-39.67,-31.49,-23.16,-39.68,-31.49,-23.16
1961-01-01,50.04,-118.79,-32.99,-28.55,-22.80,-32.99,-28.55,-22.80,-35.67,-28.55,-22.80
1962-01-01,50.04,-118.79,-36.50,-30.37,-24.80,-36.50,-30.37,-24.80,-36.66,-30.39,-24.80
1963-01-01,50.04,-118.79,-35.70,-30.34,-21.24,-35.70,-30.34,-21.24,-35.81,-30.34,-21.24
1964-01-01,50.04,-118.79,-35.87,-32.15,-22.98,-35.87,-32.15,-22.98,-35.87,-32.15,-22.98
1965-01-01,50.04,-118.79,-36.59,-30.47,-24.28,-36.59,-30.47,-24.28,-36.73,-30.47,-24.28
1966-01-01,50.04,-118.79,-40.39,-28.17,-21.44,-40.39,-28.17,-21.44,-40.39,-28.17,-21.44
1967-01-01,50.04,-118.79,-37.14,-31.35,-22.78,-37.14,-31.35,-22.78,-37.14,-32.41,-22.78
1968-01-01,50.04,-118.79,-36.29,-28.65,-25.60,-36.29,-28.65,-25.60,-36.29,-28.65,-25.60
1969-01-01,50.04,-118.79,-33.09,-27.93,-21.96,-33.09,-27.93,-21.96,-33.09,-27.93,-21.96
1970-01-01,50.04,-118.79,-37.58,-30.55,-22.34,-37.58,-30.55,-22.34,-37.58,-30.55,-22.98
1971-01-01,50.04,-118.79,-34.63,-28.51,-24.35,-34.63,-28.51,-24.35,-34.63,-28.74,-24.35
1972-01-01,50.04,-118.79,-37.88,-31.99,-26.28,-37.88,-31.99,-26.28,-37.88,-32.64,-26.28
1973-01-01,50.04,-118.79,-36.56,-28.83,-23.63,-36.56,-28.83,-23.63,-36.56,-29.77,-23.63
1974-01-01,50.04,-118.79,-35.85,-30.27,-26.34,-35.85,-30.27,-26.34,-36.07,-30.56,-26.34
1975-01-01,50.04,-118.79,-34.56,-28.92,-26.06,-34.56,-28.92,-26.06,-34.56,-28.92,-26.06
1976-01-01,50.04,-118.79,-33.49,-27.99,-22.40,-33.49,-27.99,-22.40,-33.49,-27.99,-22.40
1977-01-01,50.04,-118.79,-34.44,-27.84,-22.98,-34.44,-27.84,-22.98,-34.44,-27.84,-22.98
1978-01-01,50.04,-118.79,-36.74,-30.98,-22.59,-36.74,-30.98,-22.59,-36.74,-30.98,-22.59
1979-01-01,50.04,-118.79,-35.67,-29.07,-22.55,-35.67,-29.07,-22.55,-35.67,-29.07,-22.55
1980-01-01,50.04,-118.79,-35.49,-31.34,-23.64,-35.14,-31.12,-23.77,-35.43,-31.17,-23.79
1981-01-01,50.04,-118.79,-36.11,-31.18,-21.65,-36.11,-31.21,-21.26,-37.14,-31.02,-21.72
1982-01-01,50.04,-118.79,-37.91,-30.57,-24.04,-38.02,-30.55,-24.01,-38.02,-30.59,-24.63
1983-01-01,50.04,-118.79,-37.05,-30.70,-23.62,-36.93,-30.61,-23.55,-36.93,-30.62,-23.30
1984-01-01,50.04,-118.79,-38.12,-28.94,-23.56,-38.12,-28.94,-23.53,-38.12,-28.87,-23.49
1985-01-01,50.04,-118.79,-36.58,-31.06,-26.58,-36.49,-30.89,-26.45,-36.49,-31.13,-26.59
1986-01-01,50.04,-118.79,-37.31,-29.01,-24.21,-37.18,-29.14,-23.94,-37.31,-29.10,-23.94
1987-01-01,50.04,-118.79,-36.51,-28.43,-22.46,-36.51,-28.33,-22.56,-36.10,-28.58,-22.36
1988-01-01,50.04,-118.79,-37.19,-32.00,-23.13,-37.55,-31.94,-22.96,-37.17,-32.42,-23.27
1989-01-01,50.04,-118.79,-35.45,-29.68,-21.75,-35.45,-29.69,-22.16,-35.45,-30.10,-22.06
1990-01-01,50.04,-118.79,-33.37,-29.94,-21.86,-33.74,-29.99,-22.29,-34.32,-30.00,-22.66
1991-01-01,50.04,-118.79,-34.82,-28.61,-22.95,-34.82,-28.76,-22.95,-36.29,-28.65,-22.94
1992-01-01,50.04,-118.79,-34.39,-27.53,-23.87,-34.71,-27.53,-24.11,-34.71,-27.56,-24.45
1993-01-01,50.04,-118.79,-37.74,-28.49,-22.30,-37.74,-28.14,-22.28,-37.74,-28.61,-22.46
1994-01-01,50.04,-118.79,-36.11,-31.26,-21.45,-36.09,-31.25,-21.45,-36.11,-31.25,-21.32
1995-01-01,50.04,-118.79,-36.72,-31.11,-24.34,-36.61,-31.01,-24.43,-36.72,-31.54,-25.03
1996-01-01,50.04,-118.79,-37.72,-29.99,-26.37,-37.45,-29.97,-26.37,-37.57,-30.06,-24.39
1997-01-01,50.04,-118.79,-32.96,-26.25,-20.36,-32.92,-26.27,-20.37,-32.90,-26.24,-20.37
1998-01-01,50.04,-118.79,-39.37,-28.04,-21.62,-39.89,-28.04,-21.77,-39.56,-28.05,-21.72
1999-01-01,50.04,-118.79,-34.63,-27.06,-21.15,-34.63,-26.61,-21.13,-34.63,-27.92,-21.17
2000-01-01,50.04,-118.79,-34.24,-29.11,-24.53,-33.67,-28.43,-24.50,-34.24,-28.57,-24.51
2001-01-01,50.04,-118.79,-33.10,-28.28,-24.64,-32.71,-28.27,-24.86,-32.71,-29.11,-24.22
2002-01-01,50.04,-118.79,-35.77,-27.96,-21.23,-35.77,-27.92,-21.30,-35.81,-27.89,-21.57
2003-01-01,50.04,-118.79,-33.29,-29.24,-20.54,-33.12,-29.11,-20.53,-33.06,-29.81,-20.52
2004-01-01,50.04,-118.79,-35.94,-30.32,-23.17,-35.29,-30.31,-23.05,-35.88,-30.31,-23.97
2005-01-01,50.04,-118.79,-34.29,-28.75,-24.18,-34.30,-28.82,-24.28,-34.79,-28.89,-24.31
2006-01-01,50.04,-118.79,-35.88,-27.41,-22.04,-33.16,-24.86,-20.18,-34.16,-26.99,-21.74
2007-01-01,50.04,-118.79,-38.54,-31.14,-21.92,-39.16,-32.21,-18.28,-32.48,-28.02,-20.76
2008-01-01,50.04,-118.79,-36.61,-26.75,-20.48,-32.02,-28.07,-20.99,-36.77,-31.11,-23.18
2009-01-01,50.04,-118.79,-32.04,-25.89,-18.57,-35.81,-27.17,-20.25,-37.92,-28.84,-20.12
2010-01-01,50.04,-118.79,-35.65,-25.17,-20.42,-32.38,-27.67,-20.23,-32.54,-27.43,-22.34
2011-01-01,50.04,-118.79,-33.88,-28.55,-23.41,-34.38,-25.58,-20.57,-35.51,-29.00,-19.64
2012-01-01,50.04,-118.79,-33.72,-27.09,-20.59,-36.34,-30.12,-21.25,-35.67,-29.00,-20.69
2013-01-01,50.04,-118.79,-35.57,-26.60,-20.56,-35.66,-29.42,-24.79,-36.49,-26.08,-21.38
2014-01-01,50.04,-118.79,-33.20,-27.78,-19.05,-35.41,-27.48,-21.51,-34.88,-27.29,-21.03
2015-01-01,50.04,-118.79,-32.29,-26.61,-21.96,-36.74,-28.78,-22.51,-36.38,-30.32,-21.05
2016-01-01,50.04,-118.79,-32.79,-27.96,-18.23,-37.15,-31.91,-20.65,-33.93,-25.33,-20.60
2017-01-01,50.04,-118.79,-35.22,-27.59,-19.59,-35.10,-26.61,-22.79,-34.14,-28.17,-19.10
2018-01-01,50.04,-118.79,-30.43,-25.60,-19.08,-37.47,-26.74,-21.92,-31.65,-24.91,-21.99
2019-01-01,50.04,-118.79,-37.29,-27.52,-20.57,-32.90,-27.39,-21.90,-37.00,-27.61,-21.75
2020-01-01,50.04,-118.79,-31.03,-27.77,-24.19,-32.11,-24.40,-18.74,-32.28,-29.29,-20.66
2021-01-01,50.04,-118.79,-33.90,-28.64,-21.70,-35.79,-26.35,-21.11,-33.12,-29.66,-21.35
2022-01-01,50.04,-118.79,-38.17,-28.27,-21.39,-34.79,-28.46,-20.78,-35.61,-24.21,-18.93
2023-01-01,50.04,-118.79,-33.41,-29.43,-20.53,-37.41,-29.63,-18.50,-32.70,-25.86,-18.72
2024-01-01,50.04,-118.79,-32.60,-27.16,-20.79,-32.29,-25.19,-20.42,-36.53,-28.39,-21.79
2025-01-01,50.04,-118.79,-33.47,-27.80,-23.09,-34.88,-28.56,-20.51,-34.12,-27.65,-19.24
2026-01-01,50.04,-118.79,-35.60,-26.73,-19.08,-32.89,-26.49,-18.21,-35.51,-28.99,-19.91
2027-01-01,50.04,-118.79,-34.83,-25.56,-18.83,-32.42,-27.18,-18.54,-34.79,-26.12,-18.90
2028-01-01,50.04,-118.79,-33.45,-28.00,-18.91,-32.64,-24.54,-19.29,-32.33,-26.09,-15.92
2029-01-01,50.04,-118.79,-35.20,-27.12,-21.06,-33.24,-28.11,-24.36,-33.10,-25.92,-19.44
2030-01-01,50.04,-118.79,-31.12,-26.79,-19.77,-35.45,-28.62,-20.39,-33.31,-25.09,-19.40
2031-01-01,50.04,-118.79,-31.67,-27.36,-16.81,-32.33,-27.21,-19.43,-35.63,-26.98,-20.13
2032-01-01,50.04,-118.79,-38.40,-25.52,-19.15,-36.98,-26.69,-18.09,-36.02,-28.29,-20.37
2033-01-01,50.04,-118.79,-31.19,-26.53,-17.82,-35.18,-26.32,-19.12,-33.06,-27.64,-18.61
2034-01-01,50.04,-118.79,-34.63,-27.85,-20.61,-35.31,-24.95,-19.28,-34.19,-26.38,-17.53
2035-01-01,50.04,-118.79,-32.95,-25.69,-18.22,-34.56,-26.33,-21.58,-32.76,-25.03,-18.61
2036-01-01,50.04,-118.79,-36.15,-26.51,-20.57,-36.83,-26.44,-19.82,-34.70,-25.59,-17.08
2037-01-01,50.04,-118.79,-33.37,-26.60,-21.10,-31.26,-24.65,-21.02,-33.43,-24.82,-19.11
2038-01-01,50.04,-118.79,-31.40,-26.74,-21.64,-35.85,-30.23,-17.88,-30.32,-24.20,-20.26
2039-01-01,50.04,-118.79,-35.19,-26.96,-19.59,-32.35,-25.16,-20.99,-30.12,-24.39,-16.60
2040-01-01,50.04,-118.79,-33.43,-25.61,-17.68,-35.24,-26.64,-18.28,-31.49,-26.90,-19.60
2041-01-01,50.04,-118.79,-35.02,-27.64,-17.71,-31.48,-27.44,-22.64,-33.60,-25.62,-17.07
2042-01-01,50.04,-118.79,-34.53,-25.59,-18.58,-34.41,-23.51,-17.59,-33.40,-26.02,-17.76
2043-01-01,50.04,-118.79,-33.31,-27.70,-21.31,-33.55,-25.06,-17.57,-31.81,-24.78,-19.48
2044-01-01,50.04,-118.79,-35.90,-26.38,-16.95,-31.03,-24.15,-17.72,-29.44,-23.32,-17.27
2045-01-01,50.04,-118.79,-32.74,-24.68,-18.72,-31.19,-23.80,-17.24,-30.58,-25.79,-22.11
2046-01-01,50.04,-118.79,-35.67,-24.81,-17.42,-32.21,-22.68,-16.81,-30.35,-24.73,-19.23
2047-01-01,50.04,-118.79,-34.37,-24.86,-16.46,-33.15,-24.35,-17.21,-32.22,-24.97,-16.85
2048-01-01,50.04,-118.79,-34.62,-29.06,-21.97,-35.49,-26.12,-19.91,-27.27,-22.82,-18.06
2049-01-01,50.04,-118.79,-33.72,-27.06,-19.17,-31.86,-24.62,-16.62,-27.10,-22.87,-15.42
2050-01-01,50.04,-118.79,-33.06,-28.85,-18.82,-37.13,-25.91,-17.13,-30.03,-22.24,-15.34
2051-01-01,50.04,-118.79,-34.39,-25.87,-19.51,-31.26,-25.94,-19.48,-30.64,-22.91,-15.26
2052-01-01,50.04,-118.79,-36.19,-25.63,-17.05,-27.75,-21.50,-17.61,-31.26,-24.20,-14.93
2053-01-01,50.04,-118.79,-35.01,-27.57,-20.11,-28.72,-23.99,-17.48,-31.56,-25.16,-18.45
2054-01-01,50.04,-118.79,-34.61,-26.94,-19.18,-29.73,-24.39,-18.52,-29.95,-23.64,-19.11
2055-01-01,50.04,-118.79,-32.05,-25.07,-19.59,-30.71,-24.15,-16.35,-31.37,-24.84,-13.75
2056-01-01,50.04,-118.79,-31.92,-23.44,-16.85,-32.72,-25.48,-20.74,-32.08,-24.40,-16.81
2057-01-01,50.04,-118.79,-34.67,-25.33,-18.31,-34.17,-23.97,-19.73,-29.52,-21.61,-17.10
2058-01-01,50.04,-118.79,-33.24,-28.71,-18.66,-28.68,-25.22,-15.04,-29.30,-20.57,-15.30
2059-01-01,50.04,-118.79,-32.47,-26.99,-16.34,-30.65,-23.67,-13.60,-28.16,-23.05,-15.71
2060-01-01,50.04,-118.79,-32.27,-26.37,-18.60,-33.00,-23.28,-19.16,-30.57,-22.19,-15.41
2061-01-01,50.04,-118.79,-32.63,-23.84,-19.33,-33.35,-26.46,-21.32,-30.52,-22.24,-16.62
2062-01-01,50.04,-118.79,-31.16,-25.70,-17.96,-31.68,-23.72,-16.02,-27.53,-20.95,-14.74
2063-01-01,50.04,-118.79,-31.72,-24.04,-20.60,-35.03,-25.84,-16.50,-29.34,-20.24,-14.41
2064-01-01,50.04,-118.79,-34.28,-24.71,-20.24,-29.31,-23.26,-16.02,-29.31,-22.29,-13.32
2065-01-01,50.04,-118.79,-31.55,-25.00,-19.46,-29.13,-23.12,-18.61,-26.84,-22.22,-15.46
2066-01-01,50.04,-118.79,-32.70,-26.23,-20.44,-31.83,-19.27,-14.46,-29.04,-22.16,-15.59
2067-01-01,50.04,-118.79,-31.67,-24.26,-18.32,-30.36,-22.51,-17.84,-28.90,-20.65,-13.18
2068-01-01,50.04,-118.79,-31.88,-25.70,-18.59,-31.23,-23.72,-14.65,-30.27,-23.03,-13.10
2069-01-01,50.04,-118.79,-31.20,-24.73,-20.56,-30.14,-24.40,-16.91,-28.07,-17.91,-11.79
2070-01-01,50.04,-118.79,-33.25,-23.70,-17.33,-29.36,-25.09,-16.32,-28.60,-20.47,-13.89
2071-01-01,50.04,-118.79,-31.99,-24.63,-17.93,-30.56,-22.68,-13.63,-29.77,-21.87,-14.10
2072-01-01,50.04,-118.79,-36.54,-28.44,-20.05,-34.17,-23.00,-16.06,-31.21,-21.97,-11.72
2073-01-01,50.04,-118.79,-30.62,-22.73,-19.40,-30.86,-23.13,-15.78,-30.17,-22.15,-13.64
2074-01-01,50.04,-118.79,-31.10,-23.51,-18.86,-31.52,-24.63,-19.99,-29.93,-21.95,-14.68
2075-01-01,50.04,-118.79,-34.17,-24.86,-20.02,-32.49,-23.61,-16.84,-27.85,-21.57,-13.68
2076-01-01,50.04,-118.79,-31.41,-26.53,-17.14,-29.86,-23.41,-16.25,-28.07,-20.03,-14.13
2077-01-01,50.04,-118.79,-33.61,-27.88,-19.80,-30.87,-24.32,-14.44,-30.42,-19.66,-13.70
2078-01-01,50.04,-118.79,-34.66,-26.78,-17.59,-29.82,-24.19,-17.12,-26.78,-17.91,-11.87
2079-01-01,50.04,-118.79,-35.26,-26.52,-20.35,-30.49,-24.02,-16.85,-28.38,-19.83,-12.88
2080-01-01,50.04,-118.79,-35.04,-26.25,-19.75,-29.08,-24.66,-18.24,-27.61,-21.92,-11.00
2081-01-01,50.04,-118.79,-34.61,-25.80,-19.09,-30.20,-23.11,-16.09,-28.32,-21.39,-11.08
2082-01-01,50.04,-118.79,-36.03,-26.75,-19.12,-29.37,-22.72,-15.56,-26.33,-17.68,-13.74
2083-01-01,50.04,-118.79,-35.14,-26.53,-20.68,-30.10,-24.02,-16.59,-32.68,-20.52,-11.66
2084-01-01,50.04,-118.79,-30.89,-26.74,-19.81,-32.09,-22.57,-18.42,-28.00,-19.43,-10.59
2085-01-01,50.04,-118.79,-29.51,-23.21,-16.90,-32.10,-23.79,-15.71,-27.33,-20.72,-14.95
2086-01-01,50.04,-118.79,-34.19,-27.91,-19.75,-30.84,-22.80,-12.91,-25.01,-18.74,-10.70
2087-01-01,50.04,-118.79,-35.68,-24.19,-17.81,-29.70,-24.21,-15.02,-28.67,-18.21,-12.70
2088-01-01,50.04,-118.79,-31.27,-27.43,-18.34,-31.96,-23.77,-17.31,-28.28,-20.38,-12.66
2089-01-01,50.04,-118.79,-34.03,-25.54,-18.20,-32.95,-22.85,-16.70,-29.10,-17.13,-11.41
2090-01-01,50.04,-118.79,-33.08,-26.42,-18.62,-36.64,-20.08,-13.75,-25.90,-20.23,-14.97
2091-01-01,50.04,-118.79,-34.33,-22.89,-17.20,-30.95,-22.66,-16.52,-27.96,-17.42,-11.00
2092-01-01,50.04,-118.79,-34.91,-26.32,-16.65,-30.39,-24.62,-16.04,-27.60,-20.71,-13.47
2093-01-01,50.04,-118.79,-33.70,-26.06,-17.90,-27.06,-22.67,-17.87,-25.29,-18.94,-13.21
2094-01-01,50.04,-118.79,-35.06,-26.04,-19.72,-29.56,-22.83,-16.87,-26.04,-18.67,-13.30
2095-01-01,50.04,-118.79,-33.07,-23.99,-17.42,-30.60,-20.42,-16.71,-28.14,-17.84,-11.14
2096-01-01,50.04,-118.79,-30.58,-23.89,-19.27,-32.11,-24.99,-18.56,-27.64,-17.56,-11.75
2097-01-01,50.04,-118.79,-31.34,-21.75,-18.74,-30.84,-23.51,-14.51,-21.72,-16.31,-11.97
2098-01-01,50.04,-118.79,-32.60,-25.65,-17.88,-29.87,-23.12,-15.27,-25.72,-14.93,-11.13
2099-01-01,50.04,-118.79,-33.43,-26.42,-18.36,-31.15,-23.14,-14.55,-23.41,-16.85,-10.03
2100-01-01,50.04,-118.79,-29.03,-23.93,-18.26,-31.40,-23.98,-17.14,-23.81,-18.14,-11.57
