time,lat,lon,rcp26_tnlt_-15_p10,rcp26_tnlt_-15_p50,rcp26_tnlt_-15_p90,rcp45_tnlt_-15_p10,rcp45_tnlt_-15_p50,rcp45_tnlt_-15_p90,rcp85_tnlt_-15_p10,rcp85_tnlt_-15_p50,rcp85_tnlt_-15_p90
1950-01-01,53.21,-114.46,40.00,55.00,76.40,40.00,55.00,76.40,40.00,55.00,76.40
1951-01-01,53.21,-114.46,37.80,60.50,78.00,37.80,60.50,78.00,37.80,60.50,78.00
1952-01-01,53.21,-114.46,45.60,60.50,73.70,45.60,60.50,73.70,45.60,60.50,73.70
1953-01-01,53.21,-114.46,39.10,59.50,78.70,39.10,59.50,78.70,39.10,59.50,78.70
1954-01-01,53.21,-114.46,39.40,60.50,74.00,39.40,60.50,74.00,39.40,61.50,74.00
1955-01-01,53.21,-114.46,43.00,57.50,77.80,43.00,57.50,77.80,43.00,57.00,77.80
1956-01-01,53.21,-114.46,37.50,51.00,74.70,37.50,51.00,74.70,37.50,51.00,74.70
1957-01-01,53.21,-114.46,44.30,63.00,83.40,44.30,63.00,83.40,44.30,63.00,83.40
1958-01-01,53.21,-114.46,47.60,58.00,78.10,47.60,58.00,78.10,47.60,58.50,78.10
1959-01-01,53.21,-114.46,41.30,61.50,78.50,41.30,61.50,78.50,41.30,61.50,78.50
1960-01-01,53.21,-114.46,38.00,58.50,81.90,38.00,58.50,81.90,38.30,58.50,81.90
1961-01-01,53.21,-114.46,41.60,61.50,75.00,41.60,61.50,75.00,41.60,62.00,75.00
1962-01-01,53.21,-114.46,36.20,58.00,75.70,36.20,58.00,75.70,39.30,58.00,75.70
1963-01-01,53.21,-114.46,43.30,55.50,66.70,43.30,55.50,66.70,43.30,55.50,66.70
1964-01-01,53.21,-114.46,50.20,65.50,88.90,50.20,65.50,88.90,50.20,66.50,88.90
1965-01-01,53.21,-114.46,47.60,58.00,77.30,47.60,58.00,77.30,47.60,58.00,77.60
1966-01-01,53.21,-114.46,43.90,63.50,73.70,43.90,63.50,73.70,43.90,65.00,73.70
1967-01-01,53.21,-114.46,30.60,53.00,74.90,30.60,53.00,74.90,30.60,53.00,74.90
1968-01-01,53.21,-114.46,35.60,60.50,81.90,35.60,60.50,81.90,37.00,60.50,81.90
1969-01-01,53.21,-114.46,43.20,60.50,81.40,43.20,60.50,81.40,43.20,60.50,81.40
1970-01-01,53.21,-114.46,41.60,64.00,79.10,41.60,64.00,79.10,41.60,64.00,80.30
1971-01-01,53.21,-114.46,38.30,55.50,70.00,38.30,55.50,70.00,38.30,55.50,70.00
1972-01-01,53.21,-114.46,47.50,61.00,72.50,47.50,61.00,72.50,51.90,61.00,72.50
1973-01-01,53.21,-114.46,38.30,60.00,75.70,38.30,60.00,75.70,38.30,60.00,75.70
1974-01-01,53.21,-114.46,40.90,58.50,76.80,40.90,58.50,76.80,40.90,58.50,76.80
1975-01-01,53.21,-114.46,51.90,63.50,82.40,51.90,63.50,82.40,51.90,63.50,82.40
1976-01-01,53.21,-114.46,40.90,59.50,76.00,40.90,59.50,76.00,41.20,59.50,76.00
1977-01-01,53.21,-114.46,40.90,56.00,63.70,40.90,56.00,63.70,40.90,56.00,63.70
1978-01-01,53.21,-114.46,41.90,54.50,72.00,41.90,54.50,72.00,44.60,54.50,72.00
1979-01-01,53.21,-114.46,35.50,54.00,83.70,35.50,54.00,83.70,35.50,54.00,83.70
1980-01-01,53.21,-114.46,47.60,62.00,75.40,46.90,61.00,75.40,46.90,61.00,75.70
1981-01-01,53.21,-114.46,43.20,58.00,83.90,43.20,58.00,83.90,43.20,58.00,87.00
1982-01-01,53.21,-114.46,48.30,61.50,84.90,48.30,61.50,84.90,48.00,61.00,85.50
1983-01-01,53.21,-114.46,44.60,58.00,77.90,44.60,58.50,77.50,44.60,58.50,77.90
1984-01-01,53.21,-114.46,41.20,58.00,77.80,41.20,58.00,77.80,41.20,57.50,77.80
1985-01-01,53.21,-114.46,47.00,57.00,77.40,47.30,56.50,78.40,47.00,56.50,77.70
1986-01-01,53.21,-114.46,41.20,56.00,70.40,40.90,55.50,70.40,41.90,55.50,70.40
1987-01-01,53.21,-114.46,42.50,56.50,70.00,42.50,57.00,69.70,42.50,56.50,69.00
1988-01-01,53.21,-114.46,45.60,55.50,76.00,45.30,54.50,76.70,45.60,55.50,78.70
1989-01-01,53.21,-114.46,43.90,57.50,72.00,44.50,56.00,71.70,44.50,56.50,72.00
1990-01-01,53.21,-114.46,36.10,57.00,79.50,36.10,59.00,79.50,36.40,60.50,80.20
1991-01-01,53.21,-114.46,37.00,64.00,72.00,37.30,63.50,73.40,37.00,63.50,71.70
1992-01-01,53.21,-114.46,35.30,57.00,79.00,34.30,57.00,78.40,34.30,57.00,81.80
1993-01-01,53.21,-114.46,37.30,55.00,65.80,37.00,54.50,65.80,37.00,55.00,65.80
1994-01-01,53.21,-114.46,42.30,54.50,69.40,42.30,54.50,68.70,42.30,55.00,68.70
1995-01-01,53.21,-114.46,33.30,57.00,81.50,33.30,57.00,80.10,33.30,57.00,80.80
1996-01-01,53.21,-114.46,42.30,58.00,74.40,42.60,57.50,74.40,42.30,57.50,73.70
1997-01-01,53.21,-114.46,33.90,51.50,80.40,32.90,52.00,79.70,32.90,53.00,80.40
1998-01-01,53.21,-114.46,38.90,54.00,77.60,38.60,55.00,77.60,38.60,54.50,77.60
1999-01-01,53.21,-114.46,38.30,53.50,63.00,38.30,53.50,62.70,38.30,53.50,63.70
2000-01-01,53.21,-114.46,33.00,54.50,73.60,33.00,54.00,72.90,33.30,53.50,73.60
2001-01-01,53.21,-114.46,38.30,61.00,74.10,39.00,60.00,74.10,37.30,61.00,76.70
2002-01-01,53.21,-114.46,35.60,53.00,76.90,35.30,53.00,75.90,35.30,53.00,75.20
2003-01-01,53.21,-114.46,36.60,56.00,79.70,38.00,56.00,80.40,37.30,56.00,79.70
2004-01-01,53.21,-114.46,34.90,54.50,72.40,35.60,54.50,71.00,35.60,54.50,70.70
2005-01-01,53.21,-114.46,36.80,51.00,72.60,36.60,51.00,72.60,37.20,51.00,75.70
2006-01-01,53.21,-114.46,41.30,51.00,68.20,28.00,47.00,65.70,35.70,47.00,65.20
2007-01-01,53.21,-114.46,26.30,46.00,68.20,20.50,60.50,73.60,31.90,49.00,64.40
2008-01-01,53.21,-114.46,35.30,48.00,59.40,37.00,54.00,66.70,29.80,55.00,70.40
2009-01-01,53.21,-114.46,33.00,46.00,65.20,35.60,49.50,67.10,35.00,54.50,69.10
2010-01-01,53.21,-114.46,32.10,50.50,75.00,32.60,54.00,69.40,31.60,53.00,70.00
2011-01-01,53.21,-114.46,32.50,52.50,73.40,28.80,45.50,64.70,35.50,53.00,68.40
2012-01-01,53.21,-114.46,33.00,47.00,65.80,34.90,50.00,69.10,28.20,49.50,76.30
2013-01-01,53.21,-114.46,31.30,44.00,69.90,36.30,51.50,70.80,31.20,49.50,77.50
2014-01-01,53.21,-114.46,27.20,49.50,71.50,30.60,55.00,62.70,30.20,49.00,72.40
2015-01-01,53.21,-114.46,30.20,43.00,63.70,37.30,50.50,65.80,39.30,50.00,67.40
2016-01-01,53.21,-114.46,18.70,43.00,59.40,37.00,51.00,69.80,31.20,46.50,65.50
2017-01-01,53.21,-114.46,33.30,57.00,75.70,35.10,47.50,67.70,31.20,47.00,70.10
2018-01-01,53.21,-114.46,38.00,42.50,70.40,28.30,53.00,70.00,26.20,45.00,65.90
2019-01-01,53.21,-114.46,36.30,50.50,71.50,27.40,49.50,60.10,30.90,47.00,70.90
2020-01-01,53.21,-114.46,32.60,47.00,65.00,33.60,47.50,63.70,28.60,48.50,67.00
2021-01-01,53.21,-114.46,36.60,50.00,60.70,31.80,54.00,66.40,33.60,53.50,61.00
2022-01-01,53.21,-114.46,34.30,56.00,69.80,33.60,53.50,75.40,29.20,43.50,63.70
2023-01-01,53.21,-114.46,33.30,46.50,63.10,29.30,46.00,78.50,24.90,43.00,64.10
2024-01-01,53.21,-114.46,28.60,46.50,71.20,26.30,42.00,56.60,28.30,45.00,67.80
2025-01-01,53.21,-114.46,39.00,48.50,75.20,30.90,51.50,68.10,34.60,50.00,66.00
2026-01-01,53.21,-114.46,33.90,50.00,60.40,29.30,43.50,57.00,34.30,47.50,67.40
2027-01-01,53.21,-114.46,25.00,43.00,67.70,30.60,49.50,61.10,26.60,45.50,59.70
2028-01-01,53.21,-114.46,26.20,45.00,57.70,22.60,43.00,69.00,20.60,41.50,61.70
2029-01-01,53.21,-114.46,32.30,46.00,67.30,33.00,54.00,72.70,25.30,42.50,61.70
2030-01-01,53.21,-114.46,33.90,47.00,57.80,34.00,53.50,64.40,22.30,38.00,67.00
2031-01-01,53.21,-114.46,24.30,52.00,70.10,26.90,45.50,60.70,32.60,49.00,59.70
2032-01-01,53.21,-114.46,26.90,48.00,72.20,22.80,43.00,64.40,31.60,49.00,63.70
2033-01-01,53.21,-114.46,32.30,44.50,63.80,27.60,42.50,65.50,25.60,44.50,64.70
2034-01-01,53.21,-114.46,26.30,44.00,59.10,28.90,41.50,58.70,20.60,39.50,66.70
2035-01-01,53.21,-114.46,27.50,48.50,69.70,22.10,43.50,73.20,23.30,40.00,60.90
2036-01-01,53.21,-114.46,32.00,51.50,58.40,30.60,41.50,62.70,29.20,50.00,71.90
2037-01-01,53.21,-114.46,29.60,47.50,63.40,23.60,37.00,54.40,18.30,45.50,58.80
2038-01-01,53.21,-114.46,27.70,50.00,63.00,28.00,42.00,55.50,27.00,40.50,52.70
2039-01-01,53.21,-114.46,22.60,41.00,69.10,24.60,43.00,59.40,17.20,41.00,67.40
2040-01-01,53.21,-114.46,23.80,41.50,53.50,29.30,39.50,60.80,26.30,40.00,68.80
2041-01-01,53.21,-114.46,30.60,49.00,72.10,24.60,42.00,60.20,16.70,35.50,62.10
2042-01-01,53.21,-114.46,32.60,48.50,64.50,23.30,41.50,51.00,20.30,40.00,56.80
2043-01-01,53.21,-114.46,30.10,50.00,59.40,21.50,35.50,56.70,16.60,38.00,57.40
2044-01-01,53.21,-114.46,20.00,45.00,69.10,23.00,42.00,55.70,22.00,42.50,56.00
2045-01-01,53.21,-114.46,18.40,43.50,65.70,26.00,36.50,63.20,18.50,41.50,60.20
2046-01-01,53.21,-114.46,29.90,43.00,60.80,19.30,37.00,53.00,24.00,40.50,59.10
2047-01-01,53.21,-114.46,23.10,44.00,64.70,25.00,34.50,55.60,18.10,37.50,55.30
2048-01-01,53.21,-114.46,33.60,48.50,61.40,18.90,47.50,63.10,20.60,33.00,52.70
2049-01-01,53.21,-114.46,23.20,50.50,64.70,20.20,36.00,61.90,19.30,34.00,57.70
2050-01-01,53.21,-114.46,26.00,44.50,61.70,24.00,41.00,57.20,22.20,36.00,52.60
2051-01-01,53.21,-114.46,31.00,41.00,63.00,22.20,35.50,58.90,19.30,39.00,55.40
2052-01-01,53.21,-114.46,29.00,49.00,59.10,21.60,36.00,49.70,16.20,42.50,61.50
2053-01-01,53.21,-114.46,27.30,47.00,68.20,19.00,32.00,51.10,18.00,37.00,48.80
2054-01-01,53.21,-114.46,25.30,45.00,57.90,24.00,38.50,51.40,21.60,35.00,56.40
2055-01-01,53.21,-114.46,27.90,39.00,58.60,22.00,34.50,56.30,15.00,35.00,56.40
2056-01-01,53.21,-114.46,22.20,33.00,51.70,18.30,38.50,56.90,21.30,38.50,52.10
2057-01-01,53.21,-114.46,23.90,43.50,58.70,21.60,41.00,57.90,17.30,30.50,61.80
2058-01-01,53.21,-114.46,22.30,47.50,64.50,19.00,37.00,54.70,18.30,34.50,48.70
2059-01-01,53.21,-114.46,20.10,36.00,65.60,19.60,38.00,61.10,6.30,31.00,45.70
2060-01-01,53.21,-114.46,23.60,38.50,54.10,24.30,42.50,57.40,12.10,30.50,57.70
2061-01-01,53.21,-114.46,17.20,40.00,58.10,25.60,41.00,51.00,12.90,33.50,56.70
2062-01-01,53.21,-114.46,18.50,42.50,66.00,16.30,37.00,50.00,15.80,34.00,46.80
2063-01-01,53.21,-114.46,25.00,40.00,63.50,18.10,41.50,61.70,11.10,24.00,47.00
2064-01-01,53.21,-114.46,25.30,42.50,66.10,14.60,29.00,45.10,12.60,25.50,47.70
2065-01-01,53.21,-114.46,26.60,38.00,65.10,16.90,33.50,60.00,19.60,29.50,54.90
2066-01-01,53.21,-114.46,25.30,43.00,57.70,17.20,27.00,42.90,17.30,31.00,56.20
2067-01-01,53.21,-114.46,31.00,41.50,54.00,23.30,32.00,49.90,14.20,29.00,50.00
2068-01-01,53.21,-114.46,30.30,44.50,61.20,8.60,34.00,55.10,12.60,26.00,45.70
2069-01-01,53.21,-114.46,25.30,43.50,67.20,21.20,35.00,65.00,6.60,23.00,41.50
2070-01-01,53.21,-114.46,21.30,44.50,56.50,20.50,37.50,55.00,8.10,23.50,45.70
2071-01-01,53.21,-114.46,27.30,41.50,53.10,11.60,32.00,48.80,9.30,25.00,44.70
2072-01-01,53.21,-114.46,23.50,49.00,59.40,18.60,34.50,53.70,8.20,34.00,46.40
2073-01-01,53.21,-114.46,23.90,40.00,54.70,20.30,36.00,54.70,5.90,29.50,54.90
2074-01-01,53.21,-114.46,23.30,36.00,50.40,20.90,39.00,52.20,9.20,30.00,41.70
2075-01-01,53.21,-114.46,24.20,39.00,54.10,18.30,32.50,53.20,12.60,28.50,38.70
2076-01-01,53.21,-114.46,25.30,37.50,54.20,18.30,33.00,46.40,11.60,22.50,41.10
2077-01-01,53.21,-114.46,26.60,45.00,66.40,19.90,31.00,54.00,9.80,24.00,45.30
2078-01-01,53.21,-114.46,17.90,45.00,67.90,18.00,35.00,49.30,9.50,21.50,42.30
2079-01-01,53.21,-114.46,27.90,44.50,57.70,16.30,32.50,52.40,5.50,23.00,44.10
2080-01-01,53.21,-114.46,28.00,42.50,56.40,24.20,36.50,48.00,5.90,17.50,50.70
2081-01-01,53.21,-114.46,26.30,39.50,61.90,17.20,31.50,52.70,4.50,24.00,41.50
2082-01-01,53.21,-114.46,20.00,39.50,61.90,18.60,28.00,54.00,3.60,20.00,30.00
2083-01-01,53.21,-114.46,22.30,39.50,59.50,18.00,35.50,60.40,8.00,20.50,42.90
2084-01-01,53.21,-114.46,27.20,43.50,58.10,16.30,26.00,48.40,14.00,24.00,45.20
2085-01-01,53.21,-114.46,20.80,43.50,52.80,15.60,35.50,59.30,9.30,24.50,44.10
2086-01-01,53.21,-114.46,26.00,42.00,59.00,14.90,36.00,46.80,5.30,18.50,38.70
2087-01-01,53.21,-114.46,25.20,42.50,53.00,23.30,33.50,51.80,6.90,20.00,39.10
2088-01-01,53.21,-114.46,22.90,39.00,54.40,15.90,37.50,59.20,7.90,22.00,40.80
2089-01-01,53.21,-114.46,20.00,41.50,57.70,15.30,31.00,51.20,4.20,17.00,45.10
2090-01-01,53.21,-114.46,24.00,44.00,69.20,9.50,31.50,44.70,7.00,20.50,35.10
2091-01-01,53.21,-114.46,26.00,44.00,54.40,20.60,32.50,46.40,8.20,18.00,31.70
2092-01-01,53.21,-114.46,19.60,46.00,58.80,14.30,37.00,48.40,4.30,24.00,43.50
2093-01-01,53.21,-114.46,25.60,40.50,65.10,15.30,31.50,49.70,8.30,22.00,40.40
2094-01-01,53.21,-114.46,23.40,46.00,57.00,20.30,36.00,53.80,5.50,21.50,47.30
2095-01-01,53.21,-114.46,13.90,43.50,57.20,12.30,28.50,52.40,4.90,24.50,44.80
2096-01-01,53.21,-114.46,22.60,39.00,62.40,14.60,36.00,51.90,10.00,20.00,38.50
2097-01-01,53.21,-114.46,27.30,36.50,51.70,14.00,38.00,54.20,7.60,17.00,35.60
2098-01-01,53.21,-114.46,29.60,48.00,57.70,11.20,33.50,54.20,2.60,15.00,32.50
2099-01-01,53.21,-114.46,24.00,38.50,58.70,11.90,28.50,51.70,5.00,18.00,32.80
2100-01-01,53.21,-114.46,19.90,40.00,55.00,20.10,37.00,55.80,6.60,18.50,31.70
1950-01-01,53.21,-112.71,45.30,63.50,85.50,45.30,63.50,85.50,46.00,63.50,85.50
1951-01-01,53.21,-112.71,45.30,67.50,87.10,45.30,67.50,87.10,45.30,67.50,87.10
1952-01-01,53.21,-112.71,51.30,67.00,79.00,51.30,67.00,79.00,51.30,67.00,79.00
1953-01-01,53.21,-112.71,46.00,68.00,85.00,46.00,68.00,85.00,46.00,68.00,85.00
1954-01-01,53.21,-112.71,46.50,67.00,83.50,46.50,67.00,83.50,46.50,69.00,83.50
1955-01-01,53.21,-112.71,48.80,63.00,80.10,48.80,63.00,80.10,48.80,63.00,80.10
1956-01-01,53.21,-112.71,43.30,62.00,84.80,43.30,62.00,84.80,43.30,62.00,85.40
1957-01-01,53.21,-112.71,48.60,70.00,90.00,48.60,70.00,90.00,48.60,70.00,90.00
1958-01-01,53.21,-112.71,54.20,66.50,85.40,54.20,66.50,85.40,54.20,66.50,85.40
1959-01-01,53.21,-112.71,49.00,68.00,83.70,49.00,68.00,83.70,49.00,68.00,83.70
1960-01-01,53.21,-112.71,44.00,69.50,91.20,44.00,69.50,91.20,44.30,69.50,91.20
1961-01-01,53.21,-112.71,48.90,66.50,83.70,48.90,66.50,83.70,48.90,67.00,83.70
1962-01-01,53.21,-112.71,44.50,65.00,84.70,44.50,65.00,84.70,45.70,65.00,84.70
1963-01-01,53.21,-112.71,53.50,61.50,76.40,53.50,61.50,76.40,53.50,61.50,76.40
1964-01-01,53.21,-112.71,58.00,74.00,98.60,58.00,74.00,98.60,58.00,74.00,98.60
1965-01-01,53.21,-112.71,56.00,69.00,82.50,56.00,69.00,82.50,56.00,69.00,82.50
1966-01-01,53.21,-112.71,47.50,72.50,85.10,47.50,72.50,85.10,47.50,72.50,85.10
1967-01-01,53.21,-112.71,36.00,60.00,85.70,36.00,60.00,85.70,36.00,61.00,85.70
1968-01-01,53.21,-112.71,41.20,71.50,89.10,41.20,71.50,89.10,41.20,71.50,89.10
1969-01-01,53.21,-112.71,50.00,69.50,88.70,50.00,69.50,88.70,50.00,69.50,88.70
1970-01-01,53.21,-112.71,53.30,71.00,86.30,53.30,71.00,86.30,53.30,71.00,87.20
1971-01-01,53.21,-112.71,47.00,64.00,77.40,47.00,64.00,77.40,47.00,64.00,77.40
1972-01-01,53.21,-112.71,55.60,67.00,79.40,55.60,67.00,79.40,55.90,67.00,79.40
1973-01-01,53.21,-112.71,41.20,64.00,83.70,41.20,64.00,83.70,41.90,64.00,83.70
1974-01-01,53.21,-112.71,46.50,66.00,83.10,46.50,66.00,83.10,46.50,66.00,83.10
1975-01-01,53.21,-112.71,55.80,68.50,90.20,55.80,68.50,90.20,55.80,68.50,90.20
1976-01-01,53.21,-112.71,46.90,67.50,87.20,46.90,67.50,87.20,47.20,67.50,87.20
1977-01-01,53.21,-112.71,46.30,65.00,72.70,46.30,65.00,72.70,46.30,65.00,72.70
1978-01-01,53.21,-112.71,48.90,62.00,77.10,48.90,62.00,77.10,50.30,62.00,77.10
1979-01-01,53.21,-112.71,42.90,62.50,88.60,42.90,62.50,88.60,42.90,62.50,88.60
1980-01-01,53.21,-112.71,52.60,71.00,81.80,52.20,70.50,81.10,52.20,71.00,81.10
1981-01-01,53.21,-112.71,47.90,64.50,93.20,46.90,64.00,94.30,46.90,64.00,93.60
1982-01-01,53.21,-112.71,55.30,68.50,96.00,56.00,69.00,96.00,56.00,68.50,96.00
1983-01-01,53.21,-112.71,52.60,67.50,83.40,52.90,68.00,83.70,52.60,69.00,83.40
1984-01-01,53.21,-112.71,45.80,65.50,87.50,45.80,65.50,86.90,45.80,65.50,86.90
1985-01-01,53.21,-112.71,51.70,63.50,81.70,51.70,63.50,81.70,52.80,64.00,81.00
1986-01-01,53.21,-112.71,46.60,60.50,77.40,48.00,61.00,76.70,48.60,60.00,76.70
1987-01-01,53.21,-112.71,49.60,62.50,77.70,49.60,62.00,78.00,49.60,63.00,78.00
1988-01-01,53.21,-112.71,52.40,63.00,86.00,52.40,63.00,86.00,52.00,63.00,88.10
1989-01-01,53.21,-112.71,47.80,66.00,77.00,48.80,66.00,77.00,49.20,66.00,77.00
1990-01-01,53.21,-112.71,45.80,67.50,84.70,44.10,67.50,84.10,46.80,68.50,83.70
1991-01-01,53.21,-112.71,42.30,71.00,81.70,42.60,71.00,81.70,42.60,71.50,81.70
1992-01-01,53.21,-112.71,41.50,65.50,89.80,40.50,66.50,90.80,40.90,66.50,92.10
1993-01-01,53.21,-112.71,41.60,61.50,75.80,41.60,62.00,76.10,41.60,62.00,76.10
1994-01-01,53.21,-112.71,50.20,63.50,80.40,48.50,63.50,79.40,48.50,63.50,79.10
1995-01-01,53.21,-112.71,35.60,62.50,87.40,36.30,62.50,88.50,36.30,62.50,88.50
1996-01-01,53.21,-112.71,44.50,66.00,85.20,43.80,66.00,85.20,45.20,66.00,85.20
1997-01-01,53.21,-112.71,42.00,61.00,88.40,41.30,61.00,88.40,41.30,61.50,89.10
1998-01-01,53.21,-112.71,42.60,63.00,89.80,42.60,63.00,90.10,41.90,63.00,90.10
1999-01-01,53.21,-112.71,43.90,63.50,74.70,44.20,62.50,75.90,44.90,63.00,75.40
2000-01-01,53.21,-112.71,40.20,62.00,80.90,40.20,61.00,80.50,40.20,61.50,80.50
2001-01-01,53.21,-112.71,47.30,67.00,82.70,47.60,66.50,83.70,47.60,67.00,84.00
2002-01-01,53.21,-112.71,37.30,61.00,85.40,36.30,61.50,85.70,37.00,60.50,86.70
2003-01-01,53.21,-112.71,43.60,62.00,80.50,43.00,62.50,80.50,44.30,63.50,80.50
2004-01-01,53.21,-112.71,41.90,61.00,80.40,41.90,62.00,80.00,42.50,61.50,80.40
2005-01-01,53.21,-112.71,44.20,58.00,80.00,45.20,59.00,80.00,44.00,59.50,82.40
2006-01-01,53.21,-112.71,48.30,58.50,73.40,39.30,55.00,70.70,43.20,55.00,72.20
2007-01-01,53.21,-112.71,36.50,53.00,76.40,28.60,66.50,80.80,37.90,55.50,75.30
2008-01-01,53.21,-112.71,43.30,55.00,68.40,44.00,62.00,74.40,39.60,59.00,81.50
2009-01-01,53.21,-112.71,36.60,52.50,74.90,40.90,56.50,75.70,40.60,58.00,77.50
2010-01-01,53.21,-112.71,39.30,56.50,82.40,39.60,61.00,77.40,36.20,59.50,77.70
2011-01-01,53.21,-112.71,40.60,58.50,82.40,32.00,55.50,72.00,41.70,62.50,76.70
2012-01-01,53.21,-112.71,38.00,55.50,69.40,40.60,57.00,75.10,34.60,58.50,83.00
2013-01-01,53.21,-112.71,38.60,50.50,70.80,41.30,57.50,76.10,35.30,54.00,82.50
2014-01-01,53.21,-112.71,35.30,51.00,77.20,33.30,60.50,70.10,36.90,55.50,77.20
2015-01-01,53.21,-112.71,40.20,52.00,76.60,41.30,58.50,73.10,44.30,55.50,73.10
2016-01-01,53.21,-112.71,24.50,50.00,63.70,42.20,58.50,80.80,40.30,56.50,68.40
2017-01-01,53.21,-112.71,40.60,63.00,79.00,47.00,54.50,73.00,35.90,52.00,76.40
2018-01-01,53.21,-112.71,42.30,52.00,79.00,35.30,62.00,80.40,31.90,54.00,76.80
2019-01-01,53.21,-112.71,42.60,58.50,75.50,35.90,55.50,65.80,37.00,53.50,78.40
2020-01-01,53.21,-112.71,35.20,55.00,72.40,38.60,57.00,71.70,34.30,54.00,74.80
2021-01-01,53.21,-112.71,42.30,56.50,67.40,39.00,59.00,71.80,41.90,59.50,69.00
2022-01-01,53.21,-112.71,37.60,61.00,77.40,47.30,63.00,79.70,32.30,47.50,73.40
2023-01-01,53.21,-112.71,40.30,54.50,70.40,36.90,51.00,86.60,32.10,50.50,70.40
2024-01-01,53.21,-112.71,33.90,49.00,77.00,31.00,48.50,58.70,35.30,51.00,74.70
2025-01-01,53.21,-112.71,44.30,56.50,78.00,38.30,56.00,72.40,35.50,57.50,73.00
2026-01-01,53.21,-112.71,35.20,58.00,67.80,33.30,47.50,66.70,36.80,52.50,74.80
2027-01-01,53.21,-112.71,30.30,50.50,76.30,38.20,57.00,68.00,38.00,52.50,72.20
2028-01-01,53.21,-112.71,30.20,52.50,64.40,27.90,48.50,73.00,28.00,49.00,64.70
2029-01-01,53.21,-112.71,35.30,52.00,72.90,39.90,58.50,76.40,32.30,46.00,65.00
2030-01-01,53.21,-112.71,36.00,55.00,64.40,37.60,59.00,72.80,25.00,43.50,72.50
2031-01-01,53.21,-112.71,30.80,55.00,76.10,33.60,53.00,66.00,36.30,52.50,67.70
2032-01-01,53.21,-112.71,36.30,54.00,76.80,34.00,47.00,70.70,36.00,56.00,69.70
2033-01-01,53.21,-112.71,36.60,53.00,69.40,39.00,49.50,72.90,26.60,50.00,70.20
2034-01-01,53.21,-112.71,30.30,51.50,63.00,32.20,50.00,66.70,25.00,47.00,71.40
2035-01-01,53.21,-112.71,36.30,56.50,76.40,29.30,49.00,77.80,30.30,46.00,67.80
2036-01-01,53.21,-112.71,32.90,53.50,66.10,34.30,48.00,70.90,32.50,55.00,76.00
2037-01-01,53.21,-112.71,34.90,50.50,69.40,24.60,40.50,61.10,20.60,50.00,64.40
2038-01-01,53.21,-112.71,35.10,58.00,70.70,30.20,47.00,61.60,31.20,46.50,60.00
2039-01-01,53.21,-112.71,28.90,49.00,75.20,25.90,47.00,67.40,21.30,47.00,70.70
2040-01-01,53.21,-112.71,32.30,46.00,59.40,33.00,49.00,68.40,31.60,46.00,73.40
2041-01-01,53.21,-112.71,30.90,55.00,77.40,27.10,47.00,66.80,24.20,41.00,66.00
2042-01-01,53.21,-112.71,38.30,53.50,71.30,25.30,45.00,57.70,23.00,46.00,64.10
2043-01-01,53.21,-112.71,35.60,55.50,65.10,23.90,42.00,65.70,21.30,44.00,64.20
2044-01-01,53.21,-112.71,30.30,53.50,73.40,26.60,44.00,63.10,27.30,48.00,61.00
2045-01-01,53.21,-112.71,26.30,48.50,68.20,31.30,43.00,69.20,24.90,43.50,67.60
2046-01-01,53.21,-112.71,34.30,47.00,68.40,22.90,39.50,56.70,29.90,45.00,63.20
2047-01-01,53.21,-112.71,28.20,51.50,73.10,25.90,42.00,61.70,22.50,41.50,60.80
2048-01-01,53.21,-112.71,37.60,54.50,68.70,21.90,54.00,71.20,22.00,38.00,58.70
2049-01-01,53.21,-112.71,28.90,54.00,78.40,22.90,43.50,68.80,24.60,37.50,61.80
2050-01-01,53.21,-112.71,31.30,52.00,71.40,26.90,46.50,63.70,24.00,40.50,58.50
2051-01-01,53.21,-112.71,33.60,49.50,67.50,25.60,41.50,67.70,22.90,43.00,62.00
2052-01-01,53.21,-112.71,34.50,54.00,65.70,27.30,41.00,55.70,19.90,47.00,71.10
2053-01-01,53.21,-112.71,33.20,51.50,72.70,22.30,39.50,62.60,24.60,41.00,53.70
2054-01-01,53.21,-112.71,27.60,50.50,66.20,28.30,45.00,57.00,23.20,42.00,62.80
2055-01-01,53.21,-112.71,30.30,45.50,60.00,26.30,39.50,62.80,17.30,37.00,57.70
2056-01-01,53.21,-112.71,25.30,41.00,60.30,21.90,42.00,61.80,25.60,40.00,58.90
2057-01-01,53.21,-112.71,27.20,49.00,66.20,25.30,47.00,61.70,21.60,36.00,64.70
2058-01-01,53.21,-112.71,31.30,53.50,69.80,22.40,44.50,59.70,21.30,40.50,56.00
2059-01-01,53.21,-112.71,24.50,45.00,66.90,22.80,43.50,67.70,9.20,35.00,49.40
2060-01-01,53.21,-112.71,29.90,41.50,60.10,28.30,51.00,65.40,15.90,35.00,62.40
2061-01-01,53.21,-112.71,22.90,44.00,72.00,30.30,43.00,60.40,18.30,36.50,61.70
2062-01-01,53.21,-112.71,24.60,48.50,75.10,20.30,41.00,57.70,12.90,34.50,54.70
2063-01-01,53.21,-112.71,28.60,46.00,65.60,22.00,45.50,70.10,10.90,27.00,53.50
2064-01-01,53.21,-112.71,29.60,48.50,72.70,19.30,36.50,48.70,15.30,31.50,51.70
2065-01-01,53.21,-112.71,32.60,43.00,71.50,22.30,39.00,66.50,20.60,31.50,61.40
2066-01-01,53.21,-112.71,30.00,47.50,68.40,17.20,31.00,46.80,16.90,34.00,63.60
2067-01-01,53.21,-112.71,38.30,47.00,65.10,26.30,36.00,53.00,15.90,34.50,55.50
2068-01-01,53.21,-112.71,34.90,47.50,68.90,13.00,35.00,60.70,17.00,29.50,51.00
2069-01-01,53.21,-112.71,27.30,49.50,75.70,24.00,44.50,75.10,7.20,24.50,44.20
2070-01-01,53.21,-112.71,27.00,48.50,62.50,26.30,41.50,59.70,9.20,27.50,47.40
2071-01-01,53.21,-112.71,31.90,45.00,59.80,14.90,37.50,57.20,9.90,27.50,46.00
2072-01-01,53.21,-112.71,29.20,52.00,68.10,21.30,37.50,59.90,10.60,36.00,52.50
2073-01-01,53.21,-112.71,27.20,49.00,60.10,22.90,40.00,59.50,8.90,32.00,56.80
2074-01-01,53.21,-112.71,29.30,44.00,56.70,22.80,44.50,57.70,12.30,32.00,47.40
2075-01-01,53.21,-112.71,28.90,45.00,60.70,21.60,35.50,61.30,15.60,32.00,44.70
2076-01-01,53.21,-112.71,26.40,45.00,60.20,22.30,36.50,57.80,15.30,28.00,45.10
2077-01-01,53.21,-112.71,27.60,52.00,76.20,23.60,36.00,56.40,14.30,26.00,49.70
2078-01-01,53.21,-112.71,18.30,51.50,72.50,19.90,42.50,52.20,11.60,24.50,50.60
2079-01-01,53.21,-112.71,30.30,51.00,63.70,20.50,37.00,58.40,8.20,24.50,47.40
2080-01-01,53.21,-112.71,30.30,46.50,62.70,28.60,40.50,56.10,5.60,19.00,52.90
2081-01-01,53.21,-112.71,31.30,46.50,63.50,25.00,38.00,59.00,4.20,25.00,44.80
2082-01-01,53.21,-112.71,24.50,41.50,65.60,19.60,32.50,56.80,4.60,20.50,33.70
2083-01-01,53.21,-112.71,27.30,44.00,66.20,20.00,44.00,65.50,10.00,21.50,46.20
2084-01-01,53.21,-112.71,32.30,48.50,65.40,18.20,34.00,52.90,10.60,25.50,48.90
2085-01-01,53.21,-112.71,24.40,48.50,63.70,18.60,44.50,68.00,11.30,26.50,50.10
2086-01-01,53.21,-112.71,30.00,47.00,65.70,15.60,40.00,57.80,6.50,22.50,42.00
2087-01-01,53.21,-112.71,28.20,47.00,61.10,27.00,41.50,59.10,8.20,23.00,42.80
2088-01-01,53.21,-112.71,25.30,43.50,62.80,20.50,42.00,65.80,7.80,23.00,42.00
2089-01-01,53.21,-112.71,21.90,44.50,63.40,19.30,36.00,60.10,6.60,19.50,47.70
2090-01-01,53.21,-112.71,27.90,46.50,73.80,12.20,34.50,54.00,6.30,23.00,39.50
2091-01-01,53.21,-112.71,28.20,45.50,60.40,23.30,37.00,54.60,9.00,19.00,35.00
2092-01-01,53.21,-112.71,22.90,49.50,66.70,16.00,41.00,57.50,5.30,28.00,45.40
2093-01-01,53.21,-112.71,25.00,47.50,76.40,20.60,37.00,52.70,8.30,20.50,48.00
2094-01-01,53.21,-112.71,28.90,52.00,71.40,24.60,38.50,63.50,5.10,24.00,52.20
2095-01-01,53.21,-112.71,14.10,48.00,64.10,14.60,35.00,57.70,7.90,25.00,44.10
2096-01-01,53.21,-112.71,28.30,47.50,68.10,16.20,39.50,58.40,9.30,22.00,40.60
2097-01-01,53.21,-112.71,33.30,41.00,59.80,17.30,41.50,58.70,8.00,18.50,42.20
2098-01-01,53.21,-112.71,31.00,52.50,68.40,13.00,39.50,60.00,5.90,20.00,33.70
2099-01-01,53.21,-112.71,25.50,43.50,64.20,15.50,34.50,55.70,5.20,21.00,39.60
2100-01-01,53.21,-112.71,23.00,44.50,62.40,25.10,43.00,61.80,7.60,18.00,34.40
1950-01-01,53.54,-113.38,40.00,54.00,76.00,40.00,54.00,76.00,40.00,54.00,76.00
1951-01-01,53.54,-113.38,40.30,59.00,77.00,40.30,59.00,77.00,40.30,59.00,77.00
1952-01-01,53.54,-113.38,46.90,61.50,75.40,46.90,61.50,75.40,46.90,61.50,75.40
1953-01-01,53.54,-113.38,41.60,61.00,77.00,41.60,61.00,77.00,41.60,61.00,77.00
1954-01-01,53.54,-113.38,39.10,61.50,74.70,39.10,61.50,74.70,39.10,61.50,74.70
1955-01-01,53.54,-113.38,43.60,58.00,78.50,43.60,58.00,78.50,43.60,58.00,78.50
1956-01-01,53.54,-113.38,37.50,54.00,77.40,37.50,54.00,77.40,37.50,54.00,77.40
1957-01-01,53.54,-113.38,44.00,64.00,82.80,44.00,64.00,82.80,44.00,64.00,82.80
1958-01-01,53.54,-113.38,50.30,59.50,77.70,50.30,59.50,77.70,50.30,59.50,77.70
1959-01-01,53.54,-113.38,43.00,62.00,77.10,43.00,62.00,77.10,43.00,62.00,77.10
1960-01-01,53.54,-113.38,37.90,62.00,84.90,37.90,62.00,84.90,38.80,62.00,84.90
1961-01-01,53.54,-113.38,44.30,59.00,78.70,44.30,59.00,78.70,44.30,59.00,78.70
1962-01-01,53.54,-113.38,37.60,63.50,77.00,37.60,63.50,77.00,39.00,63.50,77.00
1963-01-01,53.54,-113.38,50.90,56.50,66.70,50.90,56.50,66.70,50.60,57.00,66.70
1964-01-01,53.54,-113.38,52.30,68.50,93.20,52.30,68.50,93.20,52.30,68.50,93.20
1965-01-01,53.54,-113.38,48.30,61.50,75.20,48.30,61.50,75.20,48.30,61.50,75.50
1966-01-01,53.54,-113.38,44.20,66.50,76.40,44.20,66.50,76.40,43.50,66.50,77.00
1967-01-01,53.54,-113.38,29.90,56.00,78.20,29.90,56.00,78.20,29.90,55.50,78.20
1968-01-01,53.54,-113.38,37.90,64.50,83.10,37.90,64.50,83.10,40.00,64.50,83.10
1969-01-01,53.54,-113.38,43.60,64.50,84.80,43.60,64.50,84.80,43.60,64.50,84.80
1970-01-01,53.54,-113.38,45.30,63.00,80.40,45.30,63.00,80.40,45.30,63.00,81.90
1971-01-01,53.54,-113.38,38.90,58.00,72.20,38.90,58.00,72.20,38.90,58.00,72.20
1972-01-01,53.54,-113.38,46.90,62.50,73.40,46.90,62.50,73.40,47.50,62.50,73.40
1973-01-01,53.54,-113.38,38.60,60.00,77.40,38.60,60.00,77.40,38.60,60.00,77.40
1974-01-01,53.54,-113.38,39.10,60.00,77.80,39.10,60.00,77.80,39.10,60.00,77.80
1975-01-01,53.54,-113.38,50.60,63.00,83.50,50.60,63.00,83.50,50.60,63.00,83.50
1976-01-01,53.54,-113.38,44.30,60.50,81.10,44.30,60.50,81.10,44.30,60.50,81.10
1977-01-01,53.54,-113.38,39.90,57.00,67.00,39.90,57.00,67.00,39.90,57.00,67.00
1978-01-01,53.54,-113.38,44.30,56.00,73.40,44.30,56.00,73.40,44.60,56.00,73.40
1979-01-01,53.54,-113.38,34.80,56.50,81.90,34.80,56.50,81.90,34.80,56.50,81.90
1980-01-01,53.54,-113.38,46.10,65.00,75.80,46.10,65.00,75.80,46.10,65.00,75.80
1981-01-01,53.54,-113.38,40.90,57.50,87.60,41.20,58.00,87.90,40.90,57.00,87.50
1982-01-01,53.54,-113.38,48.30,61.00,87.00,48.30,61.00,87.10,48.30,60.50,86.70
1983-01-01,53.54,-113.38,47.60,62.00,76.80,47.60,62.00,78.00,47.90,62.00,78.00
1984-01-01,53.54,-113.38,40.50,58.00,82.40,40.50,57.50,82.40,40.50,60.00,82.40
1985-01-01,53.54,-113.38,45.30,56.50,76.10,45.20,56.50,76.70,45.90,56.50,76.40
1986-01-01,53.54,-113.38,43.60,57.00,72.00,43.90,57.50,72.70,43.90,57.00,72.00
1987-01-01,53.54,-113.38,46.30,56.50,68.80,46.30,56.50,70.70,46.60,57.00,71.00
1988-01-01,53.54,-113.38,46.50,55.50,78.40,46.50,55.50,79.80,46.50,55.00,78.70
1989-01-01,53.54,-113.38,41.50,57.50,71.00,41.50,58.00,72.00,42.20,57.50,71.70
1990-01-01,53.54,-113.38,38.00,60.50,77.40,37.30,61.00,76.70,38.30,61.00,76.70
1991-01-01,53.54,-113.38,37.60,63.50,75.00,36.90,63.50,75.00,38.30,63.00,75.00
1992-01-01,53.54,-113.38,33.90,58.00,83.80,34.20,58.00,84.10,33.60,57.50,84.10
1993-01-01,53.54,-113.38,35.50,55.00,69.50,35.50,55.00,69.50,35.50,56.00,69.50
1994-01-01,53.54,-113.38,44.00,56.50,70.00,43.30,56.50,70.70,44.00,55.00,69.70
1995-01-01,53.54,-113.38,31.20,55.00,81.60,31.60,55.50,80.90,31.60,55.00,83.50
1996-01-01,53.54,-113.38,40.60,59.50,77.50,41.20,59.50,76.80,41.60,59.00,76.80
1997-01-01,53.54,-113.38,35.50,53.50,82.80,35.50,53.50,82.10,35.50,53.50,82.70
1998-01-01,53.54,-113.38,39.90,58.50,80.60,40.20,58.50,81.30,39.60,58.00,80.60
1999-01-01,53.54,-113.38,37.20,55.50,66.70,37.50,55.50,66.70,37.50,55.50,66.70
2000-01-01,53.54,-113.38,31.60,54.00,72.10,31.60,55.00,73.50,32.30,54.50,72.10
2001-01-01,53.54,-113.38,39.50,61.50,76.40,39.50,60.50,76.40,39.50,61.00,76.70
2002-01-01,53.54,-113.38,32.90,55.50,77.40,32.90,55.00,77.70,32.90,55.50,78.00
2003-01-01,53.54,-113.38,36.30,56.50,78.70,36.60,56.50,78.70,36.60,57.50,79.00
2004-01-01,53.54,-113.38,36.50,53.50,74.10,36.50,55.00,73.70,36.80,54.00,73.70
2005-01-01,53.54,-113.38,37.40,50.00,73.00,37.60,51.00,73.00,37.60,51.50,78.80
2006-01-01,53.54,-113.38,43.30,52.50,66.40,30.90,47.50,67.40,36.30,50.00,65.40
2007-01-01,53.54,-113.38,30.00,48.00,72.40,20.50,60.50,74.80,31.90,47.50,66.00
2008-01-01,53.54,-113.38,36.90,49.00,62.10,38.90,57.50,70.10,35.30,53.50,73.70
2009-01-01,53.54,-113.38,33.00,45.00,68.20,37.30,51.00,70.70,34.30,51.50,72.10
2010-01-01,53.54,-113.38,35.60,50.50,73.70,32.50,53.00,70.00,31.90,53.00,72.40
2011-01-01,53.54,-113.38,35.60,53.00,75.80,27.70,47.50,65.80,36.10,55.50,69.00
2012-01-01,53.54,-113.38,34.00,47.50,63.80,34.60,50.00,67.70,28.60,50.50,77.90
2013-01-01,53.54,-113.38,34.30,44.50,65.40,35.30,53.00,69.40,32.00,49.00,79.60
2014-01-01,53.54,-113.38,29.90,48.50,70.90,29.10,51.00,62.00,31.20,48.00,69.70
2015-01-01,53.54,-113.38,34.20,44.50,65.90,38.30,51.00,66.10,39.50,50.00,67.10
2016-01-01,53.54,-113.38,20.10,43.00,60.20,36.60,53.00,71.80,32.50,49.50,63.00
2017-01-01,53.54,-113.38,33.90,56.50,75.10,39.30,50.00,68.70,32.00,48.00,66.80
2018-01-01,53.54,-113.38,37.60,45.50,69.70,30.60,55.00,70.70,28.50,45.50,68.00
2019-01-01,53.54,-113.38,39.00,51.00,71.20,28.80,50.50,62.70,33.30,48.50,70.70
2020-01-01,53.54,-113.38,31.60,47.00,66.00,31.00,47.50,66.00,31.00,50.00,65.00
2021-01-01,53.54,-113.38,37.90,50.00,61.70,36.00,54.50,66.10,36.00,54.00,61.00
2022-01-01,53.54,-113.38,32.60,54.50,71.00,39.20,55.50,77.40,29.00,44.00,66.10
2023-01-01,53.54,-113.38,35.30,46.50,65.70,31.20,46.50,82.20,27.60,44.50,67.10
2024-01-01,53.54,-113.38,30.00,44.50,70.60,26.00,42.50,56.20,31.60,45.50,69.70
2025-01-01,53.54,-113.38,37.60,51.00,72.90,34.30,49.00,65.00,30.80,49.50,67.70
2026-01-01,53.54,-113.38,30.80,52.00,61.70,30.30,43.00,61.70,34.00,46.00,69.10
2027-01-01,53.54,-113.38,26.30,44.00,64.40,32.30,51.00,62.40,28.20,46.00,62.00
2028-01-01,53.54,-113.38,23.90,46.50,55.70,21.60,45.00,69.50,22.00,41.00,59.70
2029-01-01,53.54,-113.38,32.30,47.50,68.60,34.30,55.50,71.40,25.90,42.50,57.40
2030-01-01,53.54,-113.38,34.30,48.50,59.70,32.50,56.50,66.80,20.60,40.00,70.60
2031-01-01,53.54,-113.38,26.20,51.00,71.80,28.30,47.50,62.70,31.20,49.00,61.80
2032-01-01,53.54,-113.38,29.00,48.50,68.70,25.60,42.00,66.40,32.30,50.50,65.10
2033-01-01,53.54,-113.38,32.60,46.50,64.80,30.30,44.00,67.50,25.30,45.50,63.90
2034-01-01,53.54,-113.38,26.30,46.00,59.80,28.20,42.50,60.70,21.60,41.00,68.50
2035-01-01,53.54,-113.38,32.00,52.00,68.80,24.90,45.00,70.50,22.50,40.50,62.00
2036-01-01,53.54,-113.38,28.30,50.50,61.50,30.60,42.00,65.80,29.10,49.50,70.50
2037-01-01,53.54,-113.38,29.80,47.00,63.40,23.60,35.50,55.40,17.60,45.00,59.70
2038-01-01,53.54,-113.38,30.10,52.00,66.40,27.30,42.00,56.60,26.30,41.50,54.70
2039-01-01,53.54,-113.38,24.20,44.50,66.70,23.50,42.50,61.70,18.30,41.50,67.40
2040-01-01,53.54,-113.38,26.90,40.00,54.10,30.30,42.50,61.70,25.00,40.00,68.40
2041-01-01,53.54,-113.38,28.00,47.50,72.70,25.00,41.00,59.40,18.50,35.50,63.00
2042-01-01,53.54,-113.38,34.00,46.50,65.60,24.00,40.50,50.70,19.30,41.50,57.70
2043-01-01,53.54,-113.38,31.20,48.50,59.70,19.30,38.00,59.10,18.90,37.50,57.00
2044-01-01,53.54,-113.38,24.30,47.00,68.80,22.60,39.00,56.10,22.20,38.50,55.10
2045-01-01,53.54,-113.38,21.20,43.00,62.20,25.90,37.50,58.40,20.20,40.00,63.60
2046-01-01,53.54,-113.38,29.60,40.50,62.10,20.60,34.00,52.70,25.60,40.00,58.80
2047-01-01,53.54,-113.38,23.30,44.00,67.50,22.60,35.00,57.90,19.10,36.00,54.70
2048-01-01,53.54,-113.38,33.20,47.00,61.70,19.30,47.50,64.50,18.90,35.00,53.40
2049-01-01,53.54,-113.38,24.60,50.00,66.70,18.30,37.00,62.30,22.00,35.50,56.00
2050-01-01,53.54,-113.38,26.20,46.00,65.00,26.00,41.50,56.40,21.00,32.00,53.20
2051-01-01,53.54,-113.38,32.00,43.00,62.70,22.60,35.00,57.70,16.30,38.00,56.40
2052-01-01,53.54,-113.38,30.30,49.50,58.90,21.30,35.00,51.10,15.30,43.50,62.70
2053-01-01,53.54,-113.38,27.30,48.00,69.10,19.00,33.00,54.50,19.30,36.50,49.40
2054-01-01,53.54,-113.38,24.60,47.50,58.70,24.60,37.00,54.20,19.20,35.50,59.10
2055-01-01,53.54,-113.38,24.50,38.00,55.70,23.00,33.00,55.90,14.60,33.50,54.70
2056-01-01,53.54,-113.38,21.60,35.50,52.70,15.30,37.50,52.70,21.30,35.00,49.80
2057-01-01,53.54,-113.38,24.60,44.00,59.00,20.30,42.50,57.80,14.60,32.50,60.70
2058-01-01,53.54,-113.38,24.00,46.50,66.80,19.90,37.00,56.50,16.30,36.50,48.70
2059-01-01,53.54,-113.38,20.80,39.00,62.80,20.50,39.00,60.40,8.20,32.00,45.70
2060-01-01,53.54,-113.38,24.20,38.50,54.40,22.80,42.50,56.70,14.30,30.50,55.70
2061-01-01,53.54,-113.38,19.90,40.00,60.60,26.60,39.50,55.70,13.60,31.00,57.70
2062-01-01,53.54,-113.38,17.80,43.00,67.80,16.00,37.00,50.70,10.20,32.00,47.50
2063-01-01,53.54,-113.38,23.60,39.00,63.30,16.80,42.00,63.00,9.60,24.00,46.70
2064-01-01,53.54,-113.38,28.60,44.00,65.40,15.60,31.00,45.10,13.30,27.00,45.70
2065-01-01,53.54,-113.38,27.30,39.00,66.70,19.30,34.00,58.20,19.30,29.00,54.40
2066-01-01,53.54,-113.38,27.00,43.50,61.80,15.00,27.50,42.80,16.30,28.50,58.30
2067-01-01,53.54,-113.38,33.00,41.50,60.00,23.30,30.00,46.40,14.20,28.50,50.30
2068-01-01,53.54,-113.38,31.30,43.50,63.70,10.90,30.50,54.10,13.20,26.50,46.70
2069-01-01,53.54,-113.38,21.60,42.00,68.50,20.30,38.50,65.40,6.20,21.50,36.70
2070-01-01,53.54,-113.38,23.30,43.50,56.70,24.30,37.00,56.70,7.20,20.00,43.50
2071-01-01,53.54,-113.38,27.30,42.00,55.70,11.30,34.50,50.20,7.00,24.00,41.10
2072-01-01,53.54,-113.38,23.80,47.00,58.70,18.30,32.50,53.80,8.20,33.50,43.50
2073-01-01,53.54,-113.38,22.30,41.50,53.80,18.30,34.50,52.70,7.30,27.00,51.70
2074-01-01,53.54,-113.38,25.00,34.00,50.70,20.80,39.00,52.70,9.20,25.50,41.80
2075-01-01,53.54,-113.38,24.30,39.50,53.40,20.00,29.00,57.60,9.90,27.50,39.10
2076-01-01,53.54,-113.38,23.80,38.00,54.80,20.30,32.50,51.80,12.30,23.00,39.80
2077-01-01,53.54,-113.38,23.60,45.00,67.70,19.20,32.50,54.10,10.50,23.00,44.40
2078-01-01,53.54,-113.38,15.30,46.50,69.00,17.00,38.00,45.70,8.60,20.00,45.70
2079-01-01,53.54,-113.38,26.30,45.50,60.00,17.20,32.00,54.40,7.00,23.00,43.00
2080-01-01,53.54,-113.38,28.30,44.00,55.40,26.30,36.50,50.90,4.00,16.50,46.90
2081-01-01,53.54,-113.38,24.60,43.00,57.00,18.60,31.50,51.40,2.90,21.50,40.80
2082-01-01,53.54,-113.38,21.10,38.00,60.20,19.00,27.50,53.40,2.60,19.00,29.00
2083-01-01,53.54,-113.38,21.90,40.00,62.70,15.50,36.50,61.10,8.00,18.50,42.20
2084-01-01,53.54,-113.38,28.30,43.50,59.70,16.30,27.00,50.90,8.60,22.50,40.80
2085-01-01,53.54,-113.38,18.80,44.00,54.00,15.30,37.50,61.60,7.90,22.50,42.90
2086-01-01,53.54,-113.38,25.60,41.50,59.00,13.60,33.50,51.60,4.80,19.00,34.70
2087-01-01,53.54,-113.38,25.10,41.50,55.40,23.00,34.00,52.10,4.20,20.50,39.20
2088-01-01,53.54,-113.38,21.30,40.00,56.20,16.90,38.50,59.20,6.90,19.50,39.10
2089-01-01,53.54,-113.38,20.30,38.50,59.10,16.30,31.00,51.50,2.90,15.50,45.40
2090-01-01,53.54,-113.38,23.60,42.00,69.10,8.90,30.50,46.40,4.60,20.00,33.40
2091-01-01,53.54,-113.38,24.30,42.00,55.80,17.80,32.50,48.90,8.30,16.00,29.40
2092-01-01,53.54,-113.38,20.50,45.50,60.40,12.30,36.50,53.50,3.30,24.00,39.00
2093-01-01,53.54,-113.38,26.00,43.00,67.80,15.60,31.50,45.70,6.00,19.00,39.80
2094-01-01,53.54,-113.38,25.30,44.50,65.50,21.30,35.50,54.40,3.20,20.50,43.50
2095-01-01,53.54,-113.38,12.80,45.00,59.90,13.00,29.50,50.40,3.90,23.50,38.70
2096-01-01,53.54,-113.38,24.30,42.50,63.20,14.20,35.50,53.20,8.00,19.50,35.40
2097-01-01,53.54,-113.38,27.60,36.00,52.00,15.00,38.00,54.60,6.30,16.00,34.20
2098-01-01,53.54,-113.38,27.30,47.00,60.70,11.00,32.00,53.10,2.60,14.00,29.40
2099-01-01,53.54,-113.38,21.30,36.00,58.40,11.10,29.50,51.10,2.40,16.00,33.20
2100-01-01,53.54,-113.38,20.60,40.00,56.10,20.30,37.50,54.90,4.00,16.00,31.80
1950-01-01,53.71,-114.13,40.00,51.50,76.50,40.00,51.50,76.50,40.00,51.50,76.50
1951-01-01,53.71,-114.13,40.00,58.00,78.00,40.00,58.00,78.00,40.00,58.00,78.00
1952-01-01,53.71,-114.13,44.90,60.50,73.10,44.90,60.50,73.10,44.90,60.50,73.10
1953-01-01,53.71,-114.13,38.80,58.00,76.00,38.80,58.00,76.00,38.80,58.00,76.00
1954-01-01,53.71,-114.13,39.10,60.00,75.00,39.10,60.00,75.00,39.10,60.00,75.00
1955-01-01,53.71,-114.13,41.20,59.00,78.50,41.20,59.00,78.50,41.20,59.00,78.50
1956-01-01,53.71,-114.13,36.80,53.50,75.00,36.80,53.50,75.00,36.80,53.50,75.00
1957-01-01,53.71,-114.13,43.30,62.50,80.10,43.30,62.50,80.10,43.30,62.50,80.10
1958-01-01,53.71,-114.13,49.30,59.00,77.70,49.30,59.00,77.70,49.30,59.00,77.70
1959-01-01,53.71,-114.13,41.00,61.00,78.40,41.00,61.00,78.40,41.00,61.00,78.40
1960-01-01,53.71,-114.13,36.60,61.50,82.20,36.60,61.50,82.20,37.50,61.50,82.20
1961-01-01,53.71,-114.13,42.50,58.00,78.70,42.50,58.00,78.70,42.50,58.50,78.70
1962-01-01,53.71,-114.13,35.60,59.50,74.70,35.60,59.50,74.70,37.90,59.50,74.70
1963-01-01,53.71,-114.13,46.50,55.50,65.70,46.50,55.50,65.70,46.50,56.00,65.70
1964-01-01,53.71,-114.13,50.30,67.00,88.70,50.30,67.00,88.70,50.30,67.00,88.70
1965-01-01,53.71,-114.13,46.30,58.50,76.90,46.30,58.50,76.90,46.30,58.50,76.90
1966-01-01,53.71,-114.13,41.80,64.50,74.70,41.80,64.50,74.70,41.80,64.50,75.00
1967-01-01,53.71,-114.13,27.90,53.00,77.10,27.90,53.00,77.10,27.90,54.50,77.10
1968-01-01,53.71,-114.13,38.30,63.00,82.70,38.30,63.00,82.70,39.30,63.00,82.70
1969-01-01,53.71,-114.13,43.20,61.50,81.70,43.20,61.50,81.70,43.20,61.50,81.70
1970-01-01,53.71,-114.13,40.20,62.50,78.40,40.20,62.50,78.40,40.20,62.50,79.90
1971-01-01,53.71,-114.13,38.70,55.50,72.50,38.70,55.50,72.50,38.70,55.00,72.50
1972-01-01,53.71,-114.13,45.90,60.50,72.00,45.90,60.50,72.00,49.20,60.50,72.00
1973-01-01,53.71,-114.13,36.00,57.50,76.70,36.00,57.50,76.70,36.00,57.50,76.70
1974-01-01,53.71,-114.13,40.90,58.50,76.80,40.90,58.50,76.80,40.90,58.50,76.80
1975-01-01,53.71,-114.13,49.30,62.50,82.10,49.30,62.50,82.10,49.30,62.50,82.10
1976-01-01,53.71,-114.13,43.30,60.50,80.50,43.30,60.50,80.50,43.30,60.50,80.50
1977-01-01,53.71,-114.13,39.90,55.00,65.70,39.90,55.00,65.70,39.90,55.00,65.70
1978-01-01,53.71,-114.13,41.90,54.50,74.70,41.90,54.50,74.70,44.30,54.50,74.70
1979-01-01,53.71,-114.13,33.90,54.00,83.20,33.90,54.00,83.20,33.90,54.00,83.20
1980-01-01,53.71,-114.13,47.90,63.50,76.10,47.60,63.50,75.40,47.90,64.00,76.10
1981-01-01,53.71,-114.13,40.50,57.00,86.60,40.50,57.00,87.40,40.50,57.00,87.70
1982-01-01,53.71,-114.13,46.30,60.50,84.70,47.00,60.50,85.00,46.30,60.50,84.70
1983-01-01,53.71,-114.13,47.30,60.00,77.10,48.00,60.00,77.80,48.00,60.00,77.10
1984-01-01,53.71,-114.13,41.50,56.00,79.90,40.50,57.00,79.60,41.20,57.00,79.60
1985-01-01,53.71,-114.13,47.30,56.00,73.70,47.60,56.00,75.70,47.30,57.50,75.40
1986-01-01,53.71,-114.13,43.30,56.50,73.70,43.30,56.50,73.70,43.30,56.00,73.70
1987-01-01,53.71,-114.13,43.30,56.50,71.10,42.60,56.00,71.10,43.80,56.00,70.80
1988-01-01,53.71,-114.13,44.90,56.00,76.40,44.90,56.00,76.40,44.20,55.50,81.10
1989-01-01,53.71,-114.13,42.40,58.00,71.40,42.40,57.50,71.40,42.40,57.50,71.10
1990-01-01,53.71,-114.13,34.90,60.00,78.20,34.90,60.00,78.20,34.90,60.00,78.20
1991-01-01,53.71,-114.13,37.60,62.50,73.40,39.00,62.00,73.40,38.00,62.50,73.40
1992-01-01,53.71,-114.13,35.30,56.50,81.80,35.30,56.00,80.40,35.30,56.00,83.00
1993-01-01,53.71,-114.13,35.90,54.50,64.70,35.90,55.00,64.70,35.90,55.00,65.00
1994-01-01,53.71,-114.13,43.30,56.00,70.40,42.60,56.00,69.70,43.30,56.50,69.70
1995-01-01,53.71,-114.13,32.30,54.50,81.30,32.00,55.00,81.30,32.00,54.00,82.90
1996-01-01,53.71,-114.13,39.90,59.50,75.10,39.90,59.00,74.00,40.30,59.50,74.00
1997-01-01,53.71,-114.13,32.80,51.50,81.40,32.50,52.50,80.70,32.80,53.50,81.40
1998-01-01,53.71,-114.13,39.60,58.50,80.30,38.90,57.00,80.60,38.90,56.50,79.90
1999-01-01,53.71,-114.13,36.90,53.50,65.00,36.90,53.50,63.70,36.60,53.50,64.40
2000-01-01,53.71,-114.13,30.30,52.50,72.90,30.00,52.00,72.60,30.30,52.50,72.60
2001-01-01,53.71,-114.13,38.80,61.00,75.40,39.10,60.00,75.40,39.10,60.50,76.80
2002-01-01,53.71,-114.13,32.90,55.00,77.50,32.20,55.00,77.50,33.60,55.00,78.20
2003-01-01,53.71,-114.13,37.30,56.50,77.60,37.60,57.00,75.90,38.00,58.00,75.90
2004-01-01,53.71,-114.13,35.20,54.50,73.10,35.20,54.50,73.10,35.90,54.50,73.40
2005-01-01,53.71,-114.13,35.40,51.00,72.00,35.60,51.00,72.00,36.30,52.50,78.20
2006-01-01,53.71,-114.13,39.00,50.50,67.70,29.90,47.50,64.70,34.50,47.50,63.70
2007-01-01,53.71,-114.13,27.30,46.00,68.70,19.90,61.50,73.10,30.20,49.00,65.40
2008-01-01,53.71,-114.13,37.30,48.50,61.70,38.60,55.00,67.70,33.30,54.00,72.00
2009-01-01,53.71,-114.13,33.30,45.00,68.90,37.00,49.50,69.50,34.00,50.00,69.40
2010-01-01,53.71,-114.13,34.20,50.50,72.00,31.30,52.00,68.00,32.60,53.50,69.40
2011-01-01,53.71,-114.13,34.20,53.50,74.80,26.70,46.00,66.10,34.80,53.50,67.40
2012-01-01,53.71,-114.13,32.60,46.50,63.00,33.90,47.00,67.70,28.60,49.50,76.60
2013-01-01,53.71,-114.13,35.00,42.50,67.50,35.00,52.00,70.50,30.90,51.00,77.10
2014-01-01,53.71,-114.13,28.30,49.00,68.80,29.50,51.00,63.80,32.00,46.50,69.70
2015-01-01,53.71,-114.13,33.90,43.00,64.70,37.30,49.00,65.10,38.90,48.50,66.00
2016-01-01,53.71,-114.13,20.40,42.00,61.50,33.90,51.50,71.80,32.10,49.50,64.70
2017-01-01,53.71,-114.13,35.30,56.50,75.70,35.80,49.00,68.70,31.30,47.00,66.30
2018-01-01,53.71,-114.13,36.60,44.00,69.40,31.00,53.00,71.40,27.80,45.50,67.20
2019-01-01,53.71,-114.13,38.60,49.50,70.20,27.90,49.50,60.40,31.30,47.50,68.70
2020-01-01,53.71,-114.13,32.60,46.00,66.70,31.60,45.50,66.10,31.00,49.00,64.70
2021-01-01,53.71,-114.13,38.30,50.00,60.40,32.20,52.50,65.40,36.30,52.50,63.00
2022-01-01,53.71,-114.13,31.90,55.50,71.10,35.30,55.00,74.00,29.00,42.00,66.10
2023-01-01,53.71,-114.13,34.00,47.00,64.40,30.60,45.00,81.60,26.50,43.50,62.40
2024-01-01,53.71,-114.13,29.00,44.50,70.90,25.60,42.00,55.90,31.00,44.00,68.00
2025-01-01,53.71,-114.13,38.00,50.00,73.30,34.00,50.00,65.00,31.80,49.00,67.10
2026-01-01,53.71,-114.13,34.30,50.50,61.70,28.90,44.00,60.70,33.00,47.00,68.40
2027-01-01,53.71,-114.13,25.30,42.00,66.10,31.00,49.00,61.40,26.90,45.50,60.10
2028-01-01,53.71,-114.13,23.20,45.00,56.70,22.90,44.00,69.40,22.00,42.50,60.40
2029-01-01,53.71,-114.13,29.30,46.50,67.60,34.30,54.00,69.70,27.00,42.00,58.80
2030-01-01,53.71,-114.13,32.60,47.50,58.40,32.20,53.50,64.00,21.00,39.50,69.60
2031-01-01,53.71,-114.13,26.30,51.00,70.50,25.00,46.00,62.70,31.50,48.50,62.50
2032-01-01,53.71,-114.13,29.30,50.50,69.00,24.20,42.00,65.70,30.60,50.00,64.10
2033-01-01,53.71,-114.13,33.00,45.50,63.80,27.20,42.00,66.10,25.60,44.50,62.60
2034-01-01,53.71,-114.13,25.30,44.50,60.50,27.00,41.00,60.40,21.90,38.00,66.10
2035-01-01,53.71,-114.13,30.60,49.00,69.40,22.20,44.50,72.50,21.50,40.00,62.10
2036-01-01,53.71,-114.13,30.30,50.50,60.10,30.90,42.00,65.10,28.80,50.50,68.80
2037-01-01,53.71,-114.13,29.50,48.00,65.20,22.50,35.50,54.00,19.30,45.00,60.40
2038-01-01,53.71,-114.13,29.10,50.50,65.00,27.60,41.00,55.50,27.00,41.00,54.00
2039-01-01,53.71,-114.13,24.60,43.00,68.70,25.00,41.50,60.70,18.30,41.00,67.40
2040-01-01,53.71,-114.13,25.20,41.00,55.50,29.30,41.50,62.20,25.00,41.00,68.00
2041-01-01,53.71,-114.13,27.50,47.50,74.10,23.30,41.50,60.00,17.50,36.00,61.40
2042-01-01,53.71,-114.13,33.20,48.50,64.60,25.00,39.00,50.00,20.00,40.50,59.50
2043-01-01,53.71,-114.13,32.50,48.00,59.40,18.90,37.50,57.70,18.00,37.50,56.80
2044-01-01,53.71,-114.13,21.90,45.50,69.00,22.30,40.00,54.70,21.20,38.00,54.00
2045-01-01,53.71,-114.13,21.60,43.00,61.50,24.60,37.50,60.40,20.80,41.00,62.30
2046-01-01,53.71,-114.13,29.60,41.00,61.80,17.50,34.50,52.00,25.90,40.50,59.10
2047-01-01,53.71,-114.13,25.80,41.50,65.40,22.60,35.00,54.80,17.70,34.50,54.10
2048-01-01,53.71,-114.13,32.20,46.50,62.00,20.00,46.50,64.10,19.90,33.00,51.00
2049-01-01,53.71,-114.13,25.90,49.00,64.80,17.20,36.00,62.00,21.60,34.50,56.70
2050-01-01,53.71,-114.13,25.20,45.50,63.70,25.00,39.50,56.40,20.30,31.00,53.10
2051-01-01,53.71,-114.13,32.30,43.00,63.40,22.60,34.50,58.40,19.00,37.50,54.40
2052-01-01,53.71,-114.13,29.30,49.00,58.80,22.00,34.00,50.70,15.30,40.50,62.80
2053-01-01,53.71,-114.13,24.50,48.50,67.20,18.30,33.00,53.20,19.00,36.50,50.80
2054-01-01,53.71,-114.13,25.00,47.00,58.70,24.30,36.50,51.80,20.00,36.00,57.70
2055-01-01,53.71,-114.13,26.30,38.00,52.70,23.00,32.50,55.60,14.60,34.00,54.40
2056-01-01,53.71,-114.13,21.30,35.00,50.40,15.60,36.50,52.00,21.00,35.00,48.40
2057-01-01,53.71,-114.13,22.50,43.00,59.00,20.90,41.00,58.20,15.00,31.00,61.00
2058-01-01,53.71,-114.13,20.90,46.50,68.20,19.30,39.00,53.10,16.30,35.50,48.00
2059-01-01,53.71,-114.13,21.50,38.00,63.20,19.90,39.00,61.00,7.90,31.50,45.00
2060-01-01,53.71,-114.13,24.20,38.50,53.00,23.90,40.50,56.00,15.30,30.00,56.70
2061-01-01,53.71,-114.13,18.30,39.00,57.80,27.30,40.00,56.00,13.00,32.50,57.10
2062-01-01,53.71,-114.13,16.10,43.50,64.40,15.30,36.50,51.70,12.70,31.50,47.50
2063-01-01,53.71,-114.13,23.20,38.00,63.30,15.40,40.50,62.70,9.20,22.50,47.80
2064-01-01,53.71,-114.13,27.90,42.50,63.00,14.60,29.50,44.40,13.30,27.00,45.70
2065-01-01,53.71,-114.13,27.00,37.50,65.00,18.30,34.00,57.20,18.30,29.50,53.70
2066-01-01,53.71,-114.13,27.30,44.00,60.70,14.90,27.00,43.20,17.00,29.00,57.00
2067-01-01,53.71,-114.13,33.30,40.00,59.20,22.30,30.00,47.70,14.20,29.00,51.60
2068-01-01,53.71,-114.13,30.30,44.00,62.00,9.60,29.50,51.80,12.90,26.00,45.70
2069-01-01,53.71,-114.13,23.00,41.50,67.50,20.30,34.00,64.10,5.90,23.00,38.00
2070-01-01,53.71,-114.13,21.60,44.50,57.50,22.30,37.00,55.70,7.20,21.00,43.50
2071-01-01,53.71,-114.13,26.30,41.00,54.70,11.30,34.00,49.50,7.00,24.50,40.40
2072-01-01,53.71,-114.13,24.50,46.50,59.40,18.30,33.50,54.10,9.20,34.00,41.10
2073-01-01,53.71,-114.13,23.60,41.00,53.70,19.30,33.50,53.40,7.30,28.00,52.20
2074-01-01,53.71,-114.13,24.00,35.50,49.40,20.20,38.50,53.50,9.90,27.50,40.70
2075-01-01,53.71,-114.13,23.90,40.00,54.40,18.60,30.50,55.50,10.60,27.00,38.80
2076-01-01,53.71,-114.13,24.30,38.00,55.10,18.60,32.00,48.10,13.30,22.00,38.40
2077-01-01,53.71,-114.13,24.90,44.00,66.40,18.30,31.50,54.40,9.80,23.00,44.70
2078-01-01,53.71,-114.13,16.60,47.00,67.60,15.90,37.00,45.50,8.90,21.00,45.00
2079-01-01,53.71,-114.13,26.90,43.50,59.70,16.90,31.50,54.10,7.30,22.50,43.00
2080-01-01,53.71,-114.13,29.30,42.00,55.40,24.60,37.50,49.50,4.00,16.50,48.00
2081-01-01,53.71,-114.13,27.30,42.00,57.40,15.60,31.50,51.70,4.20,22.00,41.40
2082-01-01,53.71,-114.13,20.40,39.00,60.90,19.00,27.00,53.80,2.60,18.50,30.10
2083-01-01,53.71,-114.13,23.30,39.00,59.20,16.60,34.50,59.70,6.60,19.00,42.90
2084-01-01,53.71,-114.13,30.00,44.50,60.70,16.30,26.50,50.20,10.30,23.00,43.30
2085-01-01,53.71,-114.13,19.50,43.50,53.40,16.90,34.50,60.00,7.00,23.00,43.70
2086-01-01,53.71,-114.13,24.90,43.50,60.70,13.60,33.00,50.20,3.30,17.50,34.70
2087-01-01,53.71,-114.13,25.50,40.50,53.70,22.30,33.50,50.80,5.90,20.00,39.20
2088-01-01,53.71,-114.13,21.00,38.50,54.40,14.80,37.50,59.30,7.20,21.00,39.80
2089-01-01,53.71,-114.13,21.00,40.50,58.10,13.60,29.00,49.80,2.90,16.00,44.40
2090-01-01,53.71,-114.13,23.30,42.00,67.70,8.90,31.50,46.70,6.00,19.50,31.70
2091-01-01,53.71,-114.13,23.30,41.50,56.10,20.60,32.00,48.10,8.60,18.50,30.00
2092-01-01,53.71,-114.13,20.90,45.50,60.40,13.00,35.00,51.80,5.00,24.00,40.00
2093-01-01,53.71,-114.13,26.00,42.00,65.80,17.00,30.50,47.40,5.60,20.00,38.70
2094-01-01,53.71,-114.13,22.80,42.50,61.40,21.30,35.00,53.80,3.90,20.50,43.50
2095-01-01,53.71,-114.13,12.80,45.00,59.20,12.60,28.50,51.40,3.90,23.00,40.40
2096-01-01,53.71,-114.13,23.30,40.00,63.10,15.90,36.50,54.30,9.30,19.50,36.00
2097-01-01,53.71,-114.13,28.30,36.50,52.70,13.60,36.50,53.90,6.30,16.50,33.90
2098-01-01,53.71,-114.13,28.30,47.00,60.10,10.70,32.00,52.80,2.60,16.00,29.00
2099-01-01,53.71,-114.13,24.30,36.50,61.60,10.50,29.50,51.40,3.20,16.00,33.20
2100-01-01,53.71,-114.13,21.60,39.50,55.40,20.00,36.50,54.90,4.30,16.50,32.80
1950-01-01,53.71,-112.63,48.00,65.50,88.40,48.00,65.50,88.40,48.00,65.50,88.40
1951-01-01,53.71,-112.63,45.80,67.50,89.70,45.80,67.50,89.70,45.80,67.50,89.70
1952-01-01,53.71,-112.63,54.20,71.00,81.70,54.20,71.00,81.70,54.20,71.00,81.70
1953-01-01,53.71,-112.63,45.60,68.00,90.70,45.60,68.00,90.70,45.60,68.00,90.70
1954-01-01,53.71,-112.63,47.30,71.00,84.40,47.30,71.00,84.40,47.30,71.00,84.40
1955-01-01,53.71,-112.63,48.50,64.50,83.50,48.50,64.50,83.50,51.30,64.50,83.50
1956-01-01,53.71,-112.63,46.00,66.50,89.50,46.00,66.50,89.50,46.00,66.50,89.50
1957-01-01,53.71,-112.63,51.30,72.50,92.40,51.30,72.50,92.40,51.30,72.50,92.40
1958-01-01,53.71,-112.63,58.30,70.00,87.50,58.30,70.00,87.50,58.30,70.50,87.50
1959-01-01,53.71,-112.63,49.30,71.50,87.40,49.30,71.50,87.40,49.30,71.50,87.40
1960-01-01,53.71,-112.63,47.60,71.00,92.10,47.60,71.00,92.10,47.60,71.00,92.10
1961-01-01,53.71,-112.63,49.30,69.00,87.40,49.30,69.00,87.40,49.30,69.00,87.40
1962-01-01,53.71,-112.63,47.10,69.00,91.10,47.10,69.00,91.10,47.70,69.00,91.10
1963-01-01,53.71,-112.63,55.90,66.00,77.70,55.90,66.00,77.70,55.90,67.00,77.70
1964-01-01,53.71,-112.63,58.30,79.00,99.30,58.30,79.00,99.30,58.30,79.00,99.30
1965-01-01,53.71,-112.63,58.30,71.50,85.10,58.30,71.50,85.10,58.30,71.50,85.10
1966-01-01,53.71,-112.63,56.30,76.50,87.00,56.30,76.50,87.00,56.30,76.50,87.00
1967-01-01,53.71,-112.63,39.90,64.50,85.10,39.90,64.50,85.10,39.90,66.50,85.10
1968-01-01,53.71,-112.63,44.30,75.50,92.10,44.30,75.50,92.10,45.60,75.50,92.10
1969-01-01,53.71,-112.63,52.20,75.00,92.00,52.20,75.00,92.00,52.20,75.00,92.00
1970-01-01,53.71,-112.63,56.30,72.50,89.00,56.30,72.50,89.00,56.30,72.50,89.30
1971-01-01,53.71,-112.63,48.20,69.00,79.70,48.20,69.00,79.70,48.20,68.00,79.70
1972-01-01,53.71,-112.63,58.30,72.00,79.50,58.30,72.00,79.50,58.60,72.00,79.50
1973-01-01,53.71,-112.63,45.00,66.50,88.70,45.00,66.50,88.70,45.00,66.50,88.70
1974-01-01,53.71,-112.63,49.60,67.50,86.70,49.60,67.50,86.70,49.60,67.50,86.70
1975-01-01,53.71,-112.63,58.90,71.00,92.10,58.90,71.00,92.10,58.90,71.00,92.10
1976-01-01,53.71,-112.63,52.30,70.50,96.00,52.30,70.50,96.00,52.30,70.50,96.00
1977-01-01,53.71,-112.63,48.00,65.00,76.10,48.00,65.00,76.10,48.00,65.00,76.10
1978-01-01,53.71,-112.63,50.30,64.50,82.10,50.30,64.50,82.10,50.30,64.50,82.10
1979-01-01,53.71,-112.63,47.20,65.50,91.90,46.50,65.50,91.90,46.50,65.50,91.90
1980-01-01,53.71,-112.63,54.60,73.50,83.70,54.60,74.00,83.00,53.90,73.50,83.70
1981-01-01,53.71,-112.63,50.30,66.50,94.10,50.00,66.50,94.40,50.60,67.00,94.70
1982-01-01,53.71,-112.63,57.30,71.00,97.00,57.30,71.50,97.00,58.00,71.00,97.00
1983-01-01,53.71,-112.63,55.90,72.00,88.10,55.90,71.50,87.80,55.90,72.50,87.80
1984-01-01,53.71,-112.63,49.60,66.50,87.80,49.60,67.50,88.10,49.20,66.50,88.10
1985-01-01,53.71,-112.63,56.60,65.50,86.90,56.90,65.50,87.90,56.90,66.00,87.20
1986-01-01,53.71,-112.63,51.90,65.50,81.40,52.50,65.00,81.10,51.90,65.00,81.10
1987-01-01,53.71,-112.63,50.30,65.00,80.00,50.30,64.50,80.40,52.20,64.00,81.40
1988-01-01,53.71,-112.63,53.30,67.00,88.70,53.00,67.00,88.70,53.30,67.00,90.00
1989-01-01,53.71,-112.63,49.70,70.00,80.00,49.40,70.00,80.70,49.70,70.00,80.00
1990-01-01,53.71,-112.63,46.40,68.00,86.80,46.10,68.50,85.80,47.80,69.00,86.10
1991-01-01,53.71,-112.63,44.00,74.50,85.50,44.00,73.50,85.50,44.30,74.00,85.80
1992-01-01,53.71,-112.63,44.90,70.00,95.90,44.90,69.00,95.20,44.90,69.50,96.10
1993-01-01,53.71,-112.63,45.60,66.00,77.00,45.60,66.00,76.70,45.60,66.00,77.00
1994-01-01,53.71,-112.63,53.30,66.00,80.70,51.90,67.00,81.70,51.90,66.00,81.70
1995-01-01,53.71,-112.63,38.60,63.50,88.80,38.90,64.50,88.80,39.00,64.00,89.10
1996-01-01,53.71,-112.63,47.80,69.00,90.10,47.50,70.00,90.10,48.20,70.00,90.10
1997-01-01,53.71,-112.63,41.90,64.50,90.70,41.60,64.50,90.70,41.90,64.50,91.40
1998-01-01,53.71,-112.63,46.90,65.50,92.40,45.90,66.00,93.10,46.20,66.00,93.10
1999-01-01,53.71,-112.63,43.10,65.50,77.20,43.10,65.50,78.20,43.40,66.50,77.20
2000-01-01,53.71,-112.63,44.90,64.00,83.20,44.90,65.00,82.80,44.90,63.00,83.20
2001-01-01,53.71,-112.63,46.30,70.50,83.40,47.00,70.50,83.70,46.60,70.50,83.70
2002-01-01,53.71,-112.63,37.30,64.50,89.70,37.60,64.00,90.40,38.60,64.50,90.40
2003-01-01,53.71,-112.63,42.80,66.00,82.20,43.20,66.00,82.20,43.50,67.50,82.20
2004-01-01,53.71,-112.63,42.30,64.00,84.40,43.30,64.00,85.00,42.90,64.00,85.00
2005-01-01,53.71,-112.63,46.40,61.00,80.00,46.40,63.00,80.80,45.90,63.00,84.40
2006-01-01,53.71,-112.63,52.30,60.50,77.20,40.60,56.50,75.70,43.20,58.50,73.20
2007-01-01,53.71,-112.63,37.40,54.50,77.80,30.00,68.50,83.40,38.90,59.50,76.80
2008-01-01,53.71,-112.63,48.00,57.00,68.10,43.50,65.00,77.40,42.00,60.50,83.50
2009-01-01,53.71,-112.63,39.60,55.50,75.40,41.80,59.50,80.40,42.60,61.00,78.10
2010-01-01,53.71,-112.63,40.60,59.50,84.10,40.60,63.50,79.70,37.10,61.50,78.00
2011-01-01,53.71,-112.63,42.50,62.00,87.10,35.40,55.00,73.80,43.00,64.50,77.70
2012-01-01,53.71,-112.63,42.30,58.50,73.70,40.30,58.00,77.20,38.30,59.50,83.30
2013-01-01,53.71,-112.63,40.30,55.00,72.40,42.00,60.00,76.40,37.00,57.50,83.40
2014-01-01,53.71,-112.63,38.00,56.50,78.10,36.20,59.50,71.80,39.30,56.50,78.20
2015-01-01,53.71,-112.63,44.00,53.50,74.00,44.20,61.00,72.00,46.30,60.50,74.00
2016-01-01,53.71,-112.63,26.40,53.00,66.40,44.90,61.00,85.90,42.00,59.50,73.70
2017-01-01,53.71,-112.63,43.30,63.50,84.40,48.00,59.00,75.00,38.30,53.50,72.40
2018-01-01,53.71,-112.63,43.90,55.50,79.40,36.00,62.50,82.00,35.60,54.00,78.70
2019-01-01,53.71,-112.63,44.20,61.00,78.80,37.90,59.50,69.70,39.30,55.00,80.40
2020-01-01,53.71,-112.63,40.20,56.50,77.00,41.60,58.00,73.80,35.30,54.50,79.40
2021-01-01,53.71,-112.63,45.30,58.50,70.40,39.60,60.00,73.00,46.50,62.00,71.70
2022-01-01,53.71,-112.63,40.90,61.50,80.80,47.90,64.00,79.70,37.60,50.00,74.70
2023-01-01,53.71,-112.63,43.30,54.50,74.70,35.80,54.00,87.20,34.80,52.00,75.50
2024-01-01,53.71,-112.63,36.50,52.50,79.70,31.90,49.00,61.00,37.90,53.50,78.80
2025-01-01,53.71,-112.63,47.00,58.00,80.80,40.30,57.00,73.00,40.00,59.00,75.10
2026-01-01,53.71,-112.63,39.30,60.50,71.70,36.30,50.00,68.40,38.60,57.50,76.10
2027-01-01,53.71,-112.63,30.30,50.00,75.40,40.60,59.50,71.40,38.00,54.50,72.10
2028-01-01,53.71,-112.63,32.60,55.00,65.70,29.00,52.50,75.20,29.00,50.50,68.80
2029-01-01,53.71,-112.63,37.30,55.50,75.80,45.00,61.00,80.50,35.30,47.00,65.10
2030-01-01,53.71,-112.63,38.60,56.00,70.20,39.60,61.50,75.00,26.90,46.00,74.90
2031-01-01,53.71,-112.63,37.60,57.50,78.70,32.90,54.00,66.70,37.00,55.50,70.20
2032-01-01,53.71,-112.63,38.30,56.50,81.40,32.20,51.00,72.40,37.30,59.50,70.40
2033-01-01,53.71,-112.63,37.90,57.50,71.70,40.00,51.00,76.60,30.90,50.50,72.90
2034-01-01,53.71,-112.63,32.60,53.50,66.40,35.80,52.00,69.00,26.90,52.00,74.20
2035-01-01,53.71,-112.63,37.30,57.50,81.50,30.60,54.50,81.10,34.00,49.00,71.40
2036-01-01,53.71,-112.63,30.80,55.50,68.90,37.30,49.50,71.10,36.80,56.50,76.10
2037-01-01,53.71,-112.63,35.20,54.50,71.10,27.30,42.50,61.70,21.90,50.50,66.00
2038-01-01,53.71,-112.63,38.20,60.00,76.80,32.10,48.50,65.60,32.60,48.50,63.00
2039-01-01,53.71,-112.63,31.00,52.50,74.70,26.20,51.50,69.70,25.30,46.50,74.00
2040-01-01,53.71,-112.63,33.30,50.00,64.40,34.60,51.00,70.70,33.20,48.00,75.40
2041-01-01,53.71,-112.63,32.60,56.00,81.20,28.60,49.00,69.80,27.90,44.00,69.40
2042-01-01,53.71,-112.63,43.30,58.00,73.00,27.30,47.50,62.40,25.00,48.00,70.00
2043-01-01,53.71,-112.63,36.30,55.00,69.40,24.20,44.00,66.80,22.30,46.50,65.70
2044-01-01,53.71,-112.63,32.30,56.50,77.20,26.90,43.00,66.30,30.30,49.50,61.70
2045-01-01,53.71,-112.63,28.20,49.00,72.60,35.00,43.50,69.50,27.20,45.00,66.50
2046-01-01,53.71,-112.63,35.60,51.50,73.70,24.30,41.00,60.00,30.60,48.50,66.10
2047-01-01,53.71,-112.63,31.60,56.50,76.40,25.40,45.50,64.10,24.90,43.00,63.60
2048-01-01,53.71,-112.63,40.30,54.50,71.40,24.60,55.00,73.20,22.70,39.50,58.70
2049-01-01,53.71,-112.63,34.30,56.00,80.30,26.60,44.50,69.80,26.30,39.50,67.90
2050-01-01,53.71,-112.63,33.60,59.00,74.10,27.30,49.00,64.70,25.30,42.00,62.60
2051-01-01,53.71,-112.63,37.50,51.50,72.10,27.60,44.00,68.80,24.30,44.50,60.70
2052-01-01,53.71,-112.63,37.60,56.50,69.70,30.00,42.00,56.70,22.90,48.50,73.10
2053-01-01,53.71,-112.63,33.40,56.00,73.70,23.60,42.50,64.50,27.00,43.00,56.00
2054-01-01,53.71,-112.63,31.60,51.00,67.70,28.30,47.00,61.00,24.50,44.00,63.80
2055-01-01,53.71,-112.63,28.90,46.50,64.20,27.00,42.00,62.00,18.60,40.00,59.70
2056-01-01,53.71,-112.63,27.30,44.00,61.80,24.60,44.00,62.10,26.30,43.50,59.20
2057-01-01,53.71,-112.63,28.90,50.50,69.80,27.90,48.00,64.10,20.60,38.00,66.80
2058-01-01,53.71,-112.63,33.00,53.50,73.80,24.60,47.00,59.40,22.30,44.00,55.40
2059-01-01,53.71,-112.63,28.00,51.00,67.80,24.70,46.00,70.40,10.10,39.50,52.10
2060-01-01,53.71,-112.63,30.20,44.00,60.70,30.30,50.50,68.00,20.00,36.50,64.00
2061-01-01,53.71,-112.63,23.90,46.00,75.70,29.90,45.00,60.70,19.30,39.00,64.50
2062-01-01,53.71,-112.63,26.30,50.50,77.80,21.60,43.50,59.40,14.50,37.50,56.10
2063-01-01,53.71,-112.63,29.90,47.50,69.30,22.30,45.50,71.40,11.90,29.50,58.50
2064-01-01,53.71,-112.63,33.70,51.50,74.70,20.60,37.50,51.70,16.00,32.50,52.40
2065-01-01,53.71,-112.63,34.30,45.00,72.90,24.00,40.00,69.10,23.00,35.00,63.00
2066-01-01,53.71,-112.63,33.30,50.50,69.70,18.90,32.00,49.10,17.60,34.00,65.10
2067-01-01,53.71,-112.63,42.30,47.50,67.00,28.30,37.50,56.40,16.60,35.50,62.50
2068-01-01,53.71,-112.63,38.00,51.00,70.20,13.60,35.50,63.50,19.00,31.00,53.10
2069-01-01,53.71,-112.63,28.30,52.00,77.40,25.30,46.00,75.40,9.20,25.50,47.40
2070-01-01,53.71,-112.63,28.00,50.50,64.70,29.60,43.00,61.40,10.20,28.00,49.40
2071-01-01,53.71,-112.63,32.90,49.00,61.00,17.00,39.50,58.60,12.30,28.50,50.40
2072-01-01,53.71,-112.63,30.50,52.00,71.10,23.00,40.50,60.90,12.60,37.00,54.30
2073-01-01,53.71,-112.63,29.60,53.00,62.70,22.90,42.50,62.10,8.90,34.00,58.40
2074-01-01,53.71,-112.63,31.30,46.00,59.70,25.70,45.50,60.70,13.60,34.50,48.70
2075-01-01,53.71,-112.63,28.60,46.00,65.70,23.60,37.50,64.60,18.00,33.00,47.70
2076-01-01,53.71,-112.63,31.10,47.50,64.00,23.60,39.50,58.20,16.30,29.50,46.50
2077-01-01,53.71,-112.63,30.50,54.50,76.50,25.60,38.50,59.40,16.30,28.00,53.20
2078-01-01,53.71,-112.63,20.00,54.00,75.60,23.60,45.00,52.00,14.30,27.00,51.90
2079-01-01,53.71,-112.63,33.00,52.00,65.40,22.50,37.00,61.70,8.90,28.50,50.50
2080-01-01,53.71,-112.63,32.00,49.00,67.00,30.30,43.50,58.50,7.30,20.50,53.90
2081-01-01,53.71,-112.63,33.30,50.50,67.00,26.00,38.00,61.00,4.80,26.50,50.10
2082-01-01,53.71,-112.63,26.50,44.00,67.50,22.20,33.00,59.90,5.30,22.00,35.40
2083-01-01,53.71,-112.63,30.00,45.50,69.60,20.60,45.00,66.20,10.60,25.50,47.20
2084-01-01,53.71,-112.63,34.30,51.00,68.40,18.90,34.00,55.90,11.20,27.00,50.90
2085-01-01,53.71,-112.63,26.50,50.00,65.00,19.60,46.00,67.60,12.00,27.50,49.70
2086-01-01,53.71,-112.63,31.00,50.50,68.70,21.90,41.00,58.20,7.80,24.00,43.00
2087-01-01,53.71,-112.63,33.00,48.00,61.70,27.30,43.00,61.50,9.20,26.00,46.50
2088-01-01,53.71,-112.63,26.60,46.00,63.00,20.80,46.50,66.90,8.50,25.50,46.40
2089-01-01,53.71,-112.63,23.30,47.00,64.70,20.30,38.50,61.70,5.60,23.00,49.90
2090-01-01,53.71,-112.63,32.20,48.50,79.10,13.50,36.50,56.20,7.30,24.00,43.60
2091-01-01,53.71,-112.63,29.50,51.50,63.40,24.90,39.00,56.70,10.30,21.50,36.40
2092-01-01,53.71,-112.63,24.20,51.50,70.00,17.30,43.00,58.00,6.30,27.50,47.40
2093-01-01,53.71,-112.63,28.30,51.00,77.00,23.30,40.50,56.10,10.30,24.00,47.90
2094-01-01,53.71,-112.63,29.30,51.00,72.80,24.20,43.00,67.60,6.20,27.00,53.50
2095-01-01,53.71,-112.63,15.80,49.50,67.10,18.10,35.00,60.70,8.20,28.00,45.00
2096-01-01,53.71,-112.63,28.90,50.50,68.00,18.50,41.00,63.20,11.30,24.00,40.10
2097-01-01,53.71,-112.63,35.60,46.50,62.10,18.30,43.00,59.70,9.30,22.00,43.00
2098-01-01,53.71,-112.63,31.90,54.50,70.10,13.40,42.50,63.70,5.00,19.00,35.40
2099-01-01,53.71,-112.63,26.60,44.00,69.30,16.20,37.00,58.70,5.20,21.00,42.40
2100-01-01,53.71,-112.63,23.00,46.50,65.80,29.00,46.50,63.90,9.20,19.50,36.80
