time,lon,lat,rcp26_last_spring_frost_p10,rcp26_last_spring_frost_p50,rcp26_last_spring_frost_p90,rcp45_last_spring_frost_p10,rcp45_last_spring_frost_p50,rcp45_last_spring_frost_p90,rcp85_last_spring_frost_p10,rcp85_last_spring_frost_p50,rcp85_last_spring_frost_p90
1950-01-01,-115.21,53.04,121.00,133.00,151.80,121.00,134.00,151.80,121.00,134.50,151.80
1951-01-01,-115.21,53.04,114.70,132.50,148.20,114.70,132.00,148.20,114.70,132.50,148.20
1952-01-01,-115.21,53.04,127.00,136.50,148.70,127.00,136.50,148.70,127.00,135.00,148.70
1953-01-01,-115.21,53.04,125.30,134.50,144.40,125.30,133.00,144.40,125.30,134.00,144.40
1954-01-01,-115.21,53.04,120.90,135.00,154.80,120.90,133.50,154.80,120.90,135.00,154.80
1955-01-01,-115.21,53.04,123.60,132.50,151.30,123.60,131.00,151.30,123.60,131.00,151.30
1956-01-01,-115.21,53.04,125.30,132.00,158.70,125.60,133.00,158.70,125.60,133.00,159.00
1957-01-01,-115.21,53.04,127.30,138.50,154.70,127.30,138.50,154.70,128.30,141.50,155.00
1958-01-01,-115.21,53.04,125.30,135.50,151.50,125.30,136.00,151.50,125.30,135.50,150.90
1959-01-01,-115.21,53.04,120.20,131.00,154.80,120.20,131.00,155.10,119.50,133.00,154.80
1960-01-01,-115.21,53.04,121.00,133.50,147.80,121.00,133.50,147.80,121.00,133.00,147.80
1961-01-01,-115.21,53.04,124.00,134.00,156.10,124.00,133.50,155.10,124.00,133.50,155.10
1962-01-01,-115.21,53.04,122.50,135.00,151.10,122.50,135.00,151.10,122.50,135.00,151.40
1963-01-01,-115.21,53.04,124.60,139.50,149.40,124.60,137.00,147.40,126.60,137.00,147.40
1964-01-01,-115.21,53.04,126.60,138.00,153.00,126.60,138.50,153.70,126.60,137.50,153.70
1965-01-01,-115.21,53.04,125.60,136.50,146.40,125.60,136.50,147.10,125.60,136.50,150.80
1966-01-01,-115.21,53.04,125.60,136.00,151.70,125.60,136.00,151.70,125.90,136.00,151.70
1967-01-01,-115.21,53.04,125.30,139.50,155.50,125.30,139.50,155.50,125.30,139.50,155.50
1968-01-01,-115.21,53.04,123.60,134.00,154.80,123.90,136.50,154.80,124.60,135.00,154.80
1969-01-01,-115.21,53.04,124.30,134.00,158.80,124.30,134.00,158.80,124.30,134.00,158.80
1970-01-01,-115.21,53.04,126.00,132.00,143.70,126.00,132.00,143.70,126.00,132.00,142.70
1971-01-01,-115.21,53.04,115.40,128.50,154.10,115.40,128.50,154.10,116.30,129.00,154.10
1972-01-01,-115.21,53.04,124.30,135.50,155.50,124.30,135.50,155.50,124.30,135.00,155.50
1973-01-01,-115.21,53.04,123.30,137.00,147.80,123.30,137.50,147.80,123.30,137.50,147.80
1974-01-01,-115.21,53.04,124.90,135.50,146.10,124.90,134.50,146.80,127.60,135.50,149.40
1975-01-01,-115.21,53.04,128.90,137.00,148.70,128.90,137.00,148.70,128.90,137.00,148.70
1976-01-01,-115.21,53.04,126.30,135.50,145.70,126.30,135.50,145.10,126.30,135.50,146.70
1977-01-01,-115.21,53.04,125.00,133.50,143.10,123.60,133.50,143.10,123.60,133.50,145.70
1978-01-01,-115.21,53.04,123.60,132.00,138.70,122.90,132.00,141.10,123.60,132.00,141.10
1979-01-01,-115.21,53.04,127.30,133.50,153.00,127.30,134.00,153.00,127.30,134.00,153.00
1980-01-01,-115.21,53.04,125.00,133.00,145.70,125.00,133.00,145.70,125.00,133.50,145.70
1981-01-01,-115.21,53.04,125.00,133.00,145.40,125.00,132.50,143.70,125.00,132.50,143.70
1982-01-01,-115.21,53.04,123.00,131.00,151.70,123.30,131.00,151.70,123.00,131.00,151.70
1983-01-01,-115.21,53.04,124.20,130.50,143.40,124.20,130.50,143.40,123.30,130.00,143.40
1984-01-01,-115.21,53.04,122.00,135.50,144.70,122.60,135.50,144.70,122.00,133.50,144.70
1985-01-01,-115.21,53.04,127.00,133.50,151.90,127.00,133.00,151.90,127.00,133.00,154.00
1986-01-01,-115.21,53.04,120.30,128.00,149.30,119.60,128.00,149.90,119.60,128.00,149.90
1987-01-01,-115.21,53.04,123.10,135.50,158.40,123.10,135.50,158.40,124.20,135.50,158.40
1988-01-01,-115.21,53.04,122.00,131.00,150.60,122.30,131.50,150.60,122.30,131.00,152.00
1989-01-01,-115.21,53.04,126.00,132.50,158.40,126.00,131.50,158.40,126.00,133.00,158.40
1990-01-01,-115.21,53.04,121.60,131.00,139.40,121.90,132.00,140.00,121.90,132.50,139.70
1991-01-01,-115.21,53.04,123.30,134.50,149.20,123.30,134.50,149.20,123.30,134.00,149.20
1992-01-01,-115.21,53.04,124.90,130.00,143.40,124.90,131.00,143.10,124.90,130.00,143.10
1993-01-01,-115.21,53.04,126.00,132.00,150.00,126.00,132.00,150.00,124.60,132.50,150.00
1994-01-01,-115.21,53.04,123.50,135.50,150.00,123.50,135.50,150.00,123.50,135.50,150.00
1995-01-01,-115.21,53.04,125.30,130.50,140.80,125.30,131.00,138.00,125.30,130.50,138.00
1996-01-01,-115.21,53.04,124.00,130.00,144.40,124.00,131.00,144.40,124.00,131.00,144.70
1997-01-01,-115.21,53.04,117.90,128.50,139.90,117.90,128.50,137.80,117.90,128.50,138.10
1998-01-01,-115.21,53.04,123.00,130.50,155.90,123.00,130.50,155.90,123.00,130.50,155.90
1999-01-01,-115.21,53.04,121.30,129.50,138.00,121.30,129.50,138.00,122.00,131.00,138.00
2000-01-01,-115.21,53.04,124.30,133.50,154.40,124.30,133.50,154.40,124.00,133.00,154.40
2001-01-01,-115.21,53.04,121.90,132.50,148.50,121.90,132.50,148.50,121.90,132.50,147.80
2002-01-01,-115.21,53.04,120.60,128.50,141.50,121.30,128.50,141.50,120.60,128.50,141.50
2003-01-01,-115.21,53.04,121.90,132.50,155.40,121.90,132.50,155.40,121.90,132.50,155.40
2004-01-01,-115.21,53.04,123.00,131.50,144.70,123.00,131.50,144.00,123.00,132.00,144.70
2005-01-01,-115.21,53.04,113.20,123.00,138.00,113.20,123.00,138.00,111.60,122.50,138.00
2006-01-01,-115.21,53.04,113.10,130.00,144.50,121.20,131.50,143.70,115.80,130.00,143.70
2007-01-01,-115.21,53.04,122.00,128.00,148.60,121.00,129.00,139.70,122.20,134.50,144.00
2008-01-01,-115.21,53.04,121.90,133.50,142.00,115.40,134.50,159.60,116.00,129.00,141.40
2009-01-01,-115.21,53.04,124.60,133.50,140.70,123.00,126.00,142.10,110.10,129.50,138.40
2010-01-01,-115.21,53.04,114.30,129.50,143.90,114.80,128.00,147.90,121.30,132.00,147.20
2011-01-01,-115.21,53.04,121.00,130.50,152.70,121.30,127.50,140.10,120.30,128.50,138.40
2012-01-01,-115.21,53.04,114.30,132.00,138.70,121.00,128.00,135.70,121.30,130.00,141.00
2013-01-01,-115.21,53.04,115.40,128.50,137.40,110.70,129.00,137.70,124.00,131.00,142.40
2014-01-01,-115.21,53.04,114.60,126.50,142.90,113.80,132.50,143.90,121.00,126.50,133.70
2015-01-01,-115.21,53.04,107.10,128.00,139.70,121.00,128.50,140.70,114.20,129.00,138.40
2016-01-01,-115.21,53.04,121.60,131.00,139.10,118.60,129.00,142.00,114.60,128.00,137.70
2017-01-01,-115.21,53.04,112.50,127.00,136.70,118.00,132.00,141.10,115.20,129.50,154.70
2018-01-01,-115.21,53.04,110.90,126.00,132.00,117.90,127.00,137.70,114.50,128.00,142.80
2019-01-01,-115.21,53.04,111.00,126.00,133.00,112.60,130.00,135.00,121.00,129.50,145.40
2020-01-01,-115.21,53.04,119.00,130.50,142.00,115.50,129.00,147.10,117.60,132.50,143.10
2021-01-01,-115.21,53.04,116.40,131.50,147.20,116.90,127.00,149.70,115.30,125.00,136.40
2022-01-01,-115.21,53.04,106.70,128.50,140.00,108.50,130.00,141.70,107.60,124.50,137.70
2023-01-01,-115.21,53.04,111.10,129.50,148.90,106.90,129.50,140.00,109.20,129.00,139.00
2024-01-01,-115.21,53.04,109.30,125.50,134.70,113.90,128.50,136.70,118.20,127.50,134.70
2025-01-01,-115.21,53.04,119.20,128.50,135.70,113.50,128.00,140.10,105.50,121.50,132.40
2026-01-01,-115.21,53.04,121.30,128.50,144.40,104.40,125.00,143.50,113.60,124.00,134.70
2027-01-01,-115.21,53.04,106.90,128.00,138.00,110.00,128.50,142.00,116.90,128.00,142.40
2028-01-01,-115.21,53.04,108.80,128.50,140.10,108.60,127.00,135.70,109.50,124.50,132.00
2029-01-01,-115.21,53.04,112.30,127.50,139.40,115.30,126.00,131.70,107.80,124.00,134.50
2030-01-01,-115.21,53.04,110.80,127.50,135.00,109.30,130.00,143.10,110.10,128.50,138.80
2031-01-01,-115.21,53.04,118.60,125.50,136.70,111.90,125.00,136.00,116.10,129.50,138.10
2032-01-01,-115.21,53.04,108.50,124.00,140.70,112.60,127.00,131.70,113.30,126.00,139.00
2033-01-01,-115.21,53.04,109.30,123.00,135.10,109.00,124.50,140.70,109.30,126.00,140.10
2034-01-01,-115.21,53.04,108.60,129.00,147.20,111.60,128.00,136.40,104.80,123.50,134.20
2035-01-01,-115.21,53.04,114.90,129.50,137.70,114.30,129.50,138.00,97.30,124.00,141.40
2036-01-01,-115.21,53.04,101.90,124.50,139.00,113.30,125.50,136.10,124.00,129.50,138.70
2037-01-01,-115.21,53.04,111.00,125.00,136.20,106.90,125.00,142.80,103.60,123.00,135.60
2038-01-01,-115.21,53.04,110.20,126.00,138.40,111.40,126.50,135.70,102.30,122.50,137.00
2039-01-01,-115.21,53.04,116.30,126.00,134.10,108.20,127.50,137.50,100.00,122.50,129.70
2040-01-01,-115.21,53.04,109.90,127.50,150.80,102.90,125.00,145.20,111.90,125.00,133.00
2041-01-01,-115.21,53.04,103.30,121.50,138.10,102.30,125.00,142.40,105.30,125.50,134.40
2042-01-01,-115.21,53.04,107.00,123.50,134.10,105.60,123.00,138.00,102.40,122.50,130.70
2043-01-01,-115.21,53.04,109.60,125.00,140.00,104.00,129.50,144.70,106.10,124.50,137.70
2044-01-01,-115.21,53.04,113.60,129.00,140.70,102.50,124.50,134.00,95.90,121.50,136.50
2045-01-01,-115.21,53.04,108.50,123.50,133.40,103.60,120.50,134.10,109.50,122.00,131.70
2046-01-01,-115.21,53.04,106.10,124.50,136.80,109.90,124.00,138.70,103.60,122.50,129.40
2047-01-01,-115.21,53.04,102.60,127.00,136.70,100.90,125.50,138.40,97.40,124.50,133.10
2048-01-01,-115.21,53.04,111.90,127.50,137.70,114.40,131.00,144.80,97.30,124.50,132.00
2049-01-01,-115.21,53.04,103.30,124.00,138.80,101.80,125.50,141.50,98.10,123.00,133.70
2050-01-01,-115.21,53.04,103.60,123.50,145.70,102.60,125.50,141.00,100.90,124.50,132.40
2051-01-01,-115.21,53.04,108.30,127.00,134.70,105.50,127.00,140.10,97.90,116.00,132.70
2052-01-01,-115.21,53.04,101.60,127.50,135.70,99.60,125.00,130.70,95.10,123.50,131.80
2053-01-01,-115.21,53.04,103.20,124.00,134.70,100.10,121.50,152.70,101.30,121.50,139.50
2054-01-01,-115.21,53.04,107.10,123.50,140.90,106.90,125.50,136.70,100.00,113.00,132.70
2055-01-01,-115.21,53.04,110.90,127.00,138.40,116.10,126.00,133.00,97.30,115.00,132.40
2056-01-01,-115.21,53.04,108.60,123.00,134.70,107.80,125.00,135.40,101.60,123.00,133.00
2057-01-01,-115.21,53.04,95.80,128.00,139.40,102.60,126.00,139.80,97.90,121.00,133.40
2058-01-01,-115.21,53.04,100.40,125.50,136.70,103.30,121.00,140.10,96.80,121.00,128.70
2059-01-01,-115.21,53.04,109.70,125.00,137.10,101.90,122.50,134.10,100.00,123.00,136.50
2060-01-01,-115.21,53.04,96.00,126.00,142.90,103.00,125.00,141.00,95.20,121.00,131.70
2061-01-01,-115.21,53.04,103.00,123.50,137.50,102.30,122.50,134.20,99.50,118.50,136.50
2062-01-01,-115.21,53.04,112.90,126.50,131.00,112.00,124.00,132.70,102.20,122.00,143.60
2063-01-01,-115.21,53.04,107.20,126.50,148.00,99.30,119.00,142.40,92.00,112.50,129.00
2064-01-01,-115.21,53.04,101.50,123.50,133.70,104.90,120.00,138.30,91.60,114.00,125.70
2065-01-01,-115.21,53.04,105.90,121.50,141.40,98.60,121.00,130.00,98.20,111.00,129.50
2066-01-01,-115.21,53.04,108.00,126.00,140.80,103.30,121.50,132.70,101.30,112.50,131.70
2067-01-01,-115.21,53.04,104.60,123.00,140.80,98.00,122.00,131.70,90.90,119.50,127.70
2068-01-01,-115.21,53.04,98.40,132.50,143.40,104.90,121.50,135.70,96.10,115.00,131.00
2069-01-01,-115.21,53.04,105.00,124.00,141.20,106.30,120.00,137.10,97.30,107.50,122.80
2070-01-01,-115.21,53.04,108.70,125.50,132.00,110.00,124.00,131.70,98.20,115.00,129.70
2071-01-01,-115.21,53.04,103.20,123.50,138.20,99.90,124.00,136.70,96.00,117.50,128.00
2072-01-01,-115.21,53.04,110.20,129.00,141.70,103.50,128.00,145.00,93.90,113.50,128.70
2073-01-01,-115.21,53.04,116.90,128.50,137.70,103.20,120.50,133.40,90.80,105.00,121.00
2074-01-01,-115.21,53.04,110.00,125.50,139.00,101.00,121.00,130.20,98.30,113.50,124.40
2075-01-01,-115.21,53.04,110.50,124.50,133.10,98.30,121.50,142.10,92.00,109.50,130.50
2076-01-01,-115.21,53.04,104.40,129.00,148.10,100.50,121.50,134.10,89.30,107.50,127.00
2077-01-01,-115.21,53.04,112.30,127.00,138.00,93.50,119.50,135.80,86.80,105.00,120.50
2078-01-01,-115.21,53.04,110.70,127.00,136.70,95.30,124.00,136.40,88.50,108.00,125.00
2079-01-01,-115.21,53.04,103.90,126.50,144.10,102.10,124.00,134.00,98.60,110.50,131.00
2080-01-01,-115.21,53.04,107.20,124.50,135.00,96.20,122.50,136.20,97.80,110.00,128.80
2081-01-01,-115.21,53.04,110.10,129.00,142.70,93.60,122.00,132.00,88.60,116.50,131.00
2082-01-01,-115.21,53.04,111.70,124.00,137.90,96.40,126.00,139.40,89.60,104.50,131.10
2083-01-01,-115.21,53.04,108.90,125.50,136.70,97.70,124.50,132.70,88.30,110.50,127.80
2084-01-01,-115.21,53.04,107.90,128.50,140.20,102.60,121.50,130.70,93.60,104.00,128.70
2085-01-01,-115.21,53.04,106.30,123.00,142.40,92.00,126.00,139.00,86.60,108.50,132.70
2086-01-01,-115.21,53.04,99.40,125.50,137.10,97.30,120.00,135.80,90.30,101.00,128.20
2087-01-01,-115.21,53.04,101.90,120.00,132.10,98.40,123.50,139.60,90.20,108.50,126.70
2088-01-01,-115.21,53.04,104.30,122.50,135.00,97.30,122.50,138.70,93.30,109.50,126.00
2089-01-01,-115.21,53.04,110.90,124.00,135.70,101.30,122.00,137.00,84.20,105.00,125.70
2090-01-01,-115.21,53.04,109.20,125.00,139.70,102.90,122.50,133.70,90.00,110.00,126.40
2091-01-01,-115.21,53.04,106.00,126.50,133.00,100.50,123.50,131.80,87.80,104.00,126.00
2092-01-01,-115.21,53.04,107.60,126.00,142.30,98.60,124.50,154.80,87.40,102.00,129.20
2093-01-01,-115.21,53.04,110.20,124.50,139.70,101.30,123.00,134.10,87.90,105.00,124.80
2094-01-01,-115.21,53.04,106.30,124.00,139.40,98.20,122.00,139.40,87.90,105.00,122.20
2095-01-01,-115.21,53.04,105.80,124.50,133.00,96.50,121.50,135.70,87.20,99.50,125.00
2096-01-01,-115.21,53.04,106.60,125.50,141.50,96.20,120.50,132.10,86.30,108.00,128.70
2097-01-01,-115.21,53.04,106.60,122.00,131.00,93.60,117.00,132.40,86.30,104.00,124.10
2098-01-01,-115.21,53.04,107.00,125.00,138.40,95.00,126.00,142.70,86.90,102.50,134.70
2099-01-01,-115.21,53.04,108.90,125.00,134.40,102.20,127.00,135.40,89.20,104.00,129.00
2100-01-01,-115.21,53.04,108.90,127.50,136.70,93.60,113.00,133.70,78.90,102.50,119.80
1950-01-01,-110.96,53.12,123.30,141.50,150.00,123.30,141.50,150.00,123.30,141.50,150.00
1951-01-01,-110.96,53.12,123.00,134.50,149.10,123.00,134.50,149.10,123.00,134.50,149.10
1952-01-01,-110.96,53.12,127.30,134.50,152.70,127.30,134.50,152.70,127.30,134.50,152.70
1953-01-01,-110.96,53.12,126.00,135.00,147.80,126.00,135.00,147.80,126.00,135.00,147.80
1954-01-01,-110.96,53.12,126.90,137.00,155.70,126.90,137.00,155.70,126.90,137.50,155.70
1955-01-01,-110.96,53.12,120.60,132.00,145.40,120.60,132.00,144.00,120.60,132.00,145.40
1956-01-01,-110.96,53.12,126.30,137.00,159.40,126.30,137.00,159.40,126.30,137.00,159.10
1957-01-01,-110.96,53.12,126.00,136.50,157.40,126.00,136.50,157.40,126.00,136.50,157.40
1958-01-01,-110.96,53.12,126.00,136.00,155.70,126.30,136.50,155.70,126.30,136.00,155.70
1959-01-01,-110.96,53.12,126.60,138.50,162.10,126.60,138.50,162.10,126.60,139.50,162.10
1960-01-01,-110.96,53.12,122.20,135.50,151.10,125.60,136.50,151.10,125.60,136.50,151.10
1961-01-01,-110.96,53.12,124.30,137.50,155.40,124.30,137.50,156.70,124.30,137.50,156.70
1962-01-01,-110.96,53.12,121.30,134.50,154.30,121.30,134.50,150.80,121.30,134.50,161.10
1963-01-01,-110.96,53.12,131.30,139.00,147.40,131.30,139.00,147.40,131.30,138.50,147.40
1964-01-01,-110.96,53.12,130.20,143.00,158.20,130.20,142.00,158.20,129.90,143.00,158.20
1965-01-01,-110.96,53.12,124.30,136.00,155.10,124.30,135.50,155.10,124.30,135.50,155.10
1966-01-01,-110.96,53.12,124.30,134.50,153.00,124.30,134.50,153.00,124.30,135.50,153.00
1967-01-01,-110.96,53.12,126.00,137.50,157.70,125.30,137.50,157.70,125.30,137.00,157.70
1968-01-01,-110.96,53.12,128.00,136.00,157.70,126.60,136.00,157.70,126.60,136.50,157.70
1969-01-01,-110.96,53.12,126.00,139.00,163.00,125.30,139.00,163.00,125.30,139.00,163.00
1970-01-01,-110.96,53.12,127.00,134.50,153.70,127.00,134.50,153.70,127.00,134.50,153.70
1971-01-01,-110.96,53.12,123.00,130.50,154.80,123.00,131.00,154.80,123.00,133.00,155.10
1972-01-01,-110.96,53.12,124.00,137.50,150.50,124.00,137.50,150.50,124.00,137.50,150.50
1973-01-01,-110.96,53.12,128.00,139.00,163.40,128.00,139.00,163.40,128.00,139.00,163.40
1974-01-01,-110.96,53.12,122.30,136.00,151.10,122.30,136.00,151.10,124.20,137.00,152.70
1975-01-01,-110.96,53.12,125.90,137.50,153.90,125.90,137.50,153.90,125.90,137.00,153.60
1976-01-01,-110.96,53.12,125.30,139.00,152.00,125.30,139.00,152.00,125.30,138.50,152.00
1977-01-01,-110.96,53.12,129.00,135.00,144.70,129.00,135.00,144.70,129.00,135.00,144.70
1978-01-01,-110.96,53.12,125.60,133.00,145.00,125.60,133.00,145.00,125.60,133.00,145.00
1979-01-01,-110.96,53.12,126.00,135.00,157.00,126.00,135.00,157.00,126.00,135.00,157.00
1980-01-01,-110.96,53.12,125.00,134.50,145.10,125.00,134.50,145.10,125.00,134.50,145.10
1981-01-01,-110.96,53.12,128.30,136.00,149.70,127.00,135.00,149.70,127.30,135.00,151.10
1982-01-01,-110.96,53.12,124.00,132.50,152.00,124.00,133.00,152.00,124.00,133.00,152.00
1983-01-01,-110.96,53.12,123.30,135.00,153.10,123.30,132.50,153.10,123.30,135.00,153.10
1984-01-01,-110.96,53.12,124.90,139.50,156.50,124.90,139.50,156.50,124.00,138.50,156.50
1985-01-01,-110.96,53.12,126.30,134.50,157.00,126.30,134.50,157.00,126.30,134.50,157.00
1986-01-01,-110.96,53.12,123.00,137.00,150.90,123.00,137.50,152.70,123.00,138.00,152.70
1987-01-01,-110.96,53.12,127.60,136.00,159.10,127.30,136.00,159.10,127.30,136.00,159.10
1988-01-01,-110.96,53.12,123.00,134.00,156.40,123.00,134.00,156.40,123.00,134.00,156.40
1989-01-01,-110.96,53.12,124.30,131.00,156.70,125.00,131.00,156.70,125.00,131.00,156.70
1990-01-01,-110.96,53.12,124.60,141.50,157.70,124.60,141.50,157.70,124.60,141.50,157.70
1991-01-01,-110.96,53.12,126.00,136.00,152.70,126.00,136.50,152.70,126.00,136.00,152.70
1992-01-01,-110.96,53.12,125.00,135.00,145.00,125.00,135.50,145.00,125.90,135.50,145.00
1993-01-01,-110.96,53.12,126.00,133.00,152.70,126.00,133.00,152.70,126.00,133.00,152.70
1994-01-01,-110.96,53.12,124.60,135.00,148.10,124.60,135.00,148.10,125.30,135.00,149.70
1995-01-01,-110.96,53.12,125.00,132.50,145.70,125.00,133.00,145.70,125.00,134.00,147.40
1996-01-01,-110.96,53.12,127.30,136.00,151.70,127.30,136.50,151.70,128.00,137.50,151.70
1997-01-01,-110.96,53.12,122.60,135.00,151.50,122.60,135.00,151.80,122.60,135.00,151.50
1998-01-01,-110.96,53.12,121.60,130.00,147.50,121.60,130.50,147.50,121.60,130.50,147.50
1999-01-01,-110.96,53.12,123.00,135.00,147.10,123.00,134.50,148.50,124.20,135.00,148.80
2000-01-01,-110.96,53.12,123.80,135.00,156.40,123.80,135.00,156.40,124.10,135.00,156.40
2001-01-01,-110.96,53.12,123.00,134.50,151.10,123.00,133.50,151.10,123.00,133.50,151.10
2002-01-01,-110.96,53.12,125.30,133.00,153.00,125.30,133.00,153.00,125.30,133.00,153.00
2003-01-01,-110.96,53.12,123.60,135.00,155.80,123.60,134.50,155.80,123.60,134.50,155.80
2004-01-01,-110.96,53.12,122.20,131.00,142.80,121.60,134.00,143.10,122.20,133.00,142.80
2005-01-01,-110.96,53.12,120.00,131.00,152.20,120.00,131.00,152.20,120.00,130.50,150.80
2006-01-01,-110.96,53.12,119.20,136.00,150.00,121.30,132.00,141.70,124.90,132.00,144.00
2007-01-01,-110.96,53.12,124.60,131.50,158.10,118.20,129.50,154.40,122.00,133.50,148.40
2008-01-01,-110.96,53.12,123.00,130.00,148.00,117.70,134.00,143.40,118.20,129.00,144.20
2009-01-01,-110.96,53.12,121.30,136.50,152.40,123.30,130.00,139.00,114.60,128.00,152.50
2010-01-01,-110.96,53.12,122.30,131.50,146.70,122.20,137.00,146.50,116.10,130.00,149.70
2011-01-01,-110.96,53.12,120.30,134.00,153.70,118.60,127.50,138.40,123.00,130.50,150.30
2012-01-01,-110.96,53.12,119.50,132.00,140.70,121.30,131.00,145.50,121.60,132.00,145.10
2013-01-01,-110.96,53.12,121.90,132.50,150.20,126.90,135.50,143.40,123.30,132.00,146.00
2014-01-01,-110.96,53.12,123.00,131.50,144.10,119.60,131.50,143.20,119.30,128.00,134.00
2015-01-01,-110.96,53.12,121.90,132.00,145.00,122.60,132.00,149.40,122.30,132.50,150.30
2016-01-01,-110.96,53.12,120.20,134.50,142.40,122.90,131.00,146.10,122.00,130.00,142.00
2017-01-01,-110.96,53.12,119.00,130.50,137.70,121.90,132.00,143.00,120.60,132.00,155.00
2018-01-01,-110.96,53.12,117.50,130.00,151.10,118.10,131.50,142.40,116.10,131.50,154.10
2019-01-01,-110.96,53.12,118.90,128.50,138.10,125.30,131.50,138.10,114.00,131.50,146.00
2020-01-01,-110.96,53.12,115.60,132.00,153.70,122.00,133.00,151.50,122.30,130.50,144.40
2021-01-01,-110.96,53.12,124.00,136.50,155.10,118.80,131.00,152.00,115.30,128.50,147.50
2022-01-01,-110.96,53.12,115.30,130.50,140.00,112.60,132.00,146.90,118.60,126.00,139.70
2023-01-01,-110.96,53.12,116.30,128.50,142.10,116.50,131.50,136.80,110.90,127.00,137.00
2024-01-01,-110.96,53.12,114.70,131.00,140.50,110.00,130.50,150.90,111.60,129.00,138.00
2025-01-01,-110.96,53.12,125.20,132.00,141.00,123.30,130.50,144.70,109.20,125.00,136.90
2026-01-01,-110.96,53.12,117.00,129.50,148.00,118.20,132.00,150.60,119.00,127.00,138.40
2027-01-01,-110.96,53.12,116.80,131.50,139.40,112.70,129.50,151.70,116.00,129.00,141.50
2028-01-01,-110.96,53.12,107.30,126.50,141.50,120.20,128.50,143.20,120.60,129.00,142.40
2029-01-01,-110.96,53.12,122.00,130.50,141.40,117.40,131.50,148.60,108.20,130.50,140.70
2030-01-01,-110.96,53.12,116.90,130.00,144.70,117.90,130.00,143.10,117.30,133.00,146.20
2031-01-01,-110.96,53.12,114.90,126.00,142.10,121.30,129.50,151.10,117.80,130.50,146.80
2032-01-01,-110.96,53.12,117.90,131.50,152.70,115.70,129.50,145.00,115.20,126.50,147.70
2033-01-01,-110.96,53.12,116.00,128.00,140.80,103.60,123.00,139.70,110.00,127.50,144.40
2034-01-01,-110.96,53.12,114.60,133.00,153.90,111.30,128.50,141.80,110.30,124.00,138.40
2035-01-01,-110.96,53.12,118.00,132.50,146.90,114.00,129.00,138.00,116.60,131.00,148.30
2036-01-01,-110.96,53.12,115.00,126.00,142.10,116.30,132.50,145.80,124.00,133.00,143.70
2037-01-01,-110.96,53.12,111.90,125.00,132.00,110.90,126.50,143.50,107.20,126.00,143.40
2038-01-01,-110.96,53.12,108.90,131.00,144.80,119.90,128.50,141.10,108.30,126.50,138.00
2039-01-01,-110.96,53.12,123.30,130.00,144.70,107.30,132.00,141.80,112.30,128.00,150.00
2040-01-01,-110.96,53.12,117.50,129.00,143.80,112.00,129.50,143.70,122.30,127.00,150.80
2041-01-01,-110.96,53.12,106.60,124.50,140.00,111.30,133.00,144.40,106.30,127.00,138.00
2042-01-01,-110.96,53.12,109.60,125.00,140.70,113.50,126.00,135.70,109.00,125.00,136.00
2043-01-01,-110.96,53.12,110.50,128.50,145.00,121.00,135.00,147.80,114.00,124.50,142.70
2044-01-01,-110.96,53.12,117.90,130.00,151.00,118.90,126.00,141.40,101.00,124.50,143.10
2045-01-01,-110.96,53.12,122.00,130.00,141.10,106.90,126.00,137.40,121.00,127.00,139.10
2046-01-01,-110.96,53.12,121.00,131.50,144.40,114.90,128.50,142.70,121.30,127.00,138.80
2047-01-01,-110.96,53.12,117.20,129.00,136.70,108.40,131.00,141.70,107.00,125.50,135.00
2048-01-01,-110.96,53.12,112.60,127.50,139.10,115.50,134.00,149.50,104.60,124.50,130.80
2049-01-01,-110.96,53.12,119.20,129.50,140.00,112.30,126.50,138.10,108.30,128.00,136.10
2050-01-01,-110.96,53.12,115.00,126.50,142.00,111.20,130.00,142.80,106.90,127.00,133.70
2051-01-01,-110.96,53.12,112.80,131.00,137.70,111.60,129.00,137.40,110.60,124.50,145.40
2052-01-01,-110.96,53.12,118.30,128.50,136.00,103.30,126.00,134.00,108.30,124.50,136.70
2053-01-01,-110.96,53.12,112.00,130.00,145.50,105.10,124.00,142.80,108.60,128.00,136.70
2054-01-01,-110.96,53.12,115.00,128.00,142.50,107.10,127.50,144.30,112.60,125.50,135.00
2055-01-01,-110.96,53.12,121.30,131.50,138.70,121.00,128.50,135.70,99.30,125.50,132.40
2056-01-01,-110.96,53.12,111.90,126.50,137.80,107.80,128.00,147.40,113.60,123.50,134.00
2057-01-01,-110.96,53.12,123.30,130.50,137.40,103.40,130.00,141.70,109.60,122.50,133.70
2058-01-01,-110.96,53.12,107.30,126.50,135.80,106.50,125.00,140.10,104.90,122.50,139.70
2059-01-01,-110.96,53.12,110.20,127.00,141.80,103.20,125.50,135.40,98.90,125.50,133.70
2060-01-01,-110.96,53.12,106.00,130.00,146.40,100.90,127.00,141.10,98.90,125.50,141.50
2061-01-01,-110.96,53.12,109.30,126.50,144.10,104.90,128.00,133.40,102.70,122.00,137.70
2062-01-01,-110.96,53.12,112.30,128.00,147.80,108.60,126.50,133.10,109.30,124.00,142.80
2063-01-01,-110.96,53.12,121.30,128.50,140.70,108.60,123.00,144.00,97.90,121.50,132.00
2064-01-01,-110.96,53.12,107.10,129.50,140.00,99.60,125.00,144.00,107.20,120.00,134.10
2065-01-01,-110.96,53.12,109.30,127.50,141.70,112.40,124.00,133.70,108.30,125.50,137.40
2066-01-01,-110.96,53.12,110.10,130.00,141.10,112.20,128.00,141.50,100.90,123.50,135.70
2067-01-01,-110.96,53.12,115.50,128.50,145.40,105.30,124.00,139.80,105.30,121.50,132.40
2068-01-01,-110.96,53.12,102.20,128.00,142.00,110.30,124.50,134.70,104.60,125.00,137.10
2069-01-01,-110.96,53.12,105.30,125.00,139.50,109.40,125.00,138.40,96.90,118.00,131.60
2070-01-01,-110.96,53.12,118.00,128.50,139.80,122.30,126.00,136.50,99.80,123.50,131.00
2071-01-01,-110.96,53.12,112.00,128.00,143.70,109.90,126.50,141.90,96.90,118.50,139.40
2072-01-01,-110.96,53.12,115.00,130.00,143.00,105.90,127.50,141.70,110.90,123.00,135.10
2073-01-01,-110.96,53.12,105.90,130.00,140.80,108.00,123.00,143.60,98.10,121.50,130.00
2074-01-01,-110.96,53.12,118.90,128.00,146.00,105.90,124.00,136.40,102.00,118.00,130.40
2075-01-01,-110.96,53.12,121.30,129.50,145.30,101.80,122.00,137.50,93.60,113.50,133.40
2076-01-01,-110.96,53.12,118.20,130.50,147.80,113.30,130.50,141.60,94.90,123.00,132.40
2077-01-01,-110.96,53.12,114.80,137.00,151.70,99.30,124.50,143.40,96.50,116.50,129.70
2078-01-01,-110.96,53.12,113.20,128.00,140.70,108.30,125.50,142.90,88.30,116.00,133.10
2079-01-01,-110.96,53.12,108.00,128.00,144.50,106.10,129.00,136.00,94.10,118.00,134.00
2080-01-01,-110.96,53.12,111.00,129.00,139.70,103.50,125.00,145.10,97.50,112.00,132.70
2081-01-01,-110.96,53.12,121.00,130.00,144.70,101.30,123.50,132.70,93.10,119.00,133.10
2082-01-01,-110.96,53.12,121.00,130.00,141.70,109.10,128.00,139.70,84.80,116.50,133.70
2083-01-01,-110.96,53.12,118.20,128.00,143.10,105.90,130.00,148.00,88.30,123.00,136.00
2084-01-01,-110.96,53.12,112.10,132.50,146.20,118.20,123.50,131.70,98.90,123.50,130.70
2085-01-01,-110.96,53.12,116.30,128.50,148.20,109.00,127.50,138.40,91.30,113.50,132.00
2086-01-01,-110.96,53.12,115.30,129.00,139.00,105.20,126.00,137.70,93.30,112.50,130.00
2087-01-01,-110.96,53.12,110.90,124.50,136.80,105.20,127.50,140.90,95.90,113.50,127.70
2088-01-01,-110.96,53.12,111.20,130.50,137.10,102.40,129.00,141.70,96.60,110.00,129.80
2089-01-01,-110.96,53.12,114.00,128.00,141.70,117.00,125.50,137.70,92.10,122.50,130.70
2090-01-01,-110.96,53.12,114.90,127.50,139.70,104.30,122.50,137.10,99.30,119.50,130.10
2091-01-01,-110.96,53.12,121.30,130.50,153.40,106.90,125.50,138.40,94.90,111.50,130.40
2092-01-01,-110.96,53.12,113.00,130.50,152.70,115.30,126.00,135.80,95.30,107.50,132.40
2093-01-01,-110.96,53.12,115.30,129.50,143.70,104.70,126.00,134.10,93.90,114.50,133.10
2094-01-01,-110.96,53.12,123.00,130.00,146.20,109.60,123.50,140.10,83.20,114.00,125.00
2095-01-01,-110.96,53.12,118.60,128.00,136.70,102.00,124.50,136.00,90.30,117.00,131.80
2096-01-01,-110.96,53.12,111.20,128.50,151.20,108.30,125.00,142.10,96.60,121.50,128.70
2097-01-01,-110.96,53.12,115.30,127.00,146.00,112.20,124.00,133.70,98.00,107.00,126.70
2098-01-01,-110.96,53.12,110.20,129.00,138.70,102.00,127.00,147.00,92.10,123.00,134.70
2099-01-01,-110.96,53.12,112.00,129.50,146.60,100.30,124.50,137.70,85.80,109.00,134.60
2100-01-01,-110.96,53.12,104.90,127.50,137.70,108.20,127.50,139.60,98.30,110.00,121.70
1950-01-01,-113.04,53.62,121.60,139.50,149.40,121.60,137.00,149.40,121.60,137.00,149.40
1951-01-01,-113.04,53.62,114.00,129.00,148.20,114.00,129.50,148.20,114.00,129.00,151.40
1952-01-01,-113.04,53.62,124.30,133.50,143.00,124.30,131.00,143.00,124.30,131.00,142.10
1953-01-01,-113.04,53.62,121.30,130.50,143.40,121.30,130.50,143.40,121.30,131.50,143.40
1954-01-01,-113.04,53.62,125.30,135.00,151.80,125.30,135.00,150.60,125.30,135.00,150.60
1955-01-01,-113.04,53.62,117.20,127.00,138.10,117.20,127.00,138.10,117.20,127.00,138.10
1956-01-01,-113.04,53.62,119.00,132.50,156.10,119.00,132.00,156.80,119.00,132.50,156.10
1957-01-01,-113.04,53.62,121.90,132.50,150.90,121.90,132.50,150.90,121.90,132.50,154.40
1958-01-01,-113.04,53.62,124.30,135.50,154.10,125.30,135.00,154.10,125.30,135.50,154.10
1959-01-01,-113.04,53.62,120.20,130.50,150.20,120.20,130.50,150.20,120.20,131.50,158.40
1960-01-01,-113.04,53.62,120.50,131.00,152.00,120.50,131.00,152.00,120.50,132.00,152.00
1961-01-01,-113.04,53.62,118.50,131.00,151.30,118.50,132.00,151.60,118.20,131.00,152.20
1962-01-01,-113.04,53.62,120.30,133.50,150.50,120.30,134.50,150.50,120.30,134.50,150.50
1963-01-01,-113.04,53.62,119.80,134.00,146.80,119.80,134.00,146.80,120.50,134.00,146.80
1964-01-01,-113.04,53.62,128.00,137.50,153.40,128.30,138.50,153.40,128.30,137.00,153.40
1965-01-01,-113.04,53.62,125.60,133.50,150.50,125.60,133.50,150.50,125.60,135.00,150.50
1966-01-01,-113.04,53.62,122.60,135.00,150.80,122.60,135.00,151.10,121.90,135.00,150.80
1967-01-01,-113.04,53.62,123.30,136.00,157.70,123.30,136.00,157.70,123.00,136.00,157.70
1968-01-01,-113.04,53.62,123.60,135.00,156.60,123.00,135.00,156.60,123.00,135.00,156.60
1969-01-01,-113.04,53.62,124.00,131.00,155.10,124.00,131.00,155.10,124.00,131.50,155.10
1970-01-01,-113.04,53.62,127.00,131.00,145.70,127.00,131.00,145.70,127.00,131.00,145.70
1971-01-01,-113.04,53.62,121.60,129.50,155.00,121.60,129.50,155.00,123.30,130.50,155.00
1972-01-01,-113.04,53.62,123.90,135.00,149.00,123.90,135.00,150.50,123.90,135.00,149.00
1973-01-01,-113.04,53.62,115.90,134.00,158.30,115.90,134.00,163.10,115.90,134.00,163.10
1974-01-01,-113.04,53.62,122.80,134.50,150.10,122.80,134.50,150.10,127.30,135.00,151.70
1975-01-01,-113.04,53.62,123.20,135.00,148.40,123.20,135.00,147.70,123.20,135.00,147.70
1976-01-01,-113.04,53.62,122.60,134.50,151.70,122.60,134.50,151.70,122.60,135.50,151.70
1977-01-01,-113.04,53.62,122.90,132.00,141.00,122.00,131.00,141.00,122.00,131.00,141.00
1978-01-01,-113.04,53.62,121.30,131.00,140.50,121.30,131.00,141.10,121.30,131.00,141.10
1979-01-01,-113.04,53.62,126.30,134.50,156.70,125.30,134.50,156.70,125.30,134.50,157.00
1980-01-01,-113.04,53.62,125.60,134.00,147.10,125.60,134.00,147.10,125.60,134.50,147.10
1981-01-01,-113.04,53.62,125.30,136.00,147.40,125.30,135.50,147.10,125.30,136.00,150.80
1982-01-01,-113.04,53.62,122.30,132.00,156.90,122.30,132.50,152.00,122.30,132.50,151.40
1983-01-01,-113.04,53.62,123.00,132.00,146.40,123.00,132.00,146.40,123.00,131.00,146.40
1984-01-01,-113.04,53.62,121.60,135.50,157.10,121.60,135.50,157.10,121.60,135.50,157.10
1985-01-01,-113.04,53.62,126.30,132.00,147.00,126.30,132.00,147.00,127.00,132.50,147.00
1986-01-01,-113.04,53.62,122.30,135.00,150.90,122.60,136.00,150.90,122.60,136.50,153.70
1987-01-01,-113.04,53.62,122.10,135.00,155.50,122.10,137.50,160.00,121.80,135.00,159.10
1988-01-01,-113.04,53.62,122.00,130.00,142.80,122.00,130.50,142.80,122.00,130.00,143.50
1989-01-01,-113.04,53.62,122.90,129.50,156.70,122.90,129.50,157.00,122.30,130.50,156.10
1990-01-01,-113.04,53.62,123.60,134.00,151.00,123.60,134.00,151.00,123.60,135.00,153.10
1991-01-01,-113.04,53.62,124.30,134.00,152.70,124.00,134.00,152.70,124.00,134.00,152.70
1992-01-01,-113.04,53.62,126.60,137.00,151.90,126.60,135.00,151.90,126.30,133.50,151.90
1993-01-01,-113.04,53.62,124.00,132.50,153.70,124.00,133.00,153.70,123.30,132.50,153.70
1994-01-01,-113.04,53.62,124.30,134.00,149.70,124.30,134.00,149.70,124.30,134.00,149.70
1995-01-01,-113.04,53.62,114.70,130.00,139.00,114.70,130.50,139.00,114.70,130.50,138.70
1996-01-01,-113.04,53.62,124.00,131.50,149.80,124.00,132.50,149.80,124.00,133.00,149.80
1997-01-01,-113.04,53.62,117.60,128.00,146.80,117.60,128.00,147.50,117.60,128.00,147.50
1998-01-01,-113.04,53.62,122.60,129.50,142.70,122.60,129.50,142.70,122.60,129.50,142.70
1999-01-01,-113.04,53.62,122.30,134.00,152.70,122.30,134.00,153.00,122.30,134.50,152.70
2000-01-01,-113.04,53.62,123.30,134.00,156.40,123.30,134.00,156.40,125.20,134.00,156.40
2001-01-01,-113.04,53.62,122.30,131.50,151.10,122.30,131.50,151.10,122.30,131.50,151.10
2002-01-01,-113.04,53.62,120.90,131.00,142.60,120.90,131.00,142.60,120.90,130.50,151.00
2003-01-01,-113.04,53.62,123.30,131.50,144.50,123.30,131.50,144.50,122.30,131.00,147.70
2004-01-01,-113.04,53.62,115.90,130.50,142.80,115.90,128.50,142.20,114.30,130.50,143.10
2005-01-01,-113.04,53.62,110.60,126.00,138.60,110.60,126.00,138.60,108.60,124.50,138.40
2006-01-01,-113.04,53.62,116.10,129.50,147.00,115.60,131.00,140.50,117.20,131.00,149.60
2007-01-01,-113.04,53.62,123.30,129.00,155.40,112.60,126.00,151.70,122.60,133.50,146.10
2008-01-01,-113.04,53.62,121.60,130.50,152.90,112.30,131.00,141.10,117.90,129.00,148.40
2009-01-01,-113.04,53.62,118.90,134.50,152.10,123.00,130.00,141.40,108.30,128.00,149.20
2010-01-01,-113.04,53.62,115.00,128.00,144.80,111.60,130.50,153.70,109.60,131.50,144.00
2011-01-01,-113.04,53.62,110.90,130.50,155.70,114.20,126.50,135.70,112.60,128.00,150.20
2012-01-01,-113.04,53.62,118.80,132.00,140.00,124.30,131.00,135.70,123.00,131.50,142.70
2013-01-01,-113.04,53.62,121.30,128.50,144.20,122.00,132.50,144.70,123.30,130.00,143.80
2014-01-01,-113.04,53.62,121.00,130.50,144.80,106.80,130.50,155.20,111.50,126.50,134.00
2015-01-01,-113.04,53.62,113.60,126.50,143.50,112.50,131.50,150.80,119.20,133.50,150.30
2016-01-01,-113.04,53.62,116.70,132.50,138.70,120.30,128.50,142.00,121.30,126.50,138.70
2017-01-01,-113.04,53.62,110.20,131.50,143.60,119.50,134.00,141.40,122.00,130.50,154.00
2018-01-01,-113.04,53.62,110.20,126.50,138.60,111.10,125.00,136.10,112.00,129.00,154.40
2019-01-01,-113.04,53.62,111.00,126.00,135.70,111.00,129.50,146.60,121.60,130.50,145.70
2020-01-01,-113.04,53.62,108.70,129.50,149.20,110.60,129.50,147.90,117.90,128.50,140.70
2021-01-01,-113.04,53.62,114.70,132.50,158.80,116.80,131.00,152.70,111.30,129.50,151.10
2022-01-01,-113.04,53.62,109.90,129.00,140.00,104.50,127.00,140.80,109.40,124.00,138.70
2023-01-01,-113.04,53.62,109.90,129.50,137.00,108.30,130.50,144.80,109.30,124.00,137.70
2024-01-01,-113.04,53.62,110.60,124.00,145.80,109.30,128.00,152.70,110.60,128.00,138.00
2025-01-01,-113.04,53.62,117.00,129.00,134.70,122.90,132.50,148.90,105.60,123.00,137.20
2026-01-01,-113.04,53.62,108.90,126.00,148.00,115.30,130.50,146.00,110.20,122.00,132.70
2027-01-01,-113.04,53.62,111.90,129.00,138.70,110.60,127.00,152.10,111.50,129.00,141.70
2028-01-01,-113.04,53.62,106.30,125.00,137.70,119.60,129.50,136.70,120.30,125.00,136.70
2029-01-01,-113.04,53.62,105.60,126.00,138.00,116.10,130.50,149.30,107.30,125.50,137.70
2030-01-01,-113.04,53.62,108.30,126.50,135.70,109.90,127.50,155.20,113.90,129.50,146.20
2031-01-01,-113.04,53.62,114.60,127.50,140.80,121.00,128.00,148.70,116.40,128.00,136.00
2032-01-01,-113.04,53.62,106.00,127.00,147.00,112.60,126.00,139.60,114.00,126.00,139.00
2033-01-01,-113.04,53.62,109.70,125.50,136.00,104.10,121.50,135.00,107.00,125.00,143.80
2034-01-01,-113.04,53.62,110.00,130.50,144.40,109.60,127.50,137.20,101.00,122.50,132.80
2035-01-01,-113.04,53.62,117.30,132.00,142.10,111.60,128.00,143.80,98.70,121.50,140.70
2036-01-01,-113.04,53.62,102.00,122.00,139.00,114.60,124.00,148.40,122.60,131.00,145.40
2037-01-01,-113.04,53.62,102.00,124.50,134.80,104.90,127.50,142.80,105.30,125.00,139.10
2038-01-01,-113.04,53.62,107.60,125.50,141.70,110.80,125.50,133.00,105.30,126.00,143.00
2039-01-01,-113.04,53.62,116.10,128.50,145.70,108.20,131.00,140.40,104.20,125.50,135.10
2040-01-01,-113.04,53.62,110.50,125.00,140.70,102.90,124.00,139.80,110.90,127.00,147.80
2041-01-01,-113.04,53.62,104.60,123.50,138.80,103.80,128.50,140.70,105.30,123.50,136.00
2042-01-01,-113.04,53.62,106.90,125.00,138.80,108.20,124.50,137.40,99.30,123.00,133.80
2043-01-01,-113.04,53.62,106.30,128.00,146.10,121.00,132.00,155.50,101.70,121.50,135.50
2044-01-01,-113.04,53.62,120.60,130.50,154.00,105.40,125.50,138.10,91.50,121.50,138.50
2045-01-01,-113.04,53.62,113.60,126.50,152.70,105.00,123.50,137.10,104.10,122.00,134.50
2046-01-01,-113.04,53.62,110.20,127.50,141.40,110.20,125.00,141.80,101.10,122.50,134.20
2047-01-01,-113.04,53.62,108.00,124.50,135.00,99.30,127.50,140.40,98.40,124.00,132.80
2048-01-01,-113.04,53.62,112.60,127.50,135.80,109.90,131.00,153.30,96.30,124.00,133.40
2049-01-01,-113.04,53.62,110.10,126.00,141.40,100.00,122.50,143.40,100.90,123.00,133.70
2050-01-01,-113.04,53.62,104.00,124.00,145.40,104.60,129.00,146.10,100.20,122.50,130.70
2051-01-01,-113.04,53.62,108.30,126.50,136.40,106.10,128.00,137.70,100.20,123.50,134.10
2052-01-01,-113.04,53.62,104.60,126.50,134.40,101.00,124.00,133.00,97.20,123.50,135.10
2053-01-01,-113.04,53.62,105.50,123.50,131.00,97.90,118.50,141.00,97.20,126.50,135.40
2054-01-01,-113.04,53.62,110.40,126.00,157.50,101.70,128.00,137.00,99.30,115.50,134.70
2055-01-01,-113.04,53.62,110.30,126.00,138.40,121.00,127.50,133.00,98.30,115.50,131.00
2056-01-01,-113.04,53.62,101.20,123.00,139.60,100.90,123.00,136.70,106.50,122.50,136.40
2057-01-01,-113.04,53.62,121.30,129.50,143.80,103.10,127.00,142.40,102.80,121.00,133.70
2058-01-01,-113.04,53.62,106.00,123.50,139.50,104.30,118.50,129.00,99.50,120.50,128.10
2059-01-01,-113.04,53.62,103.50,123.50,137.40,95.60,123.00,136.00,97.20,124.00,132.70
2060-01-01,-113.04,53.62,100.90,124.50,140.40,96.90,122.00,141.00,96.60,122.00,136.70
2061-01-01,-113.04,53.62,104.30,123.00,137.50,104.80,124.50,138.10,91.00,121.00,134.40
2062-01-01,-113.04,53.62,109.30,128.00,152.70,102.30,124.50,131.70,98.60,119.50,143.60
2063-01-01,-113.04,53.62,109.30,126.00,139.00,105.00,119.50,142.40,92.90,120.50,132.00
2064-01-01,-113.04,53.62,107.50,125.00,133.40,101.00,116.00,128.70,87.30,113.50,126.40
2065-01-01,-113.04,53.62,97.30,126.00,144.10,104.20,124.50,134.40,95.20,111.50,132.10
2066-01-01,-113.04,53.62,107.30,126.50,139.70,107.20,122.50,133.70,101.30,119.00,131.70
2067-01-01,-113.04,53.62,111.60,125.50,145.70,102.00,121.50,133.80,88.80,120.00,130.10
2068-01-01,-113.04,53.62,105.80,128.50,141.00,102.10,121.00,136.10,94.50,116.00,136.50
2069-01-01,-113.04,53.62,104.30,123.50,130.70,107.00,124.50,135.70,95.00,107.50,121.70
2070-01-01,-113.04,53.62,104.00,125.50,132.70,104.40,124.50,132.40,95.20,120.00,129.70
2071-01-01,-113.04,53.62,104.60,125.50,139.60,98.30,125.00,137.00,91.30,109.00,124.40
2072-01-01,-113.04,53.62,111.20,127.00,143.00,99.60,128.00,143.80,94.90,122.00,132.90
2073-01-01,-113.04,53.62,106.30,129.00,141.50,105.90,122.00,137.40,87.60,105.00,123.70
2074-01-01,-113.04,53.62,112.80,126.50,143.40,101.30,122.50,127.40,92.70,114.50,128.10
2075-01-01,-113.04,53.62,114.60,128.50,139.00,98.60,123.50,142.50,87.30,105.00,130.40
2076-01-01,-113.04,53.62,114.60,129.50,147.50,111.80,124.00,135.70,89.00,114.50,130.70
2077-01-01,-113.04,53.62,113.30,135.50,149.40,98.30,125.50,143.40,84.20,106.50,124.00
2078-01-01,-113.04,53.62,106.10,126.50,139.70,90.50,124.00,142.40,88.30,114.50,126.00
2079-01-01,-113.04,53.62,100.00,126.00,146.00,98.30,117.00,132.80,90.00,111.00,132.50
2080-01-01,-113.04,53.62,97.20,125.50,138.00,90.80,125.00,143.40,89.90,113.00,127.70
2081-01-01,-113.04,53.62,113.20,129.00,152.00,93.60,121.00,131.70,88.90,118.00,131.00
2082-01-01,-113.04,53.62,118.30,127.00,141.40,95.10,127.50,140.00,89.60,110.50,133.80
2083-01-01,-113.04,53.62,111.60,124.50,142.20,94.00,124.00,133.70,87.30,117.00,135.70
2084-01-01,-113.04,53.62,108.30,131.00,139.50,105.00,122.00,130.40,92.20,112.50,129.10
2085-01-01,-113.04,53.62,106.90,127.50,146.50,97.90,127.00,140.70,88.50,108.50,131.70
2086-01-01,-113.04,53.62,98.30,124.50,138.70,95.60,123.00,135.80,92.60,103.00,128.40
2087-01-01,-113.04,53.62,101.90,117.00,133.40,100.00,127.50,142.70,87.60,107.50,127.40
2088-01-01,-113.04,53.62,105.20,124.00,135.70,98.00,121.50,139.60,95.00,111.50,129.50
2089-01-01,-113.04,53.62,105.20,124.00,137.00,97.40,124.00,147.40,90.90,116.50,130.00
2090-01-01,-113.04,53.62,109.50,126.50,144.70,97.00,115.50,134.40,92.30,112.00,124.70
2091-01-01,-113.04,53.62,121.00,125.50,132.00,102.90,125.00,132.10,87.50,108.50,129.50
2092-01-01,-113.04,53.62,111.30,126.00,149.90,100.90,122.00,158.50,87.70,102.00,127.80
2093-01-01,-113.04,53.62,109.30,125.00,145.10,102.60,124.50,132.00,92.60,106.50,130.10
2094-01-01,-113.04,53.62,104.60,126.00,151.90,98.20,121.00,138.00,93.60,106.00,124.00
2095-01-01,-113.04,53.62,116.60,124.50,131.40,97.80,123.50,136.00,83.50,101.00,124.70
2096-01-01,-113.04,53.62,108.30,126.00,148.50,98.00,128.50,142.40,90.00,113.50,128.70
2097-01-01,-113.04,53.62,103.50,124.00,133.10,94.60,114.50,133.10,86.30,104.50,125.00
2098-01-01,-113.04,53.62,107.00,124.50,135.00,94.70,125.00,139.20,90.60,116.00,139.70
2099-01-01,-113.04,53.62,108.90,128.00,142.30,98.20,123.00,136.70,86.20,108.00,134.00
2100-01-01,-113.04,53.62,106.60,128.00,139.40,94.20,111.50,135.80,78.60,103.00,119.80
1950-01-01,-110.71,53.96,125.20,148.50,160.70,125.20,148.50,159.40,124.90,148.50,159.40
1951-01-01,-110.71,53.96,123.30,142.50,162.10,123.30,142.50,162.10,123.30,142.50,162.10
1952-01-01,-110.71,53.96,127.30,142.50,161.70,127.30,142.50,161.00,127.30,143.00,161.00
1953-01-01,-110.71,53.96,126.60,139.50,150.40,126.60,139.50,149.00,126.60,139.50,150.40
1954-01-01,-110.71,53.96,130.60,140.50,161.40,130.60,140.50,161.40,130.60,140.50,161.40
1955-01-01,-110.71,53.96,125.60,142.00,157.70,125.60,142.00,157.70,125.60,142.00,157.70
1956-01-01,-110.71,53.96,129.60,143.50,159.40,129.60,143.50,159.40,129.60,143.50,159.40
1957-01-01,-110.71,53.96,127.60,145.50,157.70,127.60,145.50,157.70,127.60,146.50,157.70
1958-01-01,-110.71,53.96,129.00,141.50,161.80,129.00,144.00,161.80,129.00,141.50,161.80
1959-01-01,-110.71,53.96,132.00,146.50,165.80,132.00,146.50,165.20,132.00,147.50,164.50
1960-01-01,-110.71,53.96,130.60,144.00,160.90,130.60,145.00,160.90,130.60,144.00,160.90
1961-01-01,-110.71,53.96,125.00,142.50,159.10,125.00,142.50,157.70,124.30,142.00,157.70
1962-01-01,-110.71,53.96,126.60,138.50,156.10,126.60,138.50,153.40,126.60,138.00,156.80
1963-01-01,-110.71,53.96,131.30,142.00,160.20,131.30,142.00,160.20,131.30,142.00,160.20
1964-01-01,-110.71,53.96,130.90,149.50,161.00,130.90,149.00,160.70,130.90,149.50,161.00
1965-01-01,-110.71,53.96,131.30,141.00,158.70,131.30,141.00,158.70,131.30,141.00,158.70
1966-01-01,-110.71,53.96,126.30,138.50,162.50,126.30,138.50,162.50,127.30,138.50,162.50
1967-01-01,-110.71,53.96,130.00,151.00,160.70,130.00,151.00,160.70,127.20,151.00,160.70
1968-01-01,-110.71,53.96,131.00,141.00,159.70,131.30,141.00,159.70,131.30,141.00,159.70
1969-01-01,-110.71,53.96,128.30,152.50,163.40,128.30,152.50,163.40,128.30,152.50,164.00
1970-01-01,-110.71,53.96,129.00,141.50,156.70,128.30,141.50,157.00,128.30,141.50,157.00
1971-01-01,-110.71,53.96,123.60,142.50,160.70,123.60,142.50,160.70,123.60,146.50,160.70
1972-01-01,-110.71,53.96,129.30,139.50,159.10,129.30,139.00,156.70,129.30,139.00,156.70
1973-01-01,-110.71,53.96,128.00,143.50,164.00,128.00,143.50,164.00,128.00,143.50,164.00
1974-01-01,-110.71,53.96,129.30,136.50,155.10,129.30,136.50,160.20,130.00,139.50,160.50
1975-01-01,-110.71,53.96,130.20,145.00,163.70,130.20,145.00,162.40,130.20,145.00,162.40
1976-01-01,-110.71,53.96,124.60,139.00,157.20,124.60,138.00,157.20,124.60,139.00,157.20
1977-01-01,-110.71,53.96,129.30,140.50,151.70,129.30,140.50,151.70,129.30,139.50,151.70
1978-01-01,-110.71,53.96,127.60,138.50,155.10,127.30,139.00,155.10,127.60,140.50,157.10
1979-01-01,-110.71,53.96,126.00,136.00,158.70,126.00,136.00,158.70,126.00,136.00,158.70
1980-01-01,-110.71,53.96,128.30,139.50,153.40,128.00,139.50,153.40,128.00,139.50,153.40
1981-01-01,-110.71,53.96,129.30,138.50,160.70,129.30,138.50,160.70,129.30,139.00,161.30
1982-01-01,-110.71,53.96,124.60,137.50,159.00,124.60,138.00,158.10,124.60,138.00,158.10
1983-01-01,-110.71,53.96,124.90,139.00,161.10,124.90,139.00,161.10,124.90,138.00,161.10
1984-01-01,-110.71,53.96,128.00,139.00,156.50,127.30,139.00,156.50,127.30,139.00,157.40
1985-01-01,-110.71,53.96,127.00,145.50,160.40,127.00,145.50,160.40,127.00,145.50,160.40
1986-01-01,-110.71,53.96,131.80,142.00,157.70,131.80,142.00,157.70,136.60,142.00,157.70
1987-01-01,-110.71,53.96,130.30,142.50,159.10,130.30,142.50,159.10,130.30,142.50,159.10
1988-01-01,-110.71,53.96,123.30,139.50,156.70,123.30,139.50,156.70,123.30,139.50,156.70
1989-01-01,-110.71,53.96,127.60,139.00,160.40,126.90,141.00,160.40,126.90,138.50,160.40
1990-01-01,-110.71,53.96,129.50,148.00,160.40,129.50,148.00,160.40,129.50,148.00,161.80
1991-01-01,-110.71,53.96,124.30,139.00,155.70,124.30,139.00,155.70,124.30,141.50,155.70
1992-01-01,-110.71,53.96,128.00,137.00,154.00,125.90,135.50,154.00,128.00,135.00,154.00
1993-01-01,-110.71,53.96,127.60,137.50,154.40,127.60,140.00,156.40,127.60,141.00,157.70
1994-01-01,-110.71,53.96,132.30,140.50,161.80,132.30,140.50,161.80,132.30,138.00,158.70
1995-01-01,-110.71,53.96,126.30,133.50,151.70,126.30,133.50,151.70,126.60,133.50,151.40
1996-01-01,-110.71,53.96,128.00,139.00,157.40,128.00,139.00,157.40,128.00,139.00,157.40
1997-01-01,-110.71,53.96,126.00,136.00,155.40,126.00,136.00,155.40,126.30,138.00,155.10
1998-01-01,-110.71,53.96,126.30,134.00,147.80,126.30,134.00,147.80,126.30,134.00,149.70
1999-01-01,-110.71,53.96,132.60,138.00,153.40,132.60,138.00,153.40,129.20,138.00,153.40
2000-01-01,-110.71,53.96,129.90,139.00,156.40,129.90,138.50,156.40,129.90,139.00,156.40
2001-01-01,-110.71,53.96,123.90,137.50,152.00,123.90,137.50,154.10,123.90,137.50,154.10
2002-01-01,-110.71,53.96,125.60,136.50,157.20,127.90,137.00,157.20,127.90,137.00,157.20
2003-01-01,-110.71,53.96,128.60,135.50,157.00,128.60,135.50,157.00,128.60,135.50,157.00
2004-01-01,-110.71,53.96,126.30,135.00,152.00,125.60,135.00,152.00,125.60,135.00,152.70
2005-01-01,-110.71,53.96,123.60,133.00,155.20,123.60,133.00,155.20,126.60,133.50,152.00
2006-01-01,-110.71,53.96,127.30,136.00,150.70,123.50,135.50,144.40,127.60,135.50,157.80
2007-01-01,-110.71,53.96,126.30,133.00,159.00,121.00,135.00,157.80,130.30,137.00,156.60
2008-01-01,-110.71,53.96,121.30,136.50,152.70,126.00,135.00,144.10,121.60,131.00,157.20
2009-01-01,-110.71,53.96,129.30,142.50,154.10,123.30,135.50,154.70,117.80,132.50,158.00
2010-01-01,-110.71,53.96,125.60,133.00,149.10,127.00,142.50,156.70,115.00,134.00,152.40
2011-01-01,-110.71,53.96,127.60,141.00,154.70,124.00,130.00,142.70,123.00,138.00,157.40
2012-01-01,-110.71,53.96,122.30,140.00,157.70,124.60,132.00,152.20,123.60,135.00,145.70
2013-01-01,-110.71,53.96,126.30,133.50,152.00,130.00,136.00,147.10,124.30,132.50,149.00
2014-01-01,-110.71,53.96,124.30,138.00,157.50,123.00,133.50,152.40,120.30,132.00,150.70
2015-01-01,-110.71,53.96,124.60,141.00,153.80,122.00,133.50,152.70,124.30,134.50,153.70
2016-01-01,-110.71,53.96,123.60,135.00,143.70,126.30,138.00,156.40,123.90,134.00,142.00
2017-01-01,-110.71,53.96,115.80,134.00,151.30,126.60,137.00,158.80,124.00,138.00,157.80
2018-01-01,-110.71,53.96,116.30,132.50,153.00,126.00,138.00,147.00,122.00,131.00,161.50
2019-01-01,-110.71,53.96,124.30,135.00,157.50,125.30,138.00,158.50,124.30,134.00,155.40
2020-01-01,-110.71,53.96,126.60,132.00,152.00,122.60,138.00,152.70,122.30,134.50,152.70
2021-01-01,-110.71,53.96,125.30,142.00,159.10,118.00,134.50,152.70,117.50,134.00,158.40
2022-01-01,-110.71,53.96,116.20,133.00,148.00,114.90,131.00,148.70,122.30,127.50,149.10
2023-01-01,-110.71,53.96,118.90,131.50,149.00,120.00,133.00,144.10,114.20,129.50,140.70
2024-01-01,-110.71,53.96,122.20,135.00,152.10,110.60,130.50,160.70,123.00,133.00,149.80
2025-01-01,-110.71,53.96,125.90,132.50,149.40,126.30,133.00,150.00,122.00,131.00,145.10
2026-01-01,-110.71,53.96,123.00,136.00,155.10,124.60,137.00,155.10,120.30,131.00,146.30
2027-01-01,-110.71,53.96,117.10,132.00,140.70,121.60,133.00,153.40,117.30,129.00,145.40
2028-01-01,-110.71,53.96,116.70,130.00,144.40,126.60,135.00,154.30,122.00,130.50,145.70
2029-01-01,-110.71,53.96,122.30,130.50,143.40,121.60,136.50,158.10,111.20,135.50,151.80
2030-01-01,-110.71,53.96,119.60,132.00,145.00,122.60,133.50,155.20,121.90,133.50,147.10
2031-01-01,-110.71,53.96,121.90,134.00,145.80,122.30,136.00,158.00,116.30,134.00,151.50
2032-01-01,-110.71,53.96,120.00,134.00,158.50,115.40,131.00,150.70,118.00,136.50,156.70
2033-01-01,-110.71,53.96,120.30,132.00,151.40,106.90,128.00,142.00,117.00,133.00,150.90
2034-01-01,-110.71,53.96,124.60,136.50,156.70,124.30,133.00,144.70,110.90,129.00,145.60
2035-01-01,-110.71,53.96,119.90,137.00,151.40,122.00,130.50,144.80,117.80,136.00,156.00
2036-01-01,-110.71,53.96,117.40,129.50,142.80,122.30,134.00,154.60,127.60,137.00,149.80
2037-01-01,-110.71,53.96,111.90,129.00,138.70,114.50,136.00,155.50,114.10,130.50,155.70
2038-01-01,-110.71,53.96,114.60,131.00,145.50,121.60,132.50,141.70,112.90,128.00,149.90
2039-01-01,-110.71,53.96,125.00,135.00,152.00,113.40,133.50,152.00,115.70,132.50,151.40
2040-01-01,-110.71,53.96,123.00,131.00,153.90,119.10,133.50,146.10,125.00,132.00,153.40
2041-01-01,-110.71,53.96,113.30,130.00,148.90,110.30,134.00,142.70,121.00,134.50,148.40
2042-01-01,-110.71,53.96,114.00,126.00,143.40,114.80,130.00,138.00,111.20,128.00,136.70
2043-01-01,-110.71,53.96,116.80,128.00,143.70,123.00,137.00,153.70,115.00,126.00,145.50
2044-01-01,-110.71,53.96,120.30,135.50,154.70,111.70,130.00,148.30,105.60,129.50,152.30
2045-01-01,-110.71,53.96,122.60,133.00,158.40,115.30,130.00,138.00,122.00,130.00,142.90
2046-01-01,-110.71,53.96,118.20,133.50,144.40,118.90,134.00,151.20,122.00,127.50,143.00
2047-01-01,-110.71,53.96,122.30,134.00,140.50,123.30,135.50,155.00,116.10,131.00,145.70
2048-01-01,-110.71,53.96,121.90,130.00,147.50,122.00,139.00,160.50,106.60,126.50,143.90
2049-01-01,-110.71,53.96,123.30,130.50,146.10,112.60,131.00,158.20,121.30,131.00,141.10
2050-01-01,-110.71,53.96,115.00,130.00,161.20,115.50,133.50,155.50,117.60,129.00,139.10
2051-01-01,-110.71,53.96,117.30,130.00,138.40,113.20,132.50,143.10,115.30,128.00,149.90
2052-01-01,-110.71,53.96,112.40,132.00,136.70,110.60,131.50,153.10,108.60,127.00,140.70
2053-01-01,-110.71,53.96,119.60,131.50,156.40,109.70,130.00,155.40,109.60,129.00,148.50
2054-01-01,-110.71,53.96,116.80,128.50,154.00,117.60,129.50,144.60,114.60,130.00,143.40
2055-01-01,-110.71,53.96,122.30,134.00,147.80,122.00,129.50,147.70,105.90,126.00,141.70
2056-01-01,-110.71,53.96,114.00,128.00,141.80,116.10,131.50,158.20,113.60,131.00,141.70
2057-01-01,-110.71,53.96,126.30,135.50,154.70,116.70,132.50,150.80,114.50,127.00,135.70
2058-01-01,-110.71,53.96,115.60,128.50,147.00,111.90,129.00,152.40,113.90,125.50,146.40
2059-01-01,-110.71,53.96,105.50,128.50,150.20,114.20,129.50,142.20,108.40,130.50,139.40
2060-01-01,-110.71,53.96,114.90,132.50,147.70,104.50,129.50,144.10,99.60,127.00,146.50
2061-01-01,-110.71,53.96,112.70,128.00,148.00,106.40,128.00,147.50,103.40,123.50,138.70
2062-01-01,-110.71,53.96,113.00,131.50,157.70,121.00,125.50,142.40,109.30,127.00,143.90
2063-01-01,-110.71,53.96,122.00,130.50,150.80,111.50,126.00,146.40,100.60,126.50,141.90
2064-01-01,-110.71,53.96,113.80,132.00,152.40,104.60,126.00,149.00,110.30,121.50,134.10
2065-01-01,-110.71,53.96,110.80,132.50,146.20,118.30,128.00,137.00,107.60,126.50,138.70
2066-01-01,-110.71,53.96,112.50,131.50,149.30,119.30,130.50,154.40,101.60,123.50,136.70
2067-01-01,-110.71,53.96,121.00,132.50,146.80,105.30,128.50,149.80,108.60,125.00,132.40
2068-01-01,-110.71,53.96,104.50,132.50,145.40,113.30,128.00,136.40,105.60,126.50,138.00
2069-01-01,-110.71,53.96,110.90,129.00,153.70,119.30,129.50,149.00,102.60,123.00,137.50
2070-01-01,-110.71,53.96,120.10,131.00,143.40,122.30,129.00,155.70,98.80,127.00,139.70
2071-01-01,-110.71,53.96,121.00,134.50,145.10,109.00,132.00,144.00,95.30,123.50,139.40
2072-01-01,-110.71,53.96,118.20,133.00,145.80,106.60,128.50,143.40,110.90,124.00,138.50
2073-01-01,-110.71,53.96,110.20,131.00,144.00,109.50,129.00,150.90,104.00,122.00,130.70
2074-01-01,-110.71,53.96,121.00,129.50,146.00,106.90,125.50,141.70,99.20,120.00,138.10
2075-01-01,-110.71,53.96,123.00,132.50,150.80,116.80,129.00,152.10,103.20,125.00,135.70
2076-01-01,-110.71,53.96,123.30,133.50,149.70,117.20,134.50,156.00,98.30,124.00,133.70
2077-01-01,-110.71,53.96,114.80,139.00,157.00,101.20,129.00,156.80,92.60,115.50,133.00
2078-01-01,-110.71,53.96,118.90,132.00,147.90,110.00,126.00,145.40,95.80,122.00,139.50
2079-01-01,-110.71,53.96,120.50,136.00,147.70,109.30,133.50,151.70,92.30,123.00,136.10
2080-01-01,-110.71,53.96,116.20,131.00,151.40,115.60,128.50,148.80,102.20,123.50,142.80
2081-01-01,-110.71,53.96,124.30,134.00,152.00,103.40,126.00,132.70,104.30,121.50,133.80
2082-01-01,-110.71,53.96,121.30,133.00,145.80,109.10,129.50,147.40,95.30,117.50,135.10
2083-01-01,-110.71,53.96,117.80,129.50,144.00,107.30,128.00,154.70,98.00,123.00,144.50
2084-01-01,-110.71,53.96,115.60,134.50,156.00,109.50,124.50,132.70,96.00,118.00,130.00
2085-01-01,-110.71,53.96,121.30,131.50,152.70,112.00,129.50,142.00,94.40,122.50,136.10
2086-01-01,-110.71,53.96,122.00,130.00,144.70,105.20,129.50,138.00,95.30,121.50,131.70
2087-01-01,-110.71,53.96,107.40,126.00,140.10,109.30,128.50,143.00,98.20,114.50,134.90
2088-01-01,-110.71,53.96,111.20,130.50,141.70,110.60,132.00,156.40,99.60,120.00,132.00
2089-01-01,-110.71,53.96,121.30,129.00,141.70,118.20,127.00,138.00,94.20,121.50,130.70
2090-01-01,-110.71,53.96,115.20,132.50,156.70,105.80,127.50,147.40,101.80,121.00,131.70
2091-01-01,-110.71,53.96,122.30,130.50,153.40,111.30,130.50,142.50,95.50,115.00,132.70
2092-01-01,-110.71,53.96,120.20,133.50,155.40,117.50,126.50,150.50,97.00,113.00,134.70
2093-01-01,-110.71,53.96,116.40,132.00,146.70,108.90,130.50,149.90,96.30,115.50,133.40
2094-01-01,-110.71,53.96,122.30,131.00,150.80,111.90,128.50,145.90,88.10,114.50,131.70
2095-01-01,-110.71,53.96,121.30,134.00,146.00,106.20,127.50,149.70,95.30,115.50,132.20
2096-01-01,-110.71,53.96,118.20,131.50,154.00,110.20,126.50,144.80,98.30,123.00,133.70
2097-01-01,-110.71,53.96,120.50,133.00,153.30,117.00,125.50,150.40,97.90,115.00,131.40
2098-01-01,-110.71,53.96,108.80,131.50,139.70,102.00,129.50,148.10,92.10,121.50,140.40
2099-01-01,-110.71,53.96,119.20,132.50,157.60,107.30,128.00,156.90,91.00,118.00,135.80
2100-01-01,-110.71,53.96,109.30,132.00,151.10,112.40,130.00,152.90,98.30,112.50,125.00
1950-01-01,-115.29,54.04,125.50,149.00,157.00,125.50,149.00,157.70,125.50,149.00,157.70
1951-01-01,-115.29,54.04,123.30,141.00,165.40,123.30,141.00,165.40,123.30,141.50,165.40
1952-01-01,-115.29,54.04,129.30,140.50,151.10,129.30,140.50,151.10,129.30,139.00,151.10
1953-01-01,-115.29,54.04,130.30,141.00,156.00,130.30,141.50,156.00,130.30,141.50,156.00
1954-01-01,-115.29,54.04,127.80,149.00,167.50,127.80,149.00,167.50,127.80,149.00,167.50
1955-01-01,-115.29,54.04,130.30,145.00,163.10,130.30,145.00,163.40,130.30,145.00,163.40
1956-01-01,-115.29,54.04,129.60,153.00,162.40,129.60,153.00,162.40,129.60,153.00,162.40
1957-01-01,-115.29,54.04,128.90,146.00,160.00,129.60,146.00,160.00,129.60,146.00,159.40
1958-01-01,-115.29,54.04,127.90,148.00,161.70,131.50,147.50,161.70,131.50,147.50,161.70
1959-01-01,-115.29,54.04,128.60,148.50,161.00,130.00,148.50,161.00,130.00,148.50,161.00
1960-01-01,-115.29,54.04,130.60,142.50,153.00,130.60,142.50,154.40,130.60,142.50,154.40
1961-01-01,-115.29,54.04,129.90,145.50,162.10,129.90,146.00,163.70,129.90,146.00,163.70
1962-01-01,-115.29,54.04,127.60,142.50,168.20,127.60,146.00,168.20,127.60,146.00,169.10
1963-01-01,-115.29,54.04,131.60,143.50,156.00,131.60,144.00,156.00,131.60,143.50,156.00
1964-01-01,-115.29,54.04,131.60,150.50,168.50,131.60,150.50,167.60,133.30,150.50,167.60
1965-01-01,-115.29,54.04,127.60,140.00,158.10,127.60,140.00,163.90,127.60,140.00,164.60
1966-01-01,-115.29,54.04,129.30,141.50,161.40,129.30,141.50,161.40,129.30,141.50,161.40
1967-01-01,-115.29,54.04,130.90,149.50,158.00,131.60,149.50,158.00,130.90,149.00,158.00
1968-01-01,-115.29,54.04,134.60,153.50,163.10,134.60,153.50,163.10,134.60,153.50,163.10
1969-01-01,-115.29,54.04,127.20,143.00,162.10,127.20,143.00,162.10,127.20,143.00,162.10
1970-01-01,-115.29,54.04,127.60,142.00,156.40,127.60,142.00,156.40,127.60,141.00,156.40
1971-01-01,-115.29,54.04,126.30,138.50,159.40,127.50,141.00,158.40,126.00,138.50,158.40
1972-01-01,-115.29,54.04,133.60,142.50,158.70,133.60,142.00,158.70,133.60,142.00,158.70
1973-01-01,-115.29,54.04,130.50,147.50,164.00,134.60,147.50,164.00,130.50,147.00,164.00
1974-01-01,-115.29,54.04,130.90,143.00,159.10,130.90,145.00,159.10,130.90,145.00,159.10
1975-01-01,-115.29,54.04,132.30,149.00,163.70,132.30,149.00,163.70,132.30,149.00,163.70
1976-01-01,-115.29,54.04,131.30,140.50,166.40,131.30,141.00,163.20,131.30,141.00,166.40
1977-01-01,-115.29,54.04,126.30,140.50,156.00,126.30,140.50,156.00,126.00,140.50,156.00
1978-01-01,-115.29,54.04,131.60,140.00,156.70,131.60,140.50,156.70,131.60,140.50,156.70
1979-01-01,-115.29,54.04,132.30,147.00,159.10,133.00,147.00,159.10,133.00,147.00,158.40
1980-01-01,-115.29,54.04,132.30,139.50,159.10,129.90,139.50,159.10,129.90,139.50,159.10
1981-01-01,-115.29,54.04,130.60,144.00,160.70,130.60,142.50,160.70,130.60,144.00,161.00
1982-01-01,-115.29,54.04,128.60,147.50,158.70,128.60,148.00,158.70,128.60,147.00,158.70
1983-01-01,-115.29,54.04,129.30,141.00,159.80,129.30,141.50,159.80,129.30,141.00,159.80
1984-01-01,-115.29,54.04,132.30,141.00,158.70,132.30,141.00,158.70,133.90,141.00,157.40
1985-01-01,-115.29,54.04,130.00,139.50,162.70,130.30,142.00,162.70,131.60,144.00,167.90
1986-01-01,-115.29,54.04,129.90,142.50,157.10,128.30,142.00,157.10,129.00,142.00,157.10
1987-01-01,-115.29,54.04,131.30,143.00,161.40,131.30,143.00,162.00,131.30,143.00,161.40
1988-01-01,-115.29,54.04,125.60,134.00,154.00,125.60,134.00,153.70,125.60,134.00,153.70
1989-01-01,-115.29,54.04,127.60,137.50,158.70,127.60,137.00,158.70,127.30,137.50,158.70
1990-01-01,-115.29,54.04,126.30,138.50,155.40,126.30,138.50,155.40,127.30,139.00,155.40
1991-01-01,-115.29,54.04,132.30,140.00,161.40,131.30,138.50,161.40,132.30,139.50,162.10
1992-01-01,-115.29,54.04,129.00,143.00,161.10,129.00,142.00,158.10,129.60,143.00,161.10
1993-01-01,-115.29,54.04,128.30,140.50,158.00,128.30,140.50,157.70,129.00,139.50,157.70
1994-01-01,-115.29,54.04,126.90,148.50,161.40,126.90,148.50,163.40,126.90,148.50,163.40
1995-01-01,-115.29,54.04,129.00,142.00,161.80,129.00,138.50,161.80,129.00,144.50,165.10
1996-01-01,-115.29,54.04,128.60,140.50,162.00,130.00,140.00,162.00,130.00,140.00,162.00
1997-01-01,-115.29,54.04,122.30,135.00,151.50,122.30,135.50,148.00,122.30,136.00,151.50
1998-01-01,-115.29,54.04,125.60,134.50,165.20,125.60,134.50,161.00,124.30,133.50,165.20
1999-01-01,-115.29,54.04,130.00,135.50,149.10,129.30,136.00,149.10,130.00,137.00,152.80
2000-01-01,-115.29,54.04,127.30,140.00,155.00,127.30,140.00,155.00,128.30,140.00,155.00
2001-01-01,-115.29,54.04,125.60,138.00,153.00,125.60,138.00,152.10,125.60,138.00,153.00
2002-01-01,-115.29,54.04,127.00,137.00,162.60,127.00,137.00,162.60,126.30,137.00,162.60
2003-01-01,-115.29,54.04,131.00,140.00,159.70,131.00,140.00,159.70,131.00,140.00,159.70
2004-01-01,-115.29,54.04,125.30,138.50,157.40,125.30,140.00,157.40,125.30,139.50,157.40
2005-01-01,-115.29,54.04,121.00,131.00,159.20,121.00,131.00,155.20,121.00,131.00,160.70
2006-01-01,-115.29,54.04,125.30,138.00,150.10,129.30,139.50,156.00,129.60,141.00,157.10
2007-01-01,-115.29,54.04,123.60,134.00,156.70,124.90,135.50,160.80,127.90,141.50,160.00
2008-01-01,-115.29,54.04,127.50,141.00,154.70,129.00,137.50,154.70,124.30,138.00,159.40
2009-01-01,-115.29,54.04,129.90,142.50,155.40,126.30,134.00,151.10,114.20,136.00,156.50
2010-01-01,-115.29,54.04,123.00,132.50,148.80,126.90,139.00,155.40,123.60,134.50,151.80
2011-01-01,-115.29,54.04,125.00,136.00,154.70,124.90,133.50,154.00,124.30,133.00,156.40
2012-01-01,-115.29,54.04,124.00,134.00,158.20,125.00,132.00,144.50,129.60,135.00,143.70
2013-01-01,-115.29,54.04,128.00,134.00,150.80,127.20,135.50,148.50,124.60,139.00,154.00
2014-01-01,-115.29,54.04,123.30,135.50,153.00,126.60,138.00,154.50,123.30,134.00,149.50
2015-01-01,-115.29,54.04,124.00,135.50,157.70,123.00,132.00,149.70,121.30,136.00,151.00
2016-01-01,-115.29,54.04,124.60,136.00,143.10,124.30,132.50,143.40,123.00,133.00,156.40
2017-01-01,-115.29,54.04,122.90,134.00,153.40,123.90,136.00,149.80,124.00,134.00,157.50
2018-01-01,-115.29,54.04,114.50,129.50,146.50,123.30,135.50,151.00,123.60,133.00,145.70
2019-01-01,-115.29,54.04,121.60,132.00,141.00,125.30,132.00,150.70,122.30,131.00,147.40
2020-01-01,-115.29,54.04,114.60,134.50,150.50,123.00,136.50,149.40,122.30,136.50,155.80
2021-01-01,-115.29,54.04,124.60,136.00,155.10,121.30,135.50,152.70,122.30,131.50,151.10
2022-01-01,-115.29,54.04,113.90,131.00,140.00,121.30,132.50,143.40,113.80,127.50,139.70
2023-01-01,-115.29,54.04,118.90,130.50,143.70,107.80,131.50,141.70,122.30,130.00,141.10
2024-01-01,-115.29,54.04,115.00,131.00,148.80,124.60,134.50,151.10,123.30,133.00,144.10
2025-01-01,-115.29,54.04,125.60,131.50,145.30,126.00,135.50,150.40,117.50,127.50,140.40
2026-01-01,-115.29,54.04,123.30,129.50,153.10,116.30,132.50,149.70,114.60,131.00,142.70
2027-01-01,-115.29,54.04,122.30,135.00,157.80,122.90,132.50,145.10,119.10,134.00,144.70
2028-01-01,-115.29,54.04,116.40,130.00,144.40,124.90,133.00,146.40,121.30,130.50,139.70
2029-01-01,-115.29,54.04,124.30,136.00,141.70,125.30,131.00,151.60,111.80,130.50,143.10
2030-01-01,-115.29,54.04,119.60,133.00,142.50,119.80,135.50,146.70,121.90,134.50,147.20
2031-01-01,-115.29,54.04,119.50,132.50,148.10,122.30,131.50,151.70,121.30,131.50,146.80
2032-01-01,-115.29,54.04,120.30,132.00,151.00,123.00,132.00,150.70,118.30,132.00,145.30
2033-01-01,-115.29,54.04,119.60,128.50,143.40,104.80,131.50,145.40,113.30,131.00,143.10
2034-01-01,-115.29,54.04,121.60,134.00,153.90,123.00,134.00,147.40,112.00,127.00,137.70
2035-01-01,-115.29,54.04,117.30,136.50,141.70,115.30,134.00,144.40,123.00,136.50,155.20
2036-01-01,-115.29,54.04,118.80,128.00,142.50,121.00,132.50,146.70,126.30,135.50,149.50
2037-01-01,-115.29,54.04,116.60,130.50,153.90,119.50,132.00,145.70,112.50,129.00,143.00
2038-01-01,-115.29,54.04,112.90,132.50,150.10,118.20,131.50,149.30,108.30,126.50,138.40
2039-01-01,-115.29,54.04,123.00,131.00,152.30,110.00,133.50,148.40,108.50,131.50,151.00
2040-01-01,-115.29,54.04,120.60,128.50,150.80,108.60,130.50,145.50,119.30,130.00,145.10
2041-01-01,-115.29,54.04,111.60,128.00,140.70,108.30,137.50,148.40,107.60,128.50,140.00
2042-01-01,-115.29,54.04,114.00,129.00,140.70,110.00,129.50,157.90,103.70,126.00,137.00
2043-01-01,-115.29,54.04,116.20,131.00,148.60,121.00,140.50,150.10,114.80,128.00,143.40
2044-01-01,-115.29,54.04,123.00,134.50,155.70,107.10,130.00,148.60,97.20,126.50,145.70
2045-01-01,-115.29,54.04,119.60,132.00,150.70,104.80,128.50,147.80,116.90,128.00,143.50
2046-01-01,-115.29,54.04,117.30,129.00,141.40,121.60,132.50,146.10,105.80,127.00,146.30
2047-01-01,-115.29,54.04,117.90,132.50,137.00,107.60,129.00,143.70,107.00,127.00,136.70
2048-01-01,-115.29,54.04,124.00,132.00,143.00,119.20,138.00,161.20,116.90,128.00,137.40
2049-01-01,-115.29,54.04,121.60,131.00,144.80,102.80,132.00,159.30,108.60,125.50,140.20
2050-01-01,-115.29,54.04,114.00,128.50,149.80,109.60,131.00,155.40,105.60,128.00,137.70
2051-01-01,-115.29,54.04,114.00,129.00,142.90,119.80,134.50,151.70,110.60,126.00,143.70
2052-01-01,-115.29,54.04,107.30,132.00,143.70,110.60,126.00,137.80,100.50,130.50,141.70
2053-01-01,-115.29,54.04,109.90,129.50,144.80,105.00,128.50,155.40,102.60,130.50,144.40
2054-01-01,-115.29,54.04,117.10,133.50,153.10,109.00,131.00,151.20,112.30,126.50,139.40
2055-01-01,-115.29,54.04,122.00,134.00,145.70,121.30,130.50,141.70,103.10,123.00,134.00
2056-01-01,-115.29,54.04,116.20,129.00,144.10,115.80,130.00,143.30,117.90,126.50,136.40
2057-01-01,-115.29,54.04,123.60,133.00,144.50,108.00,132.00,142.70,114.60,126.50,139.10
2058-01-01,-115.29,54.04,108.40,131.50,139.80,111.30,125.50,137.70,110.30,125.50,137.80
2059-01-01,-115.29,54.04,120.30,130.00,142.90,119.00,129.00,148.10,101.90,126.00,141.40
2060-01-01,-115.29,54.04,105.70,132.00,145.40,103.90,129.50,145.00,100.30,125.00,137.70
2061-01-01,-115.29,54.04,116.40,125.50,141.10,104.30,127.50,137.40,107.60,128.00,139.70
2062-01-01,-115.29,54.04,120.10,131.00,153.40,115.60,127.00,142.10,104.40,126.50,144.80
2063-01-01,-115.29,54.04,110.00,135.50,148.70,106.50,125.50,150.50,97.60,126.50,145.10
2064-01-01,-115.29,54.04,123.00,129.50,140.10,107.90,125.00,143.10,102.90,121.50,131.20
2065-01-01,-115.29,54.04,111.00,132.00,152.00,107.90,126.50,148.90,99.60,126.50,135.70
2066-01-01,-115.29,54.04,110.30,132.50,148.00,116.60,128.00,154.40,105.40,122.50,132.40
2067-01-01,-115.29,54.04,121.00,133.50,147.40,113.60,125.50,134.50,93.30,123.00,132.40
2068-01-01,-115.29,54.04,107.10,134.00,142.00,110.30,127.50,142.70,101.60,127.00,136.50
2069-01-01,-115.29,54.04,116.00,129.50,151.70,107.60,126.50,142.20,97.90,117.00,129.40
2070-01-01,-115.29,54.04,109.00,129.00,135.10,116.90,125.00,133.70,99.40,126.50,137.10
2071-01-01,-115.29,54.04,108.70,131.00,145.10,107.60,130.00,142.50,98.60,118.00,141.10
2072-01-01,-115.29,54.04,121.30,133.50,146.10,106.90,131.50,150.20,104.30,122.00,138.10
2073-01-01,-115.29,54.04,120.60,130.50,146.00,108.90,125.00,139.40,96.30,117.00,126.10
2074-01-01,-115.29,54.04,122.60,131.00,145.40,101.00,126.50,140.80,98.30,121.00,132.50
2075-01-01,-115.29,54.04,118.20,129.50,145.80,100.90,129.50,146.10,98.10,122.50,133.70
2076-01-01,-115.29,54.04,107.70,133.50,149.70,117.60,129.50,143.00,94.00,121.00,131.00
2077-01-01,-115.29,54.04,116.70,136.50,152.00,98.60,124.50,140.40,97.80,114.00,135.80
2078-01-01,-115.29,54.04,111.70,135.50,147.50,97.10,126.50,139.10,95.00,118.00,127.70
2079-01-01,-115.29,54.04,116.30,131.00,146.70,103.30,130.50,144.60,103.00,123.50,136.40
2080-01-01,-115.29,54.04,109.80,132.50,154.40,96.10,126.50,147.40,98.50,116.50,135.00
2081-01-01,-115.29,54.04,124.00,133.00,151.80,102.90,125.50,139.20,91.30,123.50,131.00
2082-01-01,-115.29,54.04,121.30,131.50,146.40,101.30,129.50,143.50,92.30,112.50,130.40
2083-01-01,-115.29,54.04,113.90,129.50,154.40,98.80,130.50,144.10,91.10,119.00,133.50
2084-01-01,-115.29,54.04,112.20,132.00,142.70,104.60,124.50,140.60,96.60,120.50,130.00
2085-01-01,-115.29,54.04,108.10,132.00,150.70,101.30,130.50,141.70,90.80,124.00,132.70
2086-01-01,-115.29,54.04,99.70,129.50,142.40,104.30,127.50,137.70,97.90,118.50,131.70
2087-01-01,-115.29,54.04,110.90,126.50,139.50,100.10,129.00,146.10,90.20,119.50,127.70
2088-01-01,-115.29,54.04,110.90,130.00,141.40,104.90,126.50,141.10,101.30,117.50,132.00
2089-01-01,-115.29,54.04,113.30,128.00,141.70,114.90,127.50,141.50,92.10,120.00,129.50
2090-01-01,-115.29,54.04,111.30,128.00,146.70,107.20,129.50,140.80,94.20,111.50,125.40
2091-01-01,-115.29,54.04,118.90,130.00,149.80,110.30,126.50,143.10,93.00,113.50,126.00
2092-01-01,-115.29,54.04,116.00,132.00,152.00,105.80,127.00,156.10,94.30,109.00,136.10
2093-01-01,-115.29,54.04,118.90,131.50,143.00,105.90,127.50,138.40,93.20,118.50,127.40
2094-01-01,-115.29,54.04,108.10,127.00,153.40,99.20,124.00,140.70,93.90,114.50,133.70
2095-01-01,-115.29,54.04,120.30,130.00,149.50,98.50,123.50,138.80,94.30,117.50,126.00
2096-01-01,-115.29,54.04,121.90,130.50,153.00,105.90,129.00,144.80,97.00,115.00,130.40
2097-01-01,-115.29,54.04,111.00,130.00,146.00,101.30,123.50,135.70,94.30,112.00,126.70
2098-01-01,-115.29,54.04,108.80,130.50,138.40,95.70,129.00,149.70,93.00,121.00,138.70
2099-01-01,-115.29,54.04,108.90,129.00,143.80,104.20,130.00,142.80,89.40,112.00,132.40
2100-01-01,-115.29,54.04,112.80,128.50,147.60,107.20,128.00,140.70,91.30,112.00,126.80
