time,lat,lon,rcp26_tx_max_p10,rcp26_tx_max_p50,rcp26_tx_max_p90,rcp45_tx_max_p10,rcp45_tx_max_p50,rcp45_tx_max_p90,rcp85_tx_max_p10,rcp85_tx_max_p50,rcp85_tx_max_p90
1950-01-01,53.37,-124.29,26.93,30.07,33.63,26.93,30.07,33.63,26.93,30.07,33.63
1951-01-01,53.37,-124.29,26.42,28.63,31.27,26.42,28.63,31.27,26.42,28.63,31.27
1952-01-01,53.37,-124.29,26.67,29.08,32.36,26.67,29.08,32.36,26.67,29.08,32.36
1953-01-01,53.37,-124.29,26.36,29.08,31.11,26.36,29.08,31.11,26.36,29.08,31.11
1954-01-01,53.37,-124.29,26.35,28.81,31.25,26.35,28.81,31.25,26.35,28.81,31.25
1955-01-01,53.37,-124.29,26.61,28.51,31.78,26.61,28.51,31.78,26.61,28.51,31.78
1956-01-01,53.37,-124.29,27.65,29.80,32.11,27.65,29.80,32.11,27.65,29.80,32.11
1957-01-01,53.37,-124.29,26.95,29.51,31.15,26.95,29.51,31.15,26.95,29.51,31.15
1958-01-01,53.37,-124.29,25.76,28.73,32.47,25.76,28.73,32.47,25.76,28.73,32.47
1959-01-01,53.37,-124.29,25.80,28.94,30.59,25.80,28.94,30.59,25.80,28.94,30.59
1960-01-01,53.37,-124.29,26.77,29.49,31.28,26.77,29.49,31.28,26.77,29.49,31.28
1961-01-01,53.37,-124.29,26.45,29.33,31.56,26.45,29.33,31.56,26.45,29.33,31.56
1962-01-01,53.37,-124.29,26.06,28.36,32.09,26.06,28.36,32.09,26.06,28.36,32.09
1963-01-01,53.37,-124.29,25.82,28.73,31.72,25.82,28.73,31.72,25.82,28.73,31.72
1964-01-01,53.37,-124.29,25.03,29.04,32.09,25.03,29.04,32.09,25.03,29.04,32.09
1965-01-01,53.37,-124.29,24.69,29.26,31.46,24.69,29.26,31.46,24.69,29.26,31.46
1966-01-01,53.37,-124.29,27.27,29.25,31.88,27.27,29.25,31.88,27.27,29.25,31.88
1967-01-01,53.37,-124.29,27.28,28.88,30.62,27.28,28.88,30.62,27.28,28.88,30.62
1968-01-01,53.37,-124.29,26.54,28.75,31.24,26.54,28.75,31.24,26.54,28.75,31.24
1969-01-01,53.37,-124.29,25.29,28.26,30.30,25.29,28.26,30.30,25.29,28.26,30.30
1970-01-01,53.37,-124.29,26.50,28.98,31.60,26.50,28.98,31.60,26.50,28.98,31.60
1971-01-01,53.37,-124.29,26.95,28.83,30.69,26.95,28.83,30.69,26.95,28.83,30.69
1972-01-01,53.37,-124.29,25.53,28.75,30.16,25.53,28.75,30.16,25.53,28.75,30.16
1973-01-01,53.37,-124.29,26.89,28.53,31.41,26.89,28.53,31.41,26.89,28.53,31.41
1974-01-01,53.37,-124.29,26.27,28.79,30.76,26.27,28.79,30.76,26.27,28.79,30.76
1975-01-01,53.37,-124.29,26.95,28.90,30.60,26.95,28.90,30.60,26.95,28.90,30.60
1976-01-01,53.37,-124.29,27.56,28.79,32.59,27.56,28.79,32.59,27.56,28.79,32.59
1977-01-01,53.37,-124.29,27.41,28.94,31.52,27.41,28.94,31.52,27.41,28.94,31.52
1978-01-01,53.37,-124.29,27.80,29.99,32.76,27.80,29.99,32.76,27.80,29.99,32.76
1979-01-01,53.37,-124.29,25.53,29.50,32.54,25.53,29.50,32.54,25.53,29.50,32.54
1980-01-01,53.37,-124.29,25.93,29.76,32.41,25.94,29.66,31.84,25.96,29.76,31.84
1981-01-01,53.37,-124.29,26.71,28.99,31.56,26.72,28.99,30.90,26.73,28.99,31.36
1982-01-01,53.37,-124.29,26.13,27.97,30.41,26.12,27.98,30.40,26.12,27.98,30.42
1983-01-01,53.37,-124.29,26.48,28.47,31.41,26.50,28.37,31.41,26.52,28.44,31.22
1984-01-01,53.37,-124.29,27.45,28.86,32.39,27.47,28.91,32.39,27.52,28.69,32.39
1985-01-01,53.37,-124.29,26.69,29.94,32.88,26.66,30.04,32.86,26.69,30.03,32.84
1986-01-01,53.37,-124.29,26.33,29.00,31.15,26.25,29.01,31.14,26.46,29.11,31.35
1987-01-01,53.37,-124.29,26.72,29.11,31.29,26.75,29.13,31.33,26.76,29.14,31.33
1988-01-01,53.37,-124.29,25.79,28.42,30.68,25.70,28.38,30.66,25.67,28.37,30.70
1989-01-01,53.37,-124.29,26.92,29.72,31.86,26.66,29.76,31.38,26.83,29.77,31.86
1990-01-01,53.37,-124.29,26.00,29.18,32.78,25.97,29.13,32.54,26.00,29.11,32.67
1991-01-01,53.37,-124.29,26.98,30.47,32.88,27.20,30.46,32.88,26.92,30.30,32.88
1992-01-01,53.37,-124.29,25.78,28.58,29.82,25.53,28.59,30.40,25.52,28.55,29.95
1993-01-01,53.37,-124.29,26.62,28.70,31.95,26.56,28.63,31.95,26.54,28.78,32.14
1994-01-01,53.37,-124.29,26.25,29.44,31.78,26.18,29.22,31.58,26.16,29.06,31.78
1995-01-01,53.37,-124.29,27.48,29.51,31.57,27.58,29.60,31.93,27.57,29.71,31.36
1996-01-01,53.37,-124.29,27.71,29.18,32.54,27.63,29.19,32.54,27.62,29.20,32.54
1997-01-01,53.37,-124.29,25.90,29.99,32.87,26.01,29.91,32.39,25.90,29.69,32.87
1998-01-01,53.37,-124.29,27.72,30.68,32.54,27.83,30.62,32.54,27.78,30.52,32.54
1999-01-01,53.37,-124.29,27.08,29.06,31.84,27.09,29.10,31.73,27.13,29.05,31.68
2000-01-01,53.37,-124.29,27.61,29.89,32.33,27.48,29.86,31.43,27.47,29.56,32.33
2001-01-01,53.37,-124.29,27.24,30.33,32.71,27.44,30.36,32.95,27.39,30.36,32.95
2002-01-01,53.37,-124.29,27.92,30.94,32.83,27.90,30.83,32.87,27.98,31.11,32.87
2003-01-01,53.37,-124.29,26.57,29.50,32.04,26.68,29.52,32.01,26.61,29.23,31.95
2004-01-01,53.37,-124.29,27.75,29.81,31.51,27.82,29.80,31.54,27.64,29.71,31.35
2005-01-01,53.37,-124.29,27.73,29.83,32.44,27.67,29.74,32.37,27.74,29.83,32.27
2006-01-01,53.37,-124.29,28.33,30.72,33.49,28.09,30.29,32.74,27.54,29.59,32.27
2007-01-01,53.37,-124.29,28.41,30.33,33.04,28.73,31.15,33.41,28.72,30.67,33.80
2008-01-01,53.37,-124.29,26.68,29.38,31.88,25.81,30.52,33.87,28.01,30.40,33.54
2009-01-01,53.37,-124.29,26.88,28.83,31.53,28.34,31.00,33.39,27.69,30.67,33.53
2010-01-01,53.37,-124.29,27.98,30.30,33.35,27.52,30.11,32.10,27.67,30.12,33.90
2011-01-01,53.37,-124.29,27.27,30.72,34.14,27.10,29.79,33.07,27.84,29.40,32.63
2012-01-01,53.37,-124.29,28.56,30.40,32.78,28.53,30.48,32.50,28.24,30.31,33.47
2013-01-01,53.37,-124.29,27.68,29.89,33.17,27.66,29.83,33.26,27.52,30.05,32.98
2014-01-01,53.37,-124.29,28.72,30.91,32.86,27.99,30.29,33.69,28.45,30.47,33.31
2015-01-01,53.37,-124.29,28.61,30.53,33.43,28.69,31.02,33.46,28.75,30.36,32.71
2016-01-01,53.37,-124.29,28.26,31.39,33.57,28.77,30.26,32.64,28.14,30.53,31.93
2017-01-01,53.37,-124.29,26.63,29.58,34.01,28.51,29.94,33.24,28.82,31.01,33.86
2018-01-01,53.37,-124.29,27.63,30.74,33.05,28.90,30.57,33.93,27.48,29.39,32.98
2019-01-01,53.37,-124.29,27.31,30.20,32.50,27.55,30.41,31.62,26.99,29.92,32.45
2020-01-01,53.37,-124.29,27.71,30.64,32.83,27.81,29.92,33.03,27.74,30.87,34.45
2021-01-01,53.37,-124.29,26.91,29.73,33.05,28.30,30.72,33.25,27.86,31.00,33.09
2022-01-01,53.37,-124.29,29.32,30.97,33.38,28.89,30.62,32.14,28.02,30.14,33.45
2023-01-01,53.37,-124.29,28.54,31.84,34.60,28.41,31.02,32.88,28.51,30.78,33.22
2024-01-01,53.37,-124.29,27.56,30.51,32.64,28.16,30.40,34.33,29.08,31.05,33.68
2025-01-01,53.37,-124.29,28.65,30.28,33.45,28.15,30.65,33.33,28.45,31.79,33.20
2026-01-01,53.37,-124.29,29.55,30.92,33.12,27.49,30.74,33.92,28.25,30.95,34.62
2027-01-01,53.37,-124.29,27.74,31.35,35.06,27.86,31.55,33.51,28.62,30.82,33.85
2028-01-01,53.37,-124.29,28.87,30.99,33.74,28.45,30.23,33.09,28.31,30.21,33.52
2029-01-01,53.37,-124.29,28.65,31.57,33.46,28.97,31.21,32.81,28.35,31.92,33.43
2030-01-01,53.37,-124.29,27.95,30.66,33.33,28.93,31.32,34.22,28.67,31.20,34.45
2031-01-01,53.37,-124.29,28.46,31.51,34.14,27.84,30.45,33.14,29.81,31.17,33.84
2032-01-01,53.37,-124.29,27.81,30.93,34.55,27.83,31.50,33.18,28.29,31.41,34.50
2033-01-01,53.37,-124.29,27.09,30.82,33.57,28.29,30.93,34.98,28.02,30.81,35.25
2034-01-01,53.37,-124.29,29.50,31.20,33.79,28.69,31.32,34.84,28.29,32.01,33.78
2035-01-01,53.37,-124.29,28.86,31.24,35.04,28.25,30.91,32.62,28.27,31.92,35.23
2036-01-01,53.37,-124.29,29.22,31.09,33.37,28.67,31.17,33.09,28.89,31.54,33.68
2037-01-01,53.37,-124.29,28.07,31.15,33.21,29.35,32.11,35.14,28.57,32.12,34.36
2038-01-01,53.37,-124.29,28.43,31.43,34.41,28.61,30.90,34.43,29.19,32.00,34.70
2039-01-01,53.37,-124.29,28.59,31.33,33.52,28.80,31.42,34.26,30.48,32.10,34.43
2040-01-01,53.37,-124.29,28.52,32.00,33.45,28.94,31.62,33.42,28.74,31.57,34.41
2041-01-01,53.37,-124.29,28.54,31.06,35.00,29.57,31.57,35.14,28.74,31.87,36.55
2042-01-01,53.37,-124.29,27.86,30.45,33.67,29.79,31.71,33.54,28.31,32.00,33.10
2043-01-01,53.37,-124.29,28.50,31.67,34.22,28.77,31.09,33.71,28.78,32.34,34.77
2044-01-01,53.37,-124.29,28.19,30.51,34.39,29.59,32.06,35.95,28.79,32.01,35.22
2045-01-01,53.37,-124.29,27.65,31.10,35.02,28.25,31.38,35.22,29.10,32.60,35.68
2046-01-01,53.37,-124.29,29.62,30.94,33.40,29.45,30.82,33.95,30.25,32.96,36.42
2047-01-01,53.37,-124.29,28.94,32.04,33.88,29.84,31.57,34.99,29.35,32.08,34.65
2048-01-01,53.37,-124.29,28.24,29.95,32.71,29.90,32.00,35.18,29.40,32.49,34.77
2049-01-01,53.37,-124.29,29.19,31.60,34.49,28.94,31.47,33.59,30.47,32.95,34.75
2050-01-01,53.37,-124.29,27.89,30.54,33.59,28.54,31.42,33.85,29.72,32.21,35.70
2051-01-01,53.37,-124.29,29.47,30.83,34.09,30.00,32.37,35.14,29.70,32.55,36.11
2052-01-01,53.37,-124.29,29.44,32.47,33.84,29.73,32.24,35.20,30.33,32.76,36.78
2053-01-01,53.37,-124.29,28.54,30.83,33.89,28.54,32.01,34.26,30.91,32.54,35.92
2054-01-01,53.37,-124.29,29.23,32.26,34.86,29.57,31.48,35.38,29.68,33.27,35.53
2055-01-01,53.37,-124.29,28.52,32.21,35.31,29.20,32.74,35.90,31.80,34.00,36.05
2056-01-01,53.37,-124.29,27.48,31.47,33.96,29.51,31.32,35.64,31.39,33.65,36.80
2057-01-01,53.37,-124.29,29.02,31.43,34.39,29.26,31.46,34.60,30.01,32.97,36.50
2058-01-01,53.37,-124.29,27.84,30.59,33.84,29.10,32.54,34.79,29.39,33.69,35.82
2059-01-01,53.37,-124.29,28.18,31.26,33.51,28.73,31.71,34.94,30.18,33.51,37.27
2060-01-01,53.37,-124.29,28.60,31.18,33.35,30.95,31.92,34.83,30.49,32.87,37.44
2061-01-01,53.37,-124.29,29.42,31.13,34.73,29.75,32.53,36.11,29.00,33.71,38.25
2062-01-01,53.37,-124.29,29.29,31.05,34.16,29.92,32.62,35.07,30.40,33.64,37.10
2063-01-01,53.37,-124.29,29.15,31.05,34.08,29.30,32.97,34.05,30.87,34.52,37.23
2064-01-01,53.37,-124.29,27.94,31.28,33.95,28.72,32.66,35.19,30.97,33.91,36.89
2065-01-01,53.37,-124.29,29.17,30.85,33.51,29.38,32.34,35.00,31.84,33.79,37.19
2066-01-01,53.37,-124.29,28.61,31.06,33.65,30.51,32.14,35.47,31.65,35.92,38.19
2067-01-01,53.37,-124.29,27.96,31.12,33.48,29.69,32.33,36.19,29.45,33.85,37.18
2068-01-01,53.37,-124.29,29.00,30.85,34.88,29.60,31.78,35.30,31.78,33.80,37.41
2069-01-01,53.37,-124.29,29.45,31.38,34.51,29.03,32.62,35.84,30.42,33.81,36.39
2070-01-01,53.37,-124.29,28.98,31.12,33.64,28.39,31.80,35.34,30.77,33.13,36.91
2071-01-01,53.37,-124.29,29.37,31.36,33.62,30.10,32.63,35.30,31.86,34.68,37.13
2072-01-01,53.37,-124.29,28.09,31.84,34.75,29.91,32.71,36.71,32.69,34.18,37.22
2073-01-01,53.37,-124.29,28.56,30.49,33.42,30.27,31.87,35.06,32.07,33.65,38.55
2074-01-01,53.37,-124.29,29.79,31.28,34.60,29.48,32.20,35.70,30.91,33.39,37.36
2075-01-01,53.37,-124.29,29.28,30.79,35.03,29.02,32.24,35.55,30.57,34.68,37.28
2076-01-01,53.37,-124.29,28.72,31.01,33.81,29.75,32.51,34.47,31.75,34.65,37.86
2077-01-01,53.37,-124.29,29.29,31.56,33.88,30.10,33.10,35.68,32.38,35.62,38.61
2078-01-01,53.37,-124.29,27.91,30.84,34.32,29.54,32.39,36.52,31.39,34.37,37.49
2079-01-01,53.37,-124.29,28.07,31.24,33.92,29.94,33.22,35.68,30.96,34.29,37.69
2080-01-01,53.37,-124.29,28.48,30.52,35.14,30.10,33.40,36.18,31.42,34.64,38.36
2081-01-01,53.37,-124.29,28.70,31.50,34.21,30.34,32.74,35.24,30.12,36.08,40.53
2082-01-01,53.37,-124.29,29.70,32.54,33.51,30.06,32.11,35.36,31.19,34.88,39.30
2083-01-01,53.37,-124.29,29.14,31.31,33.45,28.83,31.62,34.13,31.75,36.66,40.16
2084-01-01,53.37,-124.29,28.21,31.54,33.21,30.20,33.13,36.05,31.01,36.28,39.19
2085-01-01,53.37,-124.29,27.73,31.54,35.25,29.92,33.22,35.29,31.46,36.08,40.12
2086-01-01,53.37,-124.29,27.64,30.77,34.53,31.01,33.57,36.01,33.29,36.06,39.32
2087-01-01,53.37,-124.29,28.88,31.08,32.75,29.22,31.50,35.82,32.53,35.56,38.87
2088-01-01,53.37,-124.29,28.72,31.56,34.55,30.51,32.38,36.01,32.61,34.78,38.44
2089-01-01,53.37,-124.29,28.71,31.74,34.66,30.04,33.29,35.70,33.05,36.33,41.06
2090-01-01,53.37,-124.29,29.21,30.89,33.24,30.92,32.97,35.34,33.32,36.50,38.33
2091-01-01,53.37,-124.29,29.67,31.91,34.46,30.34,32.65,35.96,34.49,36.53,39.32
2092-01-01,53.37,-124.29,28.89,31.81,34.54,29.64,32.61,35.71,33.35,38.23,40.13
2093-01-01,53.37,-124.29,29.26,31.55,35.01,28.94,31.68,35.38,34.11,36.50,39.33
2094-01-01,53.37,-124.29,27.81,31.12,35.36,31.23,33.77,36.37,32.53,36.21,39.64
2095-01-01,53.37,-124.29,28.82,31.42,33.04,29.84,33.20,35.10,32.53,37.57,40.96
2096-01-01,53.37,-124.29,28.19,31.45,34.36,32.18,33.95,36.13,31.68,36.58,38.95
2097-01-01,53.37,-124.29,28.99,31.13,34.56,29.59,33.33,36.68,33.02,37.50,41.28
2098-01-01,53.37,-124.29,27.03,30.93,33.66,31.08,33.69,36.50,32.56,38.32,40.30
2099-01-01,53.37,-124.29,27.45,29.87,34.66,30.71,32.79,37.28,33.43,36.65,40.15
2100-01-01,53.37,-124.29,28.72,31.13,33.72,30.12,33.42,35.91,32.65,37.65,40.80
1950-01-01,53.37,-121.54,26.51,30.00,33.02,26.51,30.00,33.02,26.51,30.00,33.02
1951-01-01,53.37,-121.54,26.42,28.46,31.61,26.42,28.46,31.61,26.42,28.46,31.61
1952-01-01,53.37,-121.54,26.13,28.95,32.13,26.13,28.95,32.13,26.13,28.95,32.13
1953-01-01,53.37,-121.54,26.53,27.88,29.79,26.53,27.88,29.79,26.53,27.88,29.79
1954-01-01,53.37,-121.54,26.70,29.35,30.92,26.70,29.35,30.92,26.70,29.35,30.92
1955-01-01,53.37,-121.54,26.18,28.26,31.24,26.18,28.26,31.24,26.18,28.26,31.24
1956-01-01,53.37,-121.54,27.23,28.65,32.03,27.23,28.65,32.03,27.23,28.65,32.03
1957-01-01,53.37,-121.54,26.83,28.87,31.16,26.83,28.87,31.16,26.83,28.87,31.16
1958-01-01,53.37,-121.54,25.88,28.52,32.14,25.88,28.52,32.14,25.88,28.52,32.14
1959-01-01,53.37,-121.54,25.06,28.21,30.87,25.06,28.21,30.87,25.06,28.21,30.87
1960-01-01,53.37,-121.54,26.29,28.71,31.28,26.29,28.71,31.28,26.29,28.71,31.28
1961-01-01,53.37,-121.54,26.33,28.53,32.12,26.33,28.53,32.12,26.33,28.53,32.12
1962-01-01,53.37,-121.54,26.21,28.31,32.18,26.21,28.31,32.18,26.21,28.31,32.18
1963-01-01,53.37,-121.54,25.49,28.02,31.15,25.49,28.02,31.15,25.49,28.02,31.15
1964-01-01,53.37,-121.54,25.37,28.38,32.21,25.37,28.38,32.21,25.37,28.38,32.21
1965-01-01,53.37,-121.54,26.07,28.48,30.69,26.07,28.48,30.69,26.07,28.48,30.69
1966-01-01,53.37,-121.54,27.07,28.29,30.91,27.07,28.29,30.91,27.07,28.29,30.91
1967-01-01,53.37,-121.54,25.61,28.10,30.24,25.61,28.10,30.24,25.61,28.10,30.24
1968-01-01,53.37,-121.54,26.37,27.93,30.90,26.37,27.93,30.90,26.37,27.93,30.90
1969-01-01,53.37,-121.54,25.51,27.71,31.27,25.51,27.71,31.28,25.51,27.71,31.27
1970-01-01,53.37,-121.54,26.17,27.99,32.23,26.17,27.99,32.23,26.17,27.99,32.23
1971-01-01,53.37,-121.54,26.43,28.26,30.19,26.43,28.26,30.19,26.43,28.26,30.19
1972-01-01,53.37,-121.54,25.60,28.33,30.61,25.60,28.33,30.61,25.60,28.33,30.61
1973-01-01,53.37,-121.54,26.14,27.94,31.03,26.14,27.94,31.03,26.14,27.94,31.03
1974-01-01,53.37,-121.54,25.83,27.81,30.26,25.83,27.81,30.26,25.83,27.81,30.26
1975-01-01,53.37,-121.54,25.57,28.66,30.88,25.57,28.66,30.88,25.57,28.66,30.88
1976-01-01,53.37,-121.54,26.05,29.20,32.31,26.05,29.20,32.31,26.05,29.20,32.31
1977-01-01,53.37,-121.54,25.63,29.11,31.26,25.63,29.11,31.26,25.63,29.11,31.26
1978-01-01,53.37,-121.54,26.85,29.10,32.33,26.85,29.10,32.33,26.85,29.10,32.33
1979-01-01,53.37,-121.54,26.80,29.46,31.74,26.80,29.46,31.74,26.80,29.46,31.74
1980-01-01,53.37,-121.54,26.67,29.72,31.67,26.64,29.48,31.55,26.65,29.65,31.53
1981-01-01,53.37,-121.54,26.91,29.14,31.41,26.88,29.10,31.41,26.88,29.14,31.39
1982-01-01,53.37,-121.54,25.55,28.25,30.62,25.47,28.24,30.54,25.48,28.15,30.50
1983-01-01,53.37,-121.54,26.69,28.36,30.19,26.67,28.33,30.17,26.66,28.33,30.12
1984-01-01,53.37,-121.54,26.76,28.75,31.97,26.76,28.68,31.97,26.73,28.72,31.97
1985-01-01,53.37,-121.54,26.42,30.01,32.09,26.41,29.73,32.07,26.41,30.02,32.07
1986-01-01,53.37,-121.54,25.90,29.48,31.74,25.90,29.59,31.74,25.90,29.52,31.36
1987-01-01,53.37,-121.54,27.04,28.77,29.70,26.91,28.74,30.79,26.99,28.76,30.71
1988-01-01,53.37,-121.54,25.95,27.91,30.75,26.00,27.86,30.79,26.02,27.85,30.74
1989-01-01,53.37,-121.54,26.69,28.91,30.85,26.68,28.91,30.74,26.69,28.92,30.40
1990-01-01,53.37,-121.54,25.62,28.39,31.92,25.63,28.29,31.93,25.68,28.38,31.92
1991-01-01,53.37,-121.54,26.04,29.25,31.89,25.99,29.26,31.89,25.98,29.40,31.89
1992-01-01,53.37,-121.54,26.10,28.18,29.98,26.06,28.24,30.01,26.05,28.18,29.95
1993-01-01,53.37,-121.54,26.52,28.72,31.11,26.51,28.91,31.10,26.51,28.69,31.16
1994-01-01,53.37,-121.54,26.02,28.65,31.71,26.00,28.60,31.65,26.00,28.60,31.71
1995-01-01,53.37,-121.54,27.57,29.85,31.69,27.02,29.68,31.37,27.72,29.72,31.97
1996-01-01,53.37,-121.54,26.93,28.64,31.34,26.90,28.64,31.34,26.91,28.38,31.12
1997-01-01,53.37,-121.54,26.93,29.06,32.10,26.93,29.27,32.18,26.95,29.03,32.10
1998-01-01,53.37,-121.54,27.65,30.82,32.36,27.64,30.90,32.36,27.64,30.50,32.36
1999-01-01,53.37,-121.54,26.53,29.43,32.21,26.51,29.38,32.24,26.52,29.12,32.21
2000-01-01,53.37,-121.54,27.06,29.40,31.64,27.19,29.37,31.15,27.17,29.39,32.01
2001-01-01,53.37,-121.54,26.44,29.91,32.12,26.27,29.91,32.07,26.09,29.85,32.07
2002-01-01,53.37,-121.54,28.33,30.52,32.05,28.33,30.14,32.17,28.26,30.16,32.25
2003-01-01,53.37,-121.54,26.27,28.83,32.10,26.26,28.88,32.18,26.11,29.11,31.80
2004-01-01,53.37,-121.54,27.16,29.52,31.28,27.04,29.40,31.30,27.10,29.32,31.00
2005-01-01,53.37,-121.54,27.96,29.68,32.33,27.94,29.65,32.33,28.10,29.63,32.33
2006-01-01,53.37,-121.54,27.29,29.88,32.78,27.37,29.67,32.90,27.76,29.80,33.18
2007-01-01,53.37,-121.54,28.60,30.28,32.87,27.74,30.82,33.17,28.61,30.09,34.04
2008-01-01,53.37,-121.54,26.31,29.07,31.22,25.72,30.05,33.82,26.99,30.32,33.84
2009-01-01,53.37,-121.54,26.08,28.64,30.98,28.14,29.87,32.87,28.00,30.23,32.41
2010-01-01,53.37,-121.54,27.60,29.54,32.78,27.48,29.38,31.01,26.93,30.08,33.95
2011-01-01,53.37,-121.54,27.13,30.16,31.98,26.78,29.28,32.94,26.74,29.14,32.03
2012-01-01,53.37,-121.54,28.83,30.39,32.70,27.46,30.10,32.40,27.74,30.16,32.04
2013-01-01,53.37,-121.54,26.61,28.98,32.64,26.34,29.53,32.02,28.13,30.37,32.56
2014-01-01,53.37,-121.54,28.34,30.44,32.53,27.89,29.83,33.49,27.71,29.90,32.42
2015-01-01,53.37,-121.54,28.33,29.70,32.45,27.71,30.06,32.70,27.90,30.66,33.04
2016-01-01,53.37,-121.54,27.44,30.98,33.74,27.24,29.44,32.77,26.43,29.88,32.06
2017-01-01,53.37,-121.54,26.31,29.31,32.97,28.11,30.20,32.34,27.67,30.65,32.94
2018-01-01,53.37,-121.54,27.22,29.53,33.75,29.05,30.55,33.66,26.78,28.84,32.39
2019-01-01,53.37,-121.54,27.47,29.52,32.39,26.71,30.05,31.64,27.40,29.52,32.46
2020-01-01,53.37,-121.54,27.33,29.36,33.33,26.92,30.22,32.71,28.72,30.38,33.25
2021-01-01,53.37,-121.54,27.17,29.27,33.05,28.83,30.13,32.66,28.09,30.48,33.46
2022-01-01,53.37,-121.54,29.08,30.84,32.67,28.06,29.72,32.01,27.24,29.07,32.96
2023-01-01,53.37,-121.54,28.63,30.69,34.31,27.47,30.05,33.11,28.27,30.24,33.28
2024-01-01,53.37,-121.54,28.35,30.17,32.68,27.63,29.88,33.36,28.06,31.20,33.27
2025-01-01,53.37,-121.54,27.66,30.17,33.72,28.63,30.72,33.34,28.54,31.19,33.49
2026-01-01,53.37,-121.54,28.96,30.38,33.50,27.71,29.85,32.85,27.66,30.77,33.03
2027-01-01,53.37,-121.54,27.76,30.66,34.54,27.63,31.43,33.36,28.99,30.17,34.05
2028-01-01,53.37,-121.54,28.46,30.89,33.01,28.13,29.86,32.46,27.42,30.46,32.91
2029-01-01,53.37,-121.54,28.67,31.35,34.18,28.98,30.80,33.14,27.46,30.99,33.76
2030-01-01,53.37,-121.54,27.84,30.79,32.89,28.22,31.02,33.50,27.50,30.81,33.99
2031-01-01,53.37,-121.54,28.15,30.79,32.43,28.55,29.93,31.09,29.58,31.49,34.15
2032-01-01,53.37,-121.54,28.08,31.46,34.39,28.10,30.62,32.04,29.08,31.34,33.78
2033-01-01,53.37,-121.54,26.88,29.74,32.91,28.06,30.98,35.00,27.18,30.28,36.10
2034-01-01,53.37,-121.54,28.85,30.81,33.79,28.72,30.92,33.07,28.20,31.53,33.31
2035-01-01,53.37,-121.54,28.44,31.31,34.28,27.81,30.43,32.79,28.75,31.46,34.51
2036-01-01,53.37,-121.54,28.40,30.46,33.40,28.48,31.05,33.92,28.62,31.56,33.54
2037-01-01,53.37,-121.54,27.70,30.92,33.42,29.07,31.44,34.60,28.64,31.45,33.41
2038-01-01,53.37,-121.54,27.41,30.53,33.30,28.15,31.19,33.98,29.03,32.10,34.43
2039-01-01,53.37,-121.54,28.52,30.92,32.67,27.96,30.73,33.14,29.64,30.86,33.39
2040-01-01,53.37,-121.54,28.44,30.95,33.94,27.96,30.70,32.91,29.07,30.98,34.71
2041-01-01,53.37,-121.54,28.55,31.36,34.44,27.71,30.09,34.17,28.71,31.96,35.88
2042-01-01,53.37,-121.54,27.15,29.51,32.72,28.71,30.71,33.83,27.43,31.30,33.19
2043-01-01,53.37,-121.54,28.34,30.66,32.31,28.94,30.06,33.18,27.86,31.38,35.05
2044-01-01,53.37,-121.54,28.10,30.43,33.53,28.90,31.71,35.16,28.48,31.58,34.64
2045-01-01,53.37,-121.54,27.49,31.46,34.30,28.60,30.58,35.14,28.82,32.49,35.42
2046-01-01,53.37,-121.54,28.43,31.60,33.88,28.49,30.32,34.18,29.71,32.52,35.24
2047-01-01,53.37,-121.54,28.22,30.44,33.38,29.77,30.85,34.24,29.31,31.92,34.72
2048-01-01,53.37,-121.54,28.28,30.48,31.85,29.47,30.55,35.17,29.58,31.88,34.59
2049-01-01,53.37,-121.54,28.36,31.46,33.17,28.94,31.11,33.62,29.69,32.29,34.93
2050-01-01,53.37,-121.54,28.11,30.62,33.12,29.16,31.36,34.40,29.80,32.23,34.98
2051-01-01,53.37,-121.54,28.28,30.44,32.01,29.64,31.25,35.30,28.60,32.25,35.76
2052-01-01,53.37,-121.54,29.80,32.62,34.21,29.42,31.64,33.80,29.68,32.18,35.70
2053-01-01,53.37,-121.54,28.45,30.13,33.56,28.47,31.37,34.44,30.98,32.32,34.47
2054-01-01,53.37,-121.54,29.94,32.78,34.33,29.31,31.09,35.20,29.60,32.53,34.50
2055-01-01,53.37,-121.54,27.60,32.20,34.77,29.07,32.12,35.53,31.50,33.00,36.18
2056-01-01,53.37,-121.54,28.00,30.63,32.46,29.10,31.53,33.69,30.87,33.37,36.93
2057-01-01,53.37,-121.54,29.06,30.61,32.48,29.32,31.23,34.30,29.61,32.93,36.01
2058-01-01,53.37,-121.54,27.69,30.46,34.08,28.95,32.48,34.86,28.68,33.03,35.79
2059-01-01,53.37,-121.54,27.82,30.97,33.05,28.42,31.80,34.48,30.30,33.13,35.96
2060-01-01,53.37,-121.54,28.02,31.98,33.21,30.03,32.08,35.31,30.50,32.65,37.85
2061-01-01,53.37,-121.54,27.84,30.72,33.77,29.31,32.67,35.91,28.74,33.09,36.17
2062-01-01,53.37,-121.54,28.83,30.92,34.03,27.94,32.06,35.47,29.87,33.22,37.41
2063-01-01,53.37,-121.54,28.72,30.28,33.83,29.16,31.87,34.37,30.43,34.21,37.34
2064-01-01,53.37,-121.54,28.02,30.67,33.42,28.42,32.20,34.89,29.17,33.13,36.02
2065-01-01,53.37,-121.54,28.46,31.26,33.35,29.31,31.73,34.46,31.67,33.31,36.91
2066-01-01,53.37,-121.54,28.18,31.49,33.55,29.82,31.64,34.54,31.28,34.99,38.46
2067-01-01,53.37,-121.54,27.77,30.79,34.59,29.17,31.73,36.01,29.52,34.35,36.98
2068-01-01,53.37,-121.54,28.15,30.65,33.43,29.07,31.44,33.71,31.77,34.24,36.71
2069-01-01,53.37,-121.54,29.63,30.85,34.49,28.93,31.48,34.79,31.14,34.00,36.26
2070-01-01,53.37,-121.54,28.94,31.13,32.69,27.54,31.25,35.19,30.43,32.29,36.61
2071-01-01,53.37,-121.54,28.76,30.99,33.60,31.02,33.23,35.76,31.23,33.81,36.49
2072-01-01,53.37,-121.54,27.30,30.59,32.34,28.75,32.59,35.68,31.67,33.85,37.60
2073-01-01,53.37,-121.54,28.16,30.37,33.26,29.23,31.61,35.98,31.50,33.19,38.72
2074-01-01,53.37,-121.54,29.26,30.69,33.95,29.19,31.91,34.99,30.81,32.93,34.73
2075-01-01,53.37,-121.54,28.36,30.27,34.28,28.76,31.94,34.21,29.53,33.25,38.45
2076-01-01,53.37,-121.54,28.06,30.46,33.55,29.05,31.94,36.09,31.49,34.12,37.77
2077-01-01,53.37,-121.54,28.21,31.01,33.87,28.64,32.05,34.20,31.79,35.10,38.19
2078-01-01,53.37,-121.54,27.38,30.86,33.19,29.69,32.87,35.33,31.41,34.73,37.41
2079-01-01,53.37,-121.54,28.54,30.44,33.47,30.81,32.61,35.55,30.59,33.96,37.04
2080-01-01,53.37,-121.54,29.20,30.06,33.96,30.26,32.79,35.00,31.39,34.98,37.94
2081-01-01,53.37,-121.54,28.08,31.59,34.53,29.21,31.94,34.33,30.73,35.43,40.38
2082-01-01,53.37,-121.54,28.91,31.18,32.81,29.29,32.22,34.96,31.85,34.91,39.45
2083-01-01,53.37,-121.54,28.56,31.08,33.10,29.38,31.32,35.01,30.85,35.99,38.84
2084-01-01,53.37,-121.54,28.42,30.22,32.00,29.87,32.98,36.41,31.05,35.47,38.11
2085-01-01,53.37,-121.54,27.89,30.48,33.49,29.02,32.15,34.92,32.76,36.10,39.64
2086-01-01,53.37,-121.54,27.98,31.09,34.03,30.35,33.04,34.75,32.26,35.93,38.17
2087-01-01,53.37,-121.54,28.32,30.52,32.17,28.76,31.66,35.19,32.17,35.90,38.44
2088-01-01,53.37,-121.54,29.35,31.22,33.05,29.96,32.00,34.91,33.03,34.58,38.61
2089-01-01,53.37,-121.54,28.32,31.16,33.54,29.48,33.13,35.12,32.06,35.66,39.62
2090-01-01,53.37,-121.54,28.33,30.11,32.80,30.31,32.06,33.75,33.81,36.42,39.27
2091-01-01,53.37,-121.54,28.73,31.37,33.93,29.24,31.96,35.18,33.59,36.51,39.99
2092-01-01,53.37,-121.54,27.71,31.15,34.07,29.47,32.27,34.97,33.44,36.50,39.73
2093-01-01,53.37,-121.54,28.81,30.92,34.10,29.27,31.51,34.88,33.93,36.39,38.85
2094-01-01,53.37,-121.54,27.58,30.14,34.42,30.75,32.72,35.54,32.56,35.67,39.50
2095-01-01,53.37,-121.54,27.79,30.54,32.29,29.52,33.02,34.60,32.58,36.78,40.69
2096-01-01,53.37,-121.54,28.18,30.85,33.22,30.66,33.26,35.36,31.44,36.35,39.61
2097-01-01,53.37,-121.54,28.40,30.82,34.37,29.77,32.65,35.70,32.99,38.04,40.61
2098-01-01,53.37,-121.54,27.44,29.85,33.50,31.52,32.91,36.28,31.87,37.71,39.75
2099-01-01,53.37,-121.54,27.88,30.08,33.98,30.35,33.24,36.53,33.69,36.89,39.99
2100-01-01,53.37,-121.54,29.09,30.82,34.07,29.32,33.13,36.22,31.94,37.02,41.44
1950-01-01,53.87,-122.79,28.42,31.79,36.22,28.42,31.79,36.23,28.42,31.79,36.22
1951-01-01,53.87,-122.79,28.89,30.59,33.72,28.89,30.59,33.72,28.89,30.59,33.72
1952-01-01,53.87,-122.79,28.35,30.99,34.04,28.35,30.99,34.04,28.35,30.99,34.04
1953-01-01,53.87,-122.79,28.09,30.54,32.11,28.09,30.54,32.11,28.09,30.54,32.11
1954-01-01,53.87,-122.79,28.26,30.49,33.86,28.26,30.49,33.86,28.26,30.49,33.86
1955-01-01,53.87,-122.79,28.42,30.45,33.72,28.42,30.45,33.72,28.42,30.45,33.72
1956-01-01,53.87,-122.79,29.65,31.12,33.89,29.65,31.12,33.89,29.65,31.12,33.89
1957-01-01,53.87,-122.79,28.69,30.84,33.48,28.69,30.84,33.48,28.69,30.84,33.48
1958-01-01,53.87,-122.79,27.90,30.41,33.25,27.90,30.41,33.25,27.90,30.41,33.25
1959-01-01,53.87,-122.79,27.14,30.36,32.62,27.14,30.36,32.62,27.14,30.36,32.62
1960-01-01,53.87,-122.79,28.31,31.26,33.47,28.31,31.26,33.47,28.31,31.26,33.47
1961-01-01,53.87,-122.79,28.39,30.85,32.89,28.39,30.85,32.89,28.39,30.85,32.89
1962-01-01,53.87,-122.79,27.86,30.42,33.51,27.86,30.42,33.51,27.86,30.42,33.51
1963-01-01,53.87,-122.79,27.69,30.16,32.75,27.69,30.16,32.75,27.69,30.16,32.75
1964-01-01,53.87,-122.79,27.37,30.27,33.50,27.37,30.27,33.50,27.37,30.27,33.50
1965-01-01,53.87,-122.79,27.02,30.50,33.48,27.02,30.50,33.48,27.02,30.50,33.48
1966-01-01,53.87,-122.79,29.47,30.41,33.21,29.47,30.41,33.21,29.47,30.41,33.21
1967-01-01,53.87,-122.79,28.64,30.47,32.61,28.64,30.47,32.61,28.64,30.47,32.61
1968-01-01,53.87,-122.79,28.75,30.15,32.63,28.75,30.15,32.63,28.75,30.15,32.63
1969-01-01,53.87,-122.79,27.81,29.67,32.71,27.81,29.67,32.71,27.81,29.67,32.71
1970-01-01,53.87,-122.79,28.10,30.33,33.95,28.10,30.33,33.95,28.10,30.33,33.95
1971-01-01,53.87,-122.79,28.57,30.12,33.97,28.57,30.12,33.97,28.57,30.12,33.97
1972-01-01,53.87,-122.79,27.52,30.78,32.08,27.52,30.78,32.08,27.52,30.78,32.08
1973-01-01,53.87,-122.79,28.01,29.84,32.95,28.01,29.84,32.95,28.01,29.84,32.95
1974-01-01,53.87,-122.79,27.88,30.43,32.39,27.88,30.43,32.39,27.88,30.43,32.39
1975-01-01,53.87,-122.79,28.27,30.97,32.62,28.27,30.97,32.62,28.27,30.97,32.62
1976-01-01,53.87,-122.79,29.19,31.45,33.84,29.19,31.45,33.84,29.19,31.45,33.84
1977-01-01,53.87,-122.79,28.69,31.29,32.54,28.69,31.29,32.54,28.69,31.29,32.54
1978-01-01,53.87,-122.79,29.10,30.96,33.76,29.10,30.96,33.76,29.10,30.96,33.76
1979-01-01,53.87,-122.79,27.89,31.40,33.14,27.89,31.40,33.14,27.89,31.40,33.14
1980-01-01,53.87,-122.79,28.35,31.49,33.73,28.28,31.27,33.70,28.24,31.39,33.56
1981-01-01,53.87,-122.79,28.45,31.03,32.84,28.43,31.08,33.04,28.48,31.02,32.70
1982-01-01,53.87,-122.79,28.12,30.02,32.57,28.13,30.10,32.58,28.14,30.01,32.60
1983-01-01,53.87,-122.79,28.55,30.06,32.41,28.73,30.03,32.40,28.62,30.06,32.39
1984-01-01,53.87,-122.79,29.47,30.49,33.56,29.50,30.55,33.56,29.50,30.53,33.56
1985-01-01,53.87,-122.79,28.37,32.12,34.14,28.39,31.84,34.14,28.43,32.14,33.94
1986-01-01,53.87,-122.79,28.00,31.27,33.26,27.90,31.29,33.30,28.07,31.17,33.23
1987-01-01,53.87,-122.79,28.98,30.78,32.59,29.13,30.83,32.90,29.15,30.83,32.83
1988-01-01,53.87,-122.79,27.83,29.98,32.63,27.89,29.97,32.49,27.84,29.99,32.44
1989-01-01,53.87,-122.79,28.69,31.66,32.56,28.71,31.37,32.55,28.72,31.50,32.65
1990-01-01,53.87,-122.79,27.96,30.47,32.97,28.06,30.51,32.67,28.09,30.45,33.06
1991-01-01,53.87,-122.79,28.41,31.97,34.00,28.51,31.98,33.65,28.40,31.94,33.72
1992-01-01,53.87,-122.79,28.47,30.03,31.95,28.38,30.05,32.02,28.39,30.04,31.98
1993-01-01,53.87,-122.79,28.95,30.65,33.00,28.90,30.55,32.94,28.85,30.71,33.43
1994-01-01,53.87,-122.79,28.15,31.07,33.36,27.89,30.97,33.32,28.20,30.82,33.23
1995-01-01,53.87,-122.79,29.96,31.70,33.34,29.36,31.76,33.49,30.29,31.78,33.49
1996-01-01,53.87,-122.79,29.01,30.99,33.80,28.99,30.99,33.80,29.07,30.92,33.47
1997-01-01,53.87,-122.79,28.27,31.51,33.74,28.22,31.83,34.00,28.18,31.64,33.87
1998-01-01,53.87,-122.79,29.42,32.45,34.00,29.56,32.53,34.00,29.39,32.25,34.03
1999-01-01,53.87,-122.79,28.80,31.20,33.29,28.84,31.51,33.29,28.80,31.13,32.96
2000-01-01,53.87,-122.79,29.30,31.37,33.73,29.31,31.37,33.68,29.33,31.57,33.20
2001-01-01,53.87,-122.79,29.04,31.70,34.22,29.11,32.09,34.35,28.90,31.78,34.35
2002-01-01,53.87,-122.79,30.84,32.65,33.94,30.74,32.61,33.88,30.70,32.60,33.94
2003-01-01,53.87,-122.79,28.68,31.46,33.75,28.72,31.37,33.74,28.62,31.27,33.42
2004-01-01,53.87,-122.79,28.98,31.28,34.97,28.99,31.27,34.84,28.96,31.32,33.94
2005-01-01,53.87,-122.79,29.76,31.57,33.80,29.86,31.49,33.80,29.78,31.51,33.77
2006-01-01,53.87,-122.79,29.68,32.03,36.15,29.62,31.83,34.77,29.76,31.76,34.39
2007-01-01,53.87,-122.79,30.48,32.36,34.66,29.72,32.67,35.21,30.25,32.20,35.86
2008-01-01,53.87,-122.79,28.53,31.26,33.56,28.49,32.14,35.10,29.23,32.33,36.14
2009-01-01,53.87,-122.79,28.33,30.64,33.59,29.89,32.28,34.70,29.92,32.14,36.35
2010-01-01,53.87,-122.79,29.24,31.44,34.63,29.28,31.51,34.51,29.97,32.08,37.04
2011-01-01,53.87,-122.79,29.01,31.85,35.18,29.39,31.71,35.11,29.57,31.13,33.69
2012-01-01,53.87,-122.79,30.19,32.65,34.10,30.14,32.22,33.99,29.85,31.94,34.18
2013-01-01,53.87,-122.79,29.12,31.19,34.53,29.31,31.38,34.44,29.60,31.89,36.47
2014-01-01,53.87,-122.79,30.55,32.15,34.72,29.91,32.15,34.42,30.05,32.26,34.62
2015-01-01,53.87,-122.79,30.06,31.99,33.99,30.13,32.26,35.30,30.34,32.45,34.94
2016-01-01,53.87,-122.79,28.97,32.78,35.31,30.03,31.95,34.99,29.27,32.12,34.97
2017-01-01,53.87,-122.79,28.42,30.89,35.00,30.26,31.66,34.22,30.57,32.75,36.05
2018-01-01,53.87,-122.79,29.23,31.67,35.21,30.89,32.70,35.85,29.19,31.09,33.72
2019-01-01,53.87,-122.79,29.36,31.27,34.12,29.53,32.16,34.06,29.15,31.51,34.21
2020-01-01,53.87,-122.79,28.84,31.54,33.97,29.25,32.63,34.03,30.71,33.25,35.53
2021-01-01,53.87,-122.79,29.68,32.04,35.16,30.52,32.25,35.18,30.71,32.43,36.05
2022-01-01,53.87,-122.79,31.32,32.65,35.13,29.78,31.59,33.76,29.26,31.87,34.40
2023-01-01,53.87,-122.79,30.29,33.19,36.12,30.33,32.39,35.35,30.45,32.69,33.87
2024-01-01,53.87,-122.79,30.28,31.97,34.57,30.08,32.12,35.22,30.16,32.97,36.52
2025-01-01,53.87,-122.79,30.06,31.60,34.41,30.46,32.39,34.65,31.00,33.57,34.92
2026-01-01,53.87,-122.79,31.22,32.81,35.47,29.77,31.90,34.70,30.55,32.79,35.00
2027-01-01,53.87,-122.79,29.66,32.67,35.03,30.03,33.20,36.05,30.67,32.27,35.05
2028-01-01,53.87,-122.79,30.67,32.55,35.20,30.40,31.73,34.50,29.91,31.98,35.88
2029-01-01,53.87,-122.79,30.31,33.40,35.05,30.90,33.12,34.90,30.20,33.14,35.32
2030-01-01,53.87,-122.79,29.66,32.46,35.20,30.23,32.64,37.34,29.82,32.89,35.31
2031-01-01,53.87,-122.79,30.55,32.85,34.75,30.00,32.06,34.18,30.97,33.36,35.39
2032-01-01,53.87,-122.79,30.25,32.93,38.54,30.17,32.92,34.00,30.59,33.35,35.91
2033-01-01,53.87,-122.79,29.31,32.77,34.64,30.53,32.95,37.89,29.60,31.96,37.35
2034-01-01,53.87,-122.79,30.89,33.08,35.63,30.79,33.34,35.97,29.96,33.33,35.20
2035-01-01,53.87,-122.79,30.84,33.15,35.62,30.13,32.57,34.10,30.18,33.66,36.03
2036-01-01,53.87,-122.79,30.47,32.68,35.88,30.35,32.91,35.15,30.36,32.34,35.43
2037-01-01,53.87,-122.79,29.90,32.61,35.43,31.35,33.43,36.77,30.34,33.53,36.25
2038-01-01,53.87,-122.79,29.69,32.72,35.68,30.58,33.03,35.70,31.05,33.93,37.06
2039-01-01,53.87,-122.79,30.70,33.47,35.29,29.76,32.78,36.19,31.76,33.35,36.12
2040-01-01,53.87,-122.79,30.53,33.48,35.58,30.40,33.34,35.28,30.07,33.26,35.92
2041-01-01,53.87,-122.79,30.25,33.24,37.02,30.24,33.04,36.40,30.60,33.56,37.33
2042-01-01,53.87,-122.79,29.60,31.96,34.95,30.94,33.25,35.52,30.36,33.32,34.64
2043-01-01,53.87,-122.79,30.06,32.58,35.48,30.97,32.30,34.95,30.16,34.03,37.89
2044-01-01,53.87,-122.79,30.34,32.39,35.59,31.30,33.91,37.70,30.24,33.66,37.29
2045-01-01,53.87,-122.79,29.38,32.73,36.08,30.55,32.95,35.91,30.80,34.07,37.15
2046-01-01,53.87,-122.79,30.77,32.85,36.46,30.62,32.66,36.43,32.14,34.84,37.18
2047-01-01,53.87,-122.79,30.50,33.48,35.05,31.61,33.10,36.39,31.16,34.07,36.54
2048-01-01,53.87,-122.79,29.57,32.27,34.12,31.35,33.27,37.05,31.74,34.24,36.36
2049-01-01,53.87,-122.79,31.19,33.59,35.66,30.71,33.07,35.45,32.22,34.32,36.94
2050-01-01,53.87,-122.79,30.12,32.79,34.90,30.83,33.46,35.68,31.31,34.55,36.48
2051-01-01,53.87,-122.79,30.52,32.20,35.44,31.70,33.67,36.01,31.19,34.13,37.66
2052-01-01,53.87,-122.79,30.95,33.90,36.94,31.83,34.20,35.97,31.98,34.83,38.09
2053-01-01,53.87,-122.79,30.56,31.65,35.40,30.66,33.64,36.51,32.72,34.53,37.17
2054-01-01,53.87,-122.79,30.50,34.20,36.41,31.29,33.43,37.02,31.89,34.67,36.64
2055-01-01,53.87,-122.79,30.00,34.44,36.34,30.78,33.91,37.17,33.26,35.19,36.55
2056-01-01,53.87,-122.79,29.86,32.74,35.48,31.13,33.01,36.29,32.90,34.98,38.89
2057-01-01,53.87,-122.79,30.50,33.04,34.90,30.91,33.26,35.47,31.67,34.63,37.88
2058-01-01,53.87,-122.79,29.81,32.36,36.23,30.82,34.25,37.04,30.70,35.00,37.17
2059-01-01,53.87,-122.79,30.06,33.19,34.89,30.85,33.43,37.15,31.52,35.19,38.25
2060-01-01,53.87,-122.79,30.58,33.12,36.73,32.38,34.25,36.93,32.62,35.00,39.61
2061-01-01,53.87,-122.79,30.20,33.03,37.10,31.58,34.17,37.90,30.80,34.96,39.31
2062-01-01,53.87,-122.79,31.15,32.96,36.46,30.46,34.01,36.55,32.05,35.42,39.39
2063-01-01,53.87,-122.79,30.74,32.25,36.08,30.99,33.83,35.51,32.44,35.79,38.72
2064-01-01,53.87,-122.79,29.98,32.75,35.49,31.16,33.95,36.50,32.10,35.55,38.45
2065-01-01,53.87,-122.79,30.95,33.42,35.70,31.60,33.81,36.21,33.55,35.48,38.90
2066-01-01,53.87,-122.79,30.88,33.15,34.92,31.50,33.41,37.02,32.92,36.98,39.04
2067-01-01,53.87,-122.79,30.60,32.70,36.81,31.60,33.81,37.26,31.77,35.99,38.71
2068-01-01,53.87,-122.79,30.62,32.70,36.10,31.65,33.39,36.46,33.52,36.57,38.32
2069-01-01,53.87,-122.79,30.70,32.96,34.98,30.94,34.45,36.87,32.89,36.20,38.25
2070-01-01,53.87,-122.79,31.23,33.15,34.84,29.56,32.95,37.60,32.85,34.83,38.83
2071-01-01,53.87,-122.79,31.16,32.96,36.02,32.38,34.82,37.63,33.65,35.91,38.62
2072-01-01,53.87,-122.79,29.50,33.51,36.11,31.31,34.36,38.14,33.97,35.78,39.31
2073-01-01,53.87,-122.79,30.18,31.98,35.69,31.22,33.32,37.07,33.58,35.32,40.81
2074-01-01,53.87,-122.79,31.54,33.13,36.10,30.91,34.00,37.08,33.27,34.94,38.44
2075-01-01,53.87,-122.79,30.55,32.55,36.54,30.46,33.93,36.40,32.36,36.14,39.16
2076-01-01,53.87,-122.79,30.31,32.27,34.67,31.26,34.43,37.68,33.90,36.48,39.29
2077-01-01,53.87,-122.79,30.64,32.58,35.04,31.78,34.38,36.44,33.31,36.89,40.27
2078-01-01,53.87,-122.79,29.92,32.62,35.12,30.65,34.77,37.02,33.15,36.25,39.29
2079-01-01,53.87,-122.79,30.00,32.70,36.16,32.39,34.88,37.46,32.77,36.15,39.32
2080-01-01,53.87,-122.79,31.08,31.90,36.26,32.37,34.83,37.26,33.58,36.24,39.89
2081-01-01,53.87,-122.79,30.57,33.24,35.23,32.02,34.26,37.11,32.47,37.51,41.99
2082-01-01,53.87,-122.79,31.09,33.05,36.21,31.43,33.65,37.11,33.71,36.80,40.87
2083-01-01,53.87,-122.79,30.60,33.14,36.10,31.19,33.89,36.07,32.79,38.26,41.67
2084-01-01,53.87,-122.79,30.22,32.52,34.48,31.91,34.92,37.55,33.10,37.56,40.90
2085-01-01,53.87,-122.79,29.85,33.59,36.26,31.27,35.02,36.88,33.84,37.71,41.55
2086-01-01,53.87,-122.79,30.41,32.68,36.56,32.15,35.25,37.71,35.03,37.78,41.58
2087-01-01,53.87,-122.79,30.26,32.64,35.47,31.18,33.77,37.63,34.30,37.71,40.60
2088-01-01,53.87,-122.79,31.31,33.38,36.02,32.03,33.91,37.42,34.64,36.71,39.87
2089-01-01,53.87,-122.79,30.01,33.24,35.66,32.81,35.19,36.94,34.59,37.26,41.27
2090-01-01,53.87,-122.79,30.69,32.19,34.63,31.95,34.33,36.79,35.24,38.05,40.70
2091-01-01,53.87,-122.79,31.37,32.94,37.54,31.24,34.24,37.38,36.25,38.34,42.28
2092-01-01,53.87,-122.79,30.15,33.46,36.83,32.15,34.36,37.10,35.45,38.82,41.65
2093-01-01,53.87,-122.79,31.40,33.36,36.07,30.93,33.41,37.21,35.46,38.15,40.49
2094-01-01,53.87,-122.79,29.37,32.31,36.74,33.04,35.36,37.20,34.33,37.56,41.11
2095-01-01,53.87,-122.79,30.27,32.59,34.18,31.45,34.62,36.59,34.35,38.74,42.03
2096-01-01,53.87,-122.79,29.86,32.81,35.60,33.05,35.25,38.26,33.25,38.28,40.83
2097-01-01,53.87,-122.79,31.00,32.37,36.00,31.54,34.31,39.43,35.13,39.39,43.27
2098-01-01,53.87,-122.79,29.04,32.16,35.49,32.86,34.91,38.40,34.17,39.36,42.04
2099-01-01,53.87,-122.79,29.50,32.45,36.64,31.84,34.71,38.43,35.28,38.40,42.54
2100-01-01,53.87,-122.79,30.56,33.05,35.43,31.58,34.72,37.51,34.13,38.81,42.18
1950-01-01,54.21,-124.63,25.58,28.19,32.69,25.58,28.19,32.69,25.58,28.19,32.69
1951-01-01,54.21,-124.63,25.77,27.63,30.80,25.77,27.63,30.80,25.77,27.63,30.80
1952-01-01,54.21,-124.63,25.36,27.78,31.94,25.36,27.78,31.94,25.36,27.78,31.94
1953-01-01,54.21,-124.63,24.82,27.98,29.97,24.82,27.98,29.97,24.82,27.98,29.97
1954-01-01,54.21,-124.63,24.84,28.01,30.29,24.84,28.01,30.29,24.84,28.01,30.29
1955-01-01,54.21,-124.63,24.84,27.49,31.06,24.84,27.49,31.06,24.84,27.49,31.06
1956-01-01,54.21,-124.63,26.02,28.44,30.30,26.02,28.44,30.30,26.02,28.44,30.30
1957-01-01,54.21,-124.63,24.97,27.72,30.13,24.97,27.72,30.13,24.97,27.72,30.13
1958-01-01,54.21,-124.63,24.93,27.50,31.33,24.93,27.50,31.33,24.93,27.50,31.33
1959-01-01,54.21,-124.63,24.24,27.95,29.47,24.24,27.95,29.47,24.24,27.95,29.47
1960-01-01,54.21,-124.63,24.96,27.93,31.03,24.96,27.93,31.03,24.96,27.93,31.03
1961-01-01,54.21,-124.63,25.24,27.93,29.87,25.24,27.93,29.87,25.24,27.93,29.87
1962-01-01,54.21,-124.63,24.72,27.52,31.31,24.72,27.52,31.31,24.72,27.52,31.31
1963-01-01,54.21,-124.63,24.53,27.44,30.66,24.53,27.44,30.66,24.53,27.44,30.66
1964-01-01,54.21,-124.63,24.26,27.51,30.05,24.26,27.51,30.05,24.26,27.51,30.05
1965-01-01,54.21,-124.63,23.44,27.82,30.50,23.44,27.82,30.50,23.44,27.82,30.50
1966-01-01,54.21,-124.63,25.23,28.08,30.48,25.23,28.08,30.48,25.23,28.08,30.48
1967-01-01,54.21,-124.63,25.46,27.58,30.49,25.46,27.58,30.49,25.46,27.58,30.49
1968-01-01,54.21,-124.63,25.28,27.18,30.04,25.28,27.18,30.04,25.28,27.18,30.04
1969-01-01,54.21,-124.63,23.60,27.03,28.93,23.60,27.03,28.93,23.60,27.03,28.93
1970-01-01,54.21,-124.63,25.18,27.80,30.38,25.18,27.80,30.38,25.18,27.80,30.38
1971-01-01,54.21,-124.63,25.54,27.56,30.17,25.54,27.56,30.17,25.54,27.56,30.17
1972-01-01,54.21,-124.63,24.68,27.39,29.82,24.68,27.39,29.82,24.68,27.39,29.82
1973-01-01,54.21,-124.63,25.29,26.80,30.22,25.29,26.80,30.22,25.29,26.80,30.22
1974-01-01,54.21,-124.63,24.52,27.18,30.28,24.52,27.18,30.28,24.52,27.18,30.28
1975-01-01,54.21,-124.63,24.95,27.57,29.96,24.95,27.57,29.96,24.95,27.57,29.96
1976-01-01,54.21,-124.63,26.23,27.61,31.60,26.23,27.61,31.60,26.23,27.61,31.60
1977-01-01,54.21,-124.63,26.32,27.96,30.27,26.32,27.96,30.27,26.32,27.96,30.27
1978-01-01,54.21,-124.63,26.21,27.87,32.01,26.21,27.87,32.01,26.21,27.87,32.01
1979-01-01,54.21,-124.63,24.02,28.27,30.69,24.02,28.27,30.69,24.02,28.27,30.69
1980-01-01,54.21,-124.63,25.38,28.08,31.51,25.45,28.13,31.26,25.46,28.11,30.96
1981-01-01,54.21,-124.63,24.74,27.41,30.80,24.72,27.40,30.38,24.78,27.40,30.71
1982-01-01,54.21,-124.63,25.16,26.73,30.22,25.03,26.73,30.30,25.14,26.73,30.22
1983-01-01,54.21,-124.63,25.34,26.95,29.63,25.35,26.90,29.57,25.36,27.02,29.69
1984-01-01,54.21,-124.63,25.89,27.25,31.41,25.91,27.19,31.39,25.90,27.25,31.41
1985-01-01,54.21,-124.63,25.63,28.58,32.01,25.67,28.46,32.01,25.63,28.54,32.01
1986-01-01,54.21,-124.63,25.20,28.39,30.15,25.09,28.39,30.43,25.22,28.38,30.23
1987-01-01,54.21,-124.63,25.53,28.17,29.92,25.44,28.07,30.23,25.40,28.07,30.19
1988-01-01,54.21,-124.63,24.37,27.40,29.20,24.40,27.32,28.98,24.38,27.41,28.97
1989-01-01,54.21,-124.63,26.07,28.27,30.09,26.09,28.27,30.09,26.22,28.30,29.98
1990-01-01,54.21,-124.63,25.14,27.93,30.21,25.21,27.93,30.21,25.14,27.89,30.21
1991-01-01,54.21,-124.63,25.35,29.19,31.25,25.26,29.19,31.25,25.31,29.16,31.25
1992-01-01,54.21,-124.63,24.56,27.21,28.98,24.56,27.17,28.99,24.48,27.20,28.93
1993-01-01,54.21,-124.63,25.90,27.60,31.12,25.66,27.62,31.08,25.77,27.55,31.51
1994-01-01,54.21,-124.63,25.02,27.39,30.40,24.78,27.33,30.19,24.73,27.34,30.69
1995-01-01,54.21,-124.63,26.74,28.53,29.73,26.78,28.42,31.15,26.70,28.42,30.13
1996-01-01,54.21,-124.63,25.83,28.38,31.55,25.70,28.37,31.55,25.71,28.37,31.55
1997-01-01,54.21,-124.63,25.02,27.91,30.29,25.12,28.26,30.95,25.08,28.11,30.33
1998-01-01,54.21,-124.63,26.20,29.69,31.95,26.23,29.68,31.95,26.23,29.51,31.74
1999-01-01,54.21,-124.63,25.68,28.25,30.75,25.76,28.21,30.75,25.89,28.11,30.72
2000-01-01,54.21,-124.63,26.05,28.68,30.13,26.06,28.46,30.30,26.09,28.36,30.13
2001-01-01,54.21,-124.63,25.91,28.68,31.89,25.86,28.70,31.51,25.73,28.71,31.89
2002-01-01,54.21,-124.63,26.73,29.82,31.18,26.61,29.74,31.39,26.72,29.91,31.34
2003-01-01,54.21,-124.63,25.43,28.09,31.65,25.48,28.51,31.68,25.45,28.31,31.50
2004-01-01,54.21,-124.63,26.21,28.44,30.82,26.21,28.38,30.80,26.10,28.38,30.78
2005-01-01,54.21,-124.63,26.72,28.61,32.02,26.72,28.62,32.02,26.67,28.62,32.02
2006-01-01,54.21,-124.63,26.47,29.47,31.96,27.07,29.44,31.45,25.99,28.68,31.64
2007-01-01,54.21,-124.63,27.22,29.21,31.62,26.50,29.38,32.27,27.67,29.63,32.71
2008-01-01,54.21,-124.63,25.55,28.05,31.11,24.57,28.99,33.48,26.38,29.30,32.55
2009-01-01,54.21,-124.63,25.35,28.40,30.52,26.83,29.84,31.55,26.70,28.98,32.39
2010-01-01,54.21,-124.63,26.23,28.30,32.07,26.14,28.58,31.80,25.86,28.89,33.46
2011-01-01,54.21,-124.63,26.38,29.15,32.41,26.31,28.42,32.04,26.76,28.50,31.69
2012-01-01,54.21,-124.63,27.51,29.16,31.27,27.84,29.44,31.37,26.96,28.90,30.73
2013-01-01,54.21,-124.63,26.75,28.87,32.38,26.05,28.56,31.96,26.19,28.82,31.15
2014-01-01,54.21,-124.63,28.10,29.62,32.47,26.45,29.09,31.90,27.42,29.36,32.61
2015-01-01,54.21,-124.63,26.78,29.44,31.74,27.48,29.60,32.05,27.14,29.65,31.59
2016-01-01,54.21,-124.63,26.48,29.81,32.98,26.87,28.86,31.97,26.37,29.33,30.54
2017-01-01,54.21,-124.63,25.04,28.30,33.13,26.93,28.46,31.47,27.56,29.47,32.97
2018-01-01,54.21,-124.63,26.18,29.34,31.23,27.86,29.41,32.73,26.15,27.98,30.60
2019-01-01,54.21,-124.63,25.80,28.51,31.22,26.58,29.33,30.71,24.85,28.68,31.27
2020-01-01,54.21,-124.63,26.15,29.11,31.09,26.03,29.20,31.91,26.82,29.27,33.75
2021-01-01,54.21,-124.63,26.11,28.90,32.31,26.28,29.31,31.66,26.12,29.40,32.19
2022-01-01,54.21,-124.63,28.26,29.89,32.21,27.41,29.16,31.01,26.33,28.70,32.71
2023-01-01,54.21,-124.63,26.45,30.38,34.17,27.53,29.61,31.88,26.55,28.94,31.25
2024-01-01,54.21,-124.63,26.79,29.66,31.42,26.93,29.19,33.15,26.86,29.55,33.19
2025-01-01,54.21,-124.63,26.74,28.53,30.92,26.75,28.91,31.78,26.90,30.05,32.29
2026-01-01,54.21,-124.63,28.25,29.88,32.08,26.92,28.53,33.00,27.32,29.50,32.02
2027-01-01,54.21,-124.63,26.80,30.26,32.99,26.77,29.98,32.58,27.57,29.35,32.64
2028-01-01,54.21,-124.63,27.53,29.74,32.38,26.74,28.79,31.65,26.51,28.90,32.01
2029-01-01,54.21,-124.63,27.59,30.40,32.03,27.57,29.67,31.72,27.05,30.14,33.16
2030-01-01,54.21,-124.63,26.29,29.11,32.16,27.83,29.73,33.29,27.59,29.84,33.39
2031-01-01,54.21,-124.63,26.86,30.34,33.12,26.39,28.94,31.31,28.05,29.63,32.84
2032-01-01,54.21,-124.63,26.28,29.79,33.74,26.56,29.96,31.51,26.31,30.89,33.20
2033-01-01,54.21,-124.63,25.64,29.92,32.29,26.91,29.66,34.70,26.99,29.44,35.32
2034-01-01,54.21,-124.63,27.94,30.17,32.90,26.64,29.97,32.41,27.67,30.36,32.44
2035-01-01,54.21,-124.63,27.39,29.85,33.92,27.53,29.26,31.38,27.21,30.48,34.33
2036-01-01,54.21,-124.63,28.08,29.89,32.11,27.05,30.14,32.76,28.17,30.12,32.62
2037-01-01,54.21,-124.63,26.92,29.89,32.30,27.56,31.06,32.54,27.25,30.28,33.94
2038-01-01,54.21,-124.63,27.39,29.98,33.42,27.59,29.49,33.80,27.81,30.49,33.65
2039-01-01,54.21,-124.63,28.10,30.10,32.22,26.77,29.97,33.00,28.57,30.87,33.05
2040-01-01,54.21,-124.63,27.76,31.04,32.47,27.87,30.39,31.99,27.54,30.97,32.97
2041-01-01,54.21,-124.63,27.25,30.03,33.50,28.25,29.73,33.93,28.38,30.59,35.25
2042-01-01,54.21,-124.63,26.09,29.33,33.30,28.15,30.44,32.56,27.48,30.03,32.46
2043-01-01,54.21,-124.63,27.44,29.89,33.47,27.45,29.32,32.21,26.68,30.87,33.36
2044-01-01,54.21,-124.63,27.07,29.04,32.55,28.09,31.24,34.60,27.35,30.78,34.04
2045-01-01,54.21,-124.63,25.97,29.87,33.89,26.90,29.88,34.04,27.73,31.47,34.72
2046-01-01,54.21,-124.63,27.83,29.93,32.49,28.05,29.51,32.38,28.62,30.84,35.10
2047-01-01,54.21,-124.63,27.69,30.54,32.60,28.58,30.51,33.85,27.85,30.99,33.51
2048-01-01,54.21,-124.63,26.64,28.34,31.44,28.39,31.00,34.01,28.03,31.33,33.88
2049-01-01,54.21,-124.63,28.37,30.77,33.29,27.86,30.22,32.47,29.16,31.52,34.25
2050-01-01,54.21,-124.63,26.71,29.46,32.20,27.48,30.24,32.70,27.86,30.50,34.28
2051-01-01,54.21,-124.63,28.21,29.64,32.27,28.36,31.24,33.35,28.38,31.33,34.53
2052-01-01,54.21,-124.63,27.58,31.10,33.20,28.45,31.00,33.70,29.40,31.54,36.36
2053-01-01,54.21,-124.63,26.85,29.03,33.18,26.54,30.60,33.12,29.47,31.31,34.61
2054-01-01,54.21,-124.63,27.71,30.88,33.24,27.98,30.59,34.00,28.63,31.57,34.93
2055-01-01,54.21,-124.63,27.12,31.05,33.47,27.37,31.54,35.11,30.26,32.67,34.52
2056-01-01,54.21,-124.63,26.88,29.74,33.25,27.42,30.40,33.79,29.67,32.55,35.35
2057-01-01,54.21,-124.63,27.32,30.04,33.55,28.01,30.08,32.98,28.70,31.85,35.47
2058-01-01,54.21,-124.63,26.74,29.30,33.58,28.33,31.20,33.74,28.32,32.51,35.58
2059-01-01,54.21,-124.63,26.55,30.54,32.35,28.06,30.15,34.12,28.58,32.26,35.88
2060-01-01,54.21,-124.63,27.16,30.12,32.48,29.45,31.05,34.03,28.71,32.01,36.54
2061-01-01,54.21,-124.63,27.93,29.93,33.95,28.37,30.89,35.38,27.71,32.51,36.27
2062-01-01,54.21,-124.63,28.04,29.81,32.46,27.50,31.37,33.68,29.24,31.87,36.29
2063-01-01,54.21,-124.63,27.72,29.40,32.77,28.18,31.54,33.76,29.79,32.08,36.24
2064-01-01,54.21,-124.63,26.46,30.06,33.04,27.82,30.93,33.95,29.54,32.66,35.68
2065-01-01,54.21,-124.63,27.44,30.10,33.02,28.20,30.59,33.89,30.92,32.24,36.08
2066-01-01,54.21,-124.63,27.99,29.49,32.22,29.04,31.53,34.49,29.69,34.54,36.43
2067-01-01,54.21,-124.63,26.93,29.56,32.86,28.01,31.19,36.03,28.96,32.45,36.25
2068-01-01,54.21,-124.63,27.71,29.57,33.31,28.24,30.38,33.75,29.64,33.20,36.56
2069-01-01,54.21,-124.63,26.87,30.06,32.76,27.19,32.01,34.94,29.24,32.83,34.91
2070-01-01,54.21,-124.63,27.67,29.77,33.25,27.64,29.73,34.12,29.51,31.73,36.13
2071-01-01,54.21,-124.63,28.51,30.32,32.76,28.91,31.63,34.04,30.35,33.04,35.93
2072-01-01,54.21,-124.63,27.16,31.01,33.00,28.67,31.48,35.81,31.46,32.80,36.79
2073-01-01,54.21,-124.63,27.21,29.35,32.45,28.88,30.51,34.53,30.29,32.48,37.01
2074-01-01,54.21,-124.63,28.46,30.27,33.63,28.46,30.91,34.80,29.67,32.32,35.68
2075-01-01,54.21,-124.63,27.67,29.60,33.81,27.16,30.64,34.28,29.73,33.03,35.57
2076-01-01,54.21,-124.63,27.32,29.78,32.81,28.10,31.26,33.12,30.38,33.18,36.77
2077-01-01,54.21,-124.63,27.42,29.96,33.41,29.43,31.71,34.34,30.57,34.14,36.74
2078-01-01,54.21,-124.63,26.98,29.23,34.07,27.89,31.33,35.62,30.00,32.97,36.54
2079-01-01,54.21,-124.63,26.91,29.92,33.30,27.86,31.93,34.40,29.75,32.96,36.57
2080-01-01,54.21,-124.63,27.17,28.88,33.55,29.17,31.57,35.54,30.24,33.34,36.43
2081-01-01,54.21,-124.63,27.50,30.32,32.90,28.55,31.29,34.76,29.03,34.54,39.06
2082-01-01,54.21,-124.63,27.96,30.72,33.05,28.26,30.68,34.14,30.32,33.98,37.79
2083-01-01,54.21,-124.63,27.99,29.99,32.19,27.41,30.47,33.00,30.16,35.12,38.53
2084-01-01,54.21,-124.63,27.16,29.41,32.23,29.06,31.84,34.37,30.08,34.27,37.92
2085-01-01,54.21,-124.63,26.32,30.09,33.67,28.32,32.02,34.34,29.92,34.68,38.40
2086-01-01,54.21,-124.63,26.35,29.63,33.05,29.45,32.71,35.06,31.87,34.42,38.39
2087-01-01,54.21,-124.63,27.45,30.15,31.69,28.02,30.83,34.35,30.64,34.49,38.19
2088-01-01,54.21,-124.63,27.02,30.43,33.11,29.18,30.77,35.74,31.72,33.80,37.33
2089-01-01,54.21,-124.63,26.76,30.28,32.78,28.83,32.09,34.52,32.10,34.33,39.98
2090-01-01,54.21,-124.63,26.97,29.83,32.21,29.15,30.84,34.29,31.83,33.91,37.09
2091-01-01,54.21,-124.63,28.18,30.34,33.26,28.23,31.64,35.25,33.32,35.07,38.23
2092-01-01,54.21,-124.63,27.08,30.50,33.63,29.13,31.02,34.65,32.06,36.63,38.70
2093-01-01,54.21,-124.63,28.11,30.70,33.26,27.61,30.34,34.57,32.44,35.14,38.32
2094-01-01,54.21,-124.63,26.86,29.71,34.55,29.65,32.21,34.11,31.15,34.74,38.70
2095-01-01,54.21,-124.63,27.68,29.60,32.32,28.58,31.79,34.03,30.94,36.30,39.36
2096-01-01,54.21,-124.63,26.83,29.98,33.37,30.39,32.58,34.54,30.63,35.31,38.64
2097-01-01,54.21,-124.63,27.48,29.76,33.08,28.40,31.57,35.88,31.45,36.32,40.51
2098-01-01,54.21,-124.63,25.71,29.38,32.54,29.44,32.58,35.14,30.81,36.68,38.96
2099-01-01,54.21,-124.63,26.31,29.03,33.87,28.92,31.16,36.70,31.04,35.52,39.37
2100-01-01,54.21,-124.63,27.84,29.62,32.44,28.82,30.82,35.51,31.46,36.48,39.89
1950-01-01,54.21,-121.54,25.26,29.24,31.89,25.26,29.24,31.89,25.26,29.24,31.89
1951-01-01,54.21,-121.54,25.70,27.91,30.07,25.70,27.91,30.07,25.70,27.91,30.07
1952-01-01,54.21,-121.54,25.14,28.16,31.20,25.14,28.16,31.20,25.14,28.16,31.20
1953-01-01,54.21,-121.54,25.38,27.37,29.03,25.38,27.37,29.03,25.38,27.37,29.03
1954-01-01,54.21,-121.54,25.83,27.62,30.45,25.83,27.62,30.45,25.83,27.62,30.45
1955-01-01,54.21,-121.54,25.51,27.14,30.04,25.51,27.14,30.04,25.51,27.14,30.04
1956-01-01,54.21,-121.54,26.37,27.66,31.31,26.37,27.66,31.31,26.37,27.66,31.31
1957-01-01,54.21,-121.54,25.56,27.40,30.76,25.56,27.40,30.76,25.56,27.40,30.76
1958-01-01,54.21,-121.54,24.80,27.59,30.86,24.80,27.59,30.86,24.80,27.59,30.86
1959-01-01,54.21,-121.54,23.94,27.51,29.95,23.94,27.51,29.95,23.94,27.51,29.95
1960-01-01,54.21,-121.54,25.11,28.15,30.20,25.11,28.15,30.20,25.11,28.15,30.20
1961-01-01,54.21,-121.54,25.21,27.70,30.22,25.21,27.70,30.22,25.21,27.70,30.22
1962-01-01,54.21,-121.54,25.01,27.34,30.57,25.01,27.34,30.57,25.01,27.34,30.57
1963-01-01,54.21,-121.54,24.95,27.02,30.11,24.95,27.02,30.11,24.95,27.02,30.11
1964-01-01,54.21,-121.54,24.62,27.48,30.69,24.62,27.48,30.69,24.62,27.48,30.69
1965-01-01,54.21,-121.54,23.95,27.53,29.91,23.95,27.53,29.91,23.95,27.53,29.91
1966-01-01,54.21,-121.54,26.06,27.67,29.85,26.06,27.67,29.85,26.06,27.67,29.85
1967-01-01,54.21,-121.54,24.86,27.30,29.29,24.86,27.30,29.29,24.86,27.30,29.29
1968-01-01,54.21,-121.54,25.72,27.26,29.83,25.72,27.26,29.83,25.72,27.26,29.83
1969-01-01,54.21,-121.54,24.25,26.76,29.74,24.25,26.76,29.74,24.25,26.76,29.74
1970-01-01,54.21,-121.54,24.96,27.28,31.04,24.96,27.28,31.04,24.96,27.28,31.04
1971-01-01,54.21,-121.54,25.33,27.09,29.45,25.33,27.09,29.45,25.33,27.09,29.45
1972-01-01,54.21,-121.54,25.41,27.55,29.72,25.41,27.55,29.72,25.41,27.55,29.72
1973-01-01,54.21,-121.54,24.48,26.73,30.33,24.48,26.73,30.33,24.48,26.73,30.33
1974-01-01,54.21,-121.54,24.65,26.72,29.35,24.65,26.72,29.35,24.65,26.72,29.35
1975-01-01,54.21,-121.54,24.88,27.67,30.61,24.88,27.67,30.61,24.88,27.67,30.61
1976-01-01,54.21,-121.54,25.18,28.52,31.16,25.18,28.52,31.16,25.18,28.52,31.16
1977-01-01,54.21,-121.54,24.58,28.00,30.15,24.58,28.00,30.15,24.58,28.00,30.15
1978-01-01,54.21,-121.54,26.24,28.10,30.65,26.24,28.10,30.65,26.24,28.10,30.65
1979-01-01,54.21,-121.54,25.83,27.80,30.49,25.83,27.80,30.49,25.83,27.80,30.49
1980-01-01,54.21,-121.54,25.92,28.15,30.88,25.96,28.40,30.87,25.92,28.16,30.86
1981-01-01,54.21,-121.54,25.27,27.83,29.81,25.20,27.79,29.79,25.19,27.80,29.64
1982-01-01,54.21,-121.54,25.11,27.07,29.66,25.08,27.14,29.61,25.09,26.73,29.66
1983-01-01,54.21,-121.54,25.39,27.50,29.20,25.39,27.46,29.19,25.38,27.46,29.19
1984-01-01,54.21,-121.54,25.28,28.04,31.02,25.35,27.86,31.02,25.40,27.90,31.02
1985-01-01,54.21,-121.54,24.71,28.76,31.20,24.67,28.45,31.20,24.69,28.83,31.20
1986-01-01,54.21,-121.54,25.32,28.67,30.53,25.36,28.58,30.62,25.29,28.68,30.62
1987-01-01,54.21,-121.54,25.77,27.96,29.15,25.80,28.06,29.77,25.82,28.03,29.71
1988-01-01,54.21,-121.54,25.09,27.67,29.73,25.08,27.63,29.90,25.11,27.63,29.75
1989-01-01,54.21,-121.54,25.99,28.46,29.45,26.03,28.38,29.35,26.02,28.52,29.44
1990-01-01,54.21,-121.54,25.13,27.32,30.33,25.12,27.48,30.11,25.14,27.27,30.20
1991-01-01,54.21,-121.54,24.94,28.30,30.96,24.89,28.36,30.92,24.86,28.37,30.65
1992-01-01,54.21,-121.54,24.86,27.62,29.21,25.04,27.58,29.25,25.02,27.59,29.17
1993-01-01,54.21,-121.54,25.52,27.64,29.69,25.53,27.77,29.69,25.56,27.72,30.07
1994-01-01,54.21,-121.54,25.44,28.17,30.93,25.44,27.88,30.80,25.45,28.04,30.42
1995-01-01,54.21,-121.54,27.04,28.86,30.62,26.76,28.78,30.61,27.08,28.93,30.61
1996-01-01,54.21,-121.54,25.29,27.56,30.19,25.26,27.56,30.19,25.27,27.36,30.20
1997-01-01,54.21,-121.54,25.58,28.59,30.87,25.54,28.58,30.88,25.55,28.60,30.87
1998-01-01,54.21,-121.54,26.55,29.31,31.27,26.64,29.38,31.27,26.51,29.21,31.27
1999-01-01,54.21,-121.54,25.17,27.96,30.76,25.19,27.81,30.79,25.16,27.73,30.76
2000-01-01,54.21,-121.54,26.10,28.28,30.19,26.18,28.17,30.51,26.09,28.18,30.76
2001-01-01,54.21,-121.54,25.11,29.06,31.04,25.12,28.94,30.66,25.02,28.98,30.61
2002-01-01,54.21,-121.54,27.66,29.58,31.20,27.67,29.41,31.20,27.74,29.47,31.30
2003-01-01,54.21,-121.54,24.84,27.85,30.80,24.80,27.77,30.43,24.78,27.86,30.41
2004-01-01,54.21,-121.54,26.02,28.79,29.99,25.99,28.74,29.98,26.06,28.79,29.97
2005-01-01,54.21,-121.54,26.73,28.33,31.27,26.63,28.31,31.27,26.78,28.42,31.27
2006-01-01,54.21,-121.54,26.28,28.69,31.76,26.37,28.32,31.87,26.50,28.68,31.54
2007-01-01,54.21,-121.54,27.52,29.03,31.57,26.30,29.30,31.83,27.13,29.04,32.67
2008-01-01,54.21,-121.54,25.55,28.02,30.61,24.53,28.79,32.26,26.11,29.60,32.65
2009-01-01,54.21,-121.54,25.35,27.30,29.90,26.46,29.11,31.31,26.90,28.79,31.61
2010-01-01,54.21,-121.54,26.51,28.36,31.52,26.21,28.51,30.56,26.33,29.22,33.23
2011-01-01,54.21,-121.54,26.08,29.15,31.33,26.10,28.07,31.89,26.19,28.40,31.04
2012-01-01,54.21,-121.54,27.77,29.05,31.16,27.29,28.98,30.73,27.10,28.87,31.19
2013-01-01,54.21,-121.54,26.48,28.03,31.65,24.99,28.55,30.77,27.25,29.30,31.11
2014-01-01,54.21,-121.54,27.35,29.65,31.26,26.87,29.16,32.38,26.57,29.12,31.90
2015-01-01,54.21,-121.54,26.92,28.39,30.93,26.56,28.96,32.25,27.32,29.66,31.78
2016-01-01,54.21,-121.54,26.08,30.03,32.92,26.38,28.52,32.06,25.86,28.52,31.33
2017-01-01,54.21,-121.54,25.11,27.95,31.78,26.82,28.86,30.77,26.95,29.67,32.93
2018-01-01,54.21,-121.54,26.16,28.75,32.18,28.25,29.63,32.29,25.72,27.76,30.39
2019-01-01,54.21,-121.54,26.47,28.28,31.15,26.31,29.33,30.89,26.48,28.57,31.31
2020-01-01,54.21,-121.54,26.47,28.53,31.41,26.19,29.61,31.07,27.29,29.53,32.44
2021-01-01,54.21,-121.54,26.48,29.16,31.53,27.42,28.96,31.55,26.84,29.16,32.41
2022-01-01,54.21,-121.54,27.98,29.89,31.52,26.79,28.48,30.63,26.47,28.41,31.77
2023-01-01,54.21,-121.54,27.20,29.76,33.18,26.42,29.26,31.75,26.95,29.01,31.95
2024-01-01,54.21,-121.54,26.84,29.07,31.66,26.95,29.34,32.69,26.82,29.99,31.60
2025-01-01,54.21,-121.54,27.10,28.72,32.27,27.64,29.49,31.82,27.33,29.90,32.34
2026-01-01,54.21,-121.54,28.30,29.88,32.57,27.02,28.67,31.53,26.69,29.43,32.03
2027-01-01,54.21,-121.54,26.44,29.77,32.76,26.55,30.00,32.45,27.26,29.29,33.16
2028-01-01,54.21,-121.54,27.39,29.70,32.00,27.25,28.50,31.62,26.02,28.99,32.57
2029-01-01,54.21,-121.54,28.12,30.18,32.99,27.72,29.32,31.64,27.43,29.44,32.72
2030-01-01,54.21,-121.54,27.07,29.97,31.91,26.95,29.66,32.94,26.60,29.87,32.27
2031-01-01,54.21,-121.54,26.97,29.19,31.01,27.27,29.12,30.58,27.97,30.08,32.37
2032-01-01,54.21,-121.54,26.93,29.90,33.32,27.02,29.62,31.23,27.84,30.12,32.63
2033-01-01,54.21,-121.54,26.15,28.85,31.81,27.66,29.27,34.24,26.26,29.37,34.33
2034-01-01,54.21,-121.54,27.66,30.13,32.49,27.40,30.10,32.69,27.09,30.49,32.22
2035-01-01,54.21,-121.54,27.50,30.02,32.75,27.04,28.90,32.09,27.10,30.59,33.54
2036-01-01,54.21,-121.54,27.31,29.33,32.77,27.33,30.05,31.94,27.28,30.32,31.99
2037-01-01,54.21,-121.54,26.65,29.21,31.94,27.46,30.02,33.39,28.01,30.01,32.25
2038-01-01,54.21,-121.54,25.77,29.56,32.41,26.90,29.75,32.86,27.73,30.88,32.81
2039-01-01,54.21,-121.54,27.62,30.11,31.18,26.83,29.50,32.46,28.61,29.85,32.24
2040-01-01,54.21,-121.54,27.50,30.09,32.38,26.78,29.60,32.82,27.76,30.30,32.96
2041-01-01,54.21,-121.54,27.58,30.14,33.10,26.64,29.32,33.27,27.50,30.44,33.49
2042-01-01,54.21,-121.54,26.25,29.18,30.89,27.13,30.27,32.50,27.01,29.95,31.75
2043-01-01,54.21,-121.54,27.15,29.55,31.81,27.78,29.04,31.82,26.40,30.18,34.44
2044-01-01,54.21,-121.54,26.96,30.01,32.18,27.90,30.50,34.25,27.38,30.76,33.19
2045-01-01,54.21,-121.54,26.64,30.13,33.27,27.75,29.82,33.55,27.41,30.65,34.31
2046-01-01,54.21,-121.54,27.47,29.33,32.50,27.43,28.66,32.21,28.39,31.28,33.95
2047-01-01,54.21,-121.54,27.28,29.61,31.97,28.38,30.00,33.20,28.30,30.58,33.19
2048-01-01,54.21,-121.54,26.75,29.26,30.90,27.97,29.49,33.57,28.22,31.24,33.35
2049-01-01,54.21,-121.54,28.10,29.83,32.06,27.87,30.00,32.86,28.81,31.28,34.28
2050-01-01,54.21,-121.54,27.23,29.56,31.86,27.97,30.20,32.85,28.20,31.33,33.83
2051-01-01,54.21,-121.54,27.45,29.04,31.32,28.25,30.45,33.50,27.36,31.10,34.75
2052-01-01,54.21,-121.54,27.30,31.48,33.47,28.45,30.66,32.85,28.69,31.29,34.95
2053-01-01,54.21,-121.54,27.23,28.72,32.21,27.78,29.85,32.83,29.57,31.37,33.29
2054-01-01,54.21,-121.54,27.87,30.53,33.10,28.06,30.45,33.89,28.27,31.91,33.15
2055-01-01,54.21,-121.54,26.75,31.22,34.25,28.42,31.24,34.24,30.06,31.61,34.62
2056-01-01,54.21,-121.54,26.83,29.46,31.22,27.38,30.54,33.41,29.29,32.03,35.20
2057-01-01,54.21,-121.54,27.68,29.46,31.52,28.10,30.47,33.00,28.66,31.63,34.83
2058-01-01,54.21,-121.54,26.42,29.58,32.59,28.21,31.22,33.68,27.80,32.06,34.11
2059-01-01,54.21,-121.54,27.04,30.17,31.70,27.56,30.15,34.21,29.77,32.18,34.73
2060-01-01,54.21,-121.54,27.66,30.67,32.38,28.59,31.00,34.26,29.22,31.83,36.34
2061-01-01,54.21,-121.54,26.64,30.15,32.96,28.38,31.51,34.85,27.81,32.31,35.18
2062-01-01,54.21,-121.54,27.23,29.66,33.39,27.16,31.40,33.74,28.89,32.17,35.98
2063-01-01,54.21,-121.54,27.39,28.90,33.32,28.60,30.56,33.29,29.82,32.51,36.18
2064-01-01,54.21,-121.54,26.93,29.35,32.28,28.36,31.30,33.01,28.39,31.98,34.59
2065-01-01,54.21,-121.54,27.39,29.95,31.87,28.57,30.85,33.44,30.45,32.49,36.04
2066-01-01,54.21,-121.54,27.52,29.96,32.10,28.10,30.04,33.43,29.67,33.93,37.54
2067-01-01,54.21,-121.54,26.94,30.08,33.10,28.45,30.55,34.25,28.31,32.74,35.78
2068-01-01,54.21,-121.54,27.07,29.54,32.33,28.03,29.98,32.76,30.44,32.70,35.60
2069-01-01,54.21,-121.54,27.76,29.90,33.05,27.72,31.38,33.69,30.35,32.99,34.80
2070-01-01,54.21,-121.54,27.79,30.00,31.28,26.37,30.40,34.35,28.95,31.12,35.85
2071-01-01,54.21,-121.54,28.09,30.59,31.88,29.93,31.49,34.43,29.95,32.84,35.80
2072-01-01,54.21,-121.54,26.57,29.96,31.38,28.03,31.13,34.85,30.27,32.64,36.74
2073-01-01,54.21,-121.54,26.61,29.29,32.01,28.30,30.34,34.14,30.61,32.25,37.46
2074-01-01,54.21,-121.54,28.47,30.04,32.49,27.74,31.31,34.86,29.56,31.94,34.51
2075-01-01,54.21,-121.54,27.69,29.41,33.03,27.40,30.92,33.58,27.75,32.20,36.46
2076-01-01,54.21,-121.54,27.05,29.54,32.70,28.09,31.05,34.15,30.70,33.15,37.09
2077-01-01,54.21,-121.54,27.57,29.61,33.40,28.21,30.50,33.30,30.18,33.90,36.72
2078-01-01,54.21,-121.54,27.52,29.04,32.65,27.96,31.65,34.74,30.18,33.00,36.69
2079-01-01,54.21,-121.54,27.17,29.57,32.32,29.61,31.54,34.09,29.12,33.23,36.13
2080-01-01,54.21,-121.54,28.09,29.29,33.09,28.95,31.33,34.22,29.93,33.65,37.02
2081-01-01,54.21,-121.54,27.71,29.90,33.19,28.39,30.64,33.43,29.32,33.92,39.16
2082-01-01,54.21,-121.54,28.09,30.19,32.10,28.32,31.07,34.18,30.99,33.44,37.48
2083-01-01,54.21,-121.54,27.33,30.23,32.43,28.15,30.39,33.21,29.82,34.38,38.38
2084-01-01,54.21,-121.54,27.41,28.72,30.98,28.45,31.85,34.30,29.96,34.12,36.86
2085-01-01,54.21,-121.54,26.44,29.46,32.47,28.16,30.66,33.52,31.16,34.73,38.78
2086-01-01,54.21,-121.54,27.42,29.82,33.19,29.28,31.52,33.54,31.75,34.46,37.68
2087-01-01,54.21,-121.54,27.20,29.32,31.89,27.91,30.63,34.31,30.83,34.61,37.31
2088-01-01,54.21,-121.54,27.55,30.34,32.28,28.62,30.48,33.55,31.99,33.69,36.87
2089-01-01,54.21,-121.54,26.70,30.13,32.62,29.04,32.20,33.81,31.14,34.67,37.97
2090-01-01,54.21,-121.54,27.01,29.16,31.46,28.59,31.40,33.44,32.49,34.56,37.74
2091-01-01,54.21,-121.54,27.77,30.27,33.48,27.76,31.17,33.96,32.04,35.83,38.35
2092-01-01,54.21,-121.54,26.59,30.20,33.34,28.69,31.51,33.70,32.34,35.35,38.83
2093-01-01,54.21,-121.54,28.00,30.06,32.80,28.18,30.56,33.44,32.71,35.23,37.79
2094-01-01,54.21,-121.54,26.40,29.04,32.56,29.54,32.26,33.94,31.06,34.75,38.22
2095-01-01,54.21,-121.54,26.78,29.39,31.27,28.93,31.69,33.43,31.16,36.07,38.91
2096-01-01,54.21,-121.54,26.84,29.88,32.12,29.51,31.82,33.66,30.02,35.36,38.46
2097-01-01,54.21,-121.54,27.47,29.63,33.41,28.30,31.32,34.61,31.96,36.17,39.21
2098-01-01,54.21,-121.54,26.46,29.19,31.96,30.32,31.79,35.30,30.99,36.35,38.99
2099-01-01,54.21,-121.54,26.98,28.70,32.97,29.02,31.82,35.50,32.50,35.23,39.22
2100-01-01,54.21,-121.54,27.20,29.62,33.00,28.11,31.26,35.15,31.15,35.72,38.83
